seqnames	strand	gene	Ref_Class	1h	2h	4h	6h	8h	12h	18h	24h	48h
NC_001491.2	+	ORF67	ORF67-Monocistronic-Short-novTX_2	0	0.000220458553791887	0.00142671407039223	0.00341924253597945	0.000516424557957287	0.000568888697908663	0.00277650114388286	0.000701459034792368	0.000971218347107895
NC_001491.2	+	ORF67	ORF67-Monocistronic-Short-novTX_3	0	0.000220458553791887	0.00142671407039223	0.00341924253597945	0.000516424557957287	0.000568888697908663	0.00277650114388286	0.000701459034792368	0.000971218347107895
NC_001491.2	+	ORF67	ORF67-Monocistronic-Short-novTX_321	0	0.000220458553791887	0.00142671407039223	0.00341924253597945	0.000516424557957287	0.000568888697908663	0.00277650114388286	0.000701459034792368	0.000971218347107895
NC_001491.2	+	ORF67	ORF67-Monocistronic-Short-novTX_323	0	0.000220458553791887	0.00142671407039223	0.00341924253597945	0.000516424557957287	0.000568888697908663	0.00277650114388286	0.000701459034792368	0.000971218347107895
NC_001491.2	+	ORF67	ORF67.1	0.333333333333333	0.499007936507937	0.493579786683235	0.484613408588092	0.497503669134738	0.497379614385981	0.487505744852527	0.496843434343434	0.495381501564999
NC_001491.2	+	ORFF43	ORFF43-Monocistronic-Short-novTX_263	0	0	0	0	0	0	0.666666666666667	0.666666666666667	0.333333333333333
NC_001491.2	+	NOIR	NOIR-Canonic	0	0.281730769230769	0.300925925925926	0.434101325405673	0.443269230769231	0.460792539334023	0.386375062845651	0.350198412698413	0.311538714477135
NC_001491.2	+	NOIR	NOIR-ORF65-PC-Canonic	0	0	0	0	0	0	0.0065359477124183	0	0
NC_001491.2	+	NOIR	TR27	0	0	0	0	0	0	0	0.00595238095238095	0.00565570873100035
NC_001491.2	+	NOIR	TR29	0	0	0	0	0	0	0	0.00595238095238095	0
NC_001491.2	+	NOIR	TR544	0	0.0128205128205128	0.101851851851852	0.020066889632107	0.00416666666666667	0.00990294953034285	0.00490196078431373	0.0212301587301587	0.00972074938140686
NC_001491.2	+	NOIR	TR545	0	0.192628205128205	0.0972222222222222	0.0458317849622197	0.0442307692307692	0.0234060666734925	0.0602061337355455	0.048015873015873	0.0611913980616045
NC_001491.2	+	NOIR	TR546	0	0.0128205128205128	0	0	0.00833333333333333	0.00462617983109786	0.027526395173454	0.0507936507936508	0.0658257088132054
NC_001491.2	+	NOIR	TR551	0	0	0	0	0	0	0.0177224736048265	0.0178571428571429	0.0421917515434002
NC_001491.2	+	ORF65	ORF65	0	0.0187017941998967	0.0120551330099039	0.054942991325716	0.0612081083421152	0.0431729024703014	0.0289123182651147	0.052050983436853	0.0756795093428757
NC_001491.2	+	ORF65	ORF65-L1	0	0	0	0	0.00140026372555938	0.0110051942307326	0.00305810397553517	0.0111607142857143	0.0236300003626736
NC_001491.2	+	ORF65	ORF65-Non-coding-intergenic-novTX_211	0	0.000768049155145929	0	0.00196282892719131	0	0.0011380925061897	0	0.00260416666666667	0.00183150183150183
NC_001491.2	+	ORF65	ORF65-Non-coding-novTX_203	0	0.000137117784176608	0.0011346718608554	0.00521618925107095	0.00126001200495747	0.001231549255408	0.00837937241659617	0.00483483907396951	0.00925053128023425
NC_001491.2	+	ORF65	ORF65-Non-coding-novTX_204	0	0.000137117784176608	0.0011346718608554	0.00521618925107095	0.00126001200495747	0.001231549255408	0.00837937241659617	0.00483483907396951	0.00925053128023425
NC_001491.2	+	ORF65	ORF65-Non-coding-novTX_205	0	0.000137117784176608	0.0011346718608554	0.00521618925107095	0.00126001200495747	0.001231549255408	0.00837937241659617	0.00483483907396951	0.00925053128023425
NC_001491.2	+	ORF65	ORF65-Non-coding-novTX_206	0	0.000137117784176608	0.0011346718608554	0.00521618925107095	0.00126001200495747	0.001231549255408	0.00837937241659617	0.00483483907396951	0.00925053128023425
NC_001491.2	+	ORF65	ORF65-Non-coding-novTX_207	0	0.000137117784176608	0.0011346718608554	0.00521618925107095	0.00126001200495747	0.001231549255408	0.00837937241659617	0.00483483907396951	0.00925053128023425
NC_001491.2	+	ORF65	ORF65-Non-coding-novTX_209	0	0.000137117784176608	0.0011346718608554	0.00521618925107095	0.00126001200495747	0.001231549255408	0.00837937241659617	0.00483483907396951	0.00925053128023425
NC_001491.2	+	ORF65	ORF65-Non-coding-novTX_269	0	0.000137117784176608	0.0011346718608554	0.00521618925107095	0.00126001200495747	0.001231549255408	0.00837937241659617	0.00483483907396951	0.00925053128023425
NC_001491.2	+	ORF65	ORF65-Non-coding-novTX_270	0	0.000137117784176608	0.0011346718608554	0.00521618925107095	0.00126001200495747	0.001231549255408	0.00837937241659617	0.00483483907396951	0.00925053128023425
NC_001491.2	+	ORF65	ORF65-Non-coding-novTX_304	0	0.000137117784176608	0.0011346718608554	0.00521618925107095	0.00126001200495747	0.001231549255408	0.00837937241659617	0.00483483907396951	0.00925053128023425
NC_001491.2	+	ORF65	ORF65-S	0	0.0050563236047107	0.021355296755214	0.0442315855242999	0.00923027306706615	0.00995593240526109	0.0335645558290445	0.00595238095238095	0.0128815628815629
NC_001491.2	+	ORF65	TR30	0	0	0	0	0	0	0	0.00595238095238095	0.00366300366300366
NC_001491.2	+	ORF65	TR561	0	0	0	0	0	0.00218818380743982	0	0.0104166666666667	0.00551485551485551
NC_001491.2	+	ORF65	TR562	0	0	0	0	0	0	0	0.00520833333333333	0.007004033736707
NC_001491.2	+	ORF65	TR564	0	0	0	0	0	0	0	0.00520833333333333	0.00185185185185185
NC_001491.2	+	ORF65	TR565	0	0.13310288962566	0.143653534618121	0.0741296146211896	0.107631592133087	0.086673950231727	0.0248845715656293	0.046098602484472	0.0456894224220957
NC_001491.2	+	ORF65	TR566	0	0.139757722774801	0.0746134179450842	0.0645097082644863	0.0733272435838979	0.0759184832862149	0.0203624972029537	0.00595238095238095	0.0184371184371184
NC_001491.2	+	ORF65	TR_5229-ORF65-ORF66-PC-Canonic	0	0	0	0	0	0	0	0.00595238095238095	0
NC_001491.2	+	ORF65	nct65-Canonic	0	0.00153609831029186	0.00360268066760575	0.0317228466151379	0.00253411218250412	0.00288964660583335	0.0289123182651147	0.015625	0.00881518554785882
NC_001491.2	+	ORF65	nct65-Long	0	0	0.0023861356554403	0.0120242539212263	0.0191800492342221	0.0380730049971793	0.151676692158179	0.203027950310559	0.111129849248661
NC_001491.2	+	ORF65	nct65-Short	0	0.00150829562594268	0.00728286169902326	0.0190759489579249	0.00227058574470646	0.00138685679840368	0.0572747335676271	0.0223214285714286	0.0198019801980198
NC_001491.2	+	ORF64	ORF64.1-L1	0	0	0	0	0.202380952380952	0.0878136200716846	0	0	0.166666666666667
NC_001491.2	+	ORF64	ORF64_2	0	0	0	0	0.130952380952381	0.406810035842294	0	0	0
NC_001491.2	+	ORF66	ORF66	0	0.166666666666667	0.166666666666667	0.5	0.5	0.5	0.5	0.5	0.5
NC_001491.2	+	CTO	CTO-S-AS	0	0	0	0	0.00245266274240628	0.000527704485488127	0.000803212851405623	0.00149476831091181	0
NC_001491.2	+	NOIR_1	NOIR_1-Non-coding-Long-novTX_195	0	0	0	0	0.333333333333333	0	0.333333333333333	0	0.666666666666667
NC_001491.2	+	ORF1	ORF1	0	1	1	1	0.977617956401669	0.96178544636159	0.990196078431373	0.911906108597285	0.937134502923977
NC_001491.2	+	ORF1	ORF1-ORF2-ORF3-CX-Canonic	0	0	0	0	0.0223820435983313	0.0330465949820789	0	0.0620757918552036	0.0323725981620718
NC_001491.2	+	ORF1	ORF1-ORF2-ORF3-CX-Long	0	0	0	0	0	0.00516795865633075	0.00980392156862745	0.0260180995475113	0.0304928989139515
NC_001491.2	+	ORF10	ORF10-ORF11-ORF12-PC-Canonic	0	0	0	0	0.0623015873015873	0.0151515151515152	0.0442834138486312	0.107873563218391	0.123888872905555
NC_001491.2	+	ORF10	ORF10-ORF11-PC-Canonic	0	1	1	1	0.937698412698413	0.970323928944619	0.955716586151369	0.892126436781609	0.866210136995435
NC_001491.2	+	ORF10	ORF9-ORF10-ORF11-CX-Canonic	0	0	0	0	0	0.0145245559038662	0	0	0.0099009900990099
NC_001491.2	+	ORF11	ORF11	0	0.383333333333333	0.252813852813853	0.568722402119517	0.8664710915536	0.784111027639311	0.528772329563377	0.561517071530884	0.743778008578078
NC_001491.2	+	ORF11	ORF11-ORF12-PC-Canonic	0	0	0	0	0	0.00291053713872506	0.00541299547666517	0.0104172479863088	0.00628930817610063
NC_001491.2	+	ORF11	ORF11-ORF12-PC-Short	0	0	0	0	0.031328688424398	0.0319776775193841	0.00948420636774262	0.0242014993396209	0.0642572763916022
NC_001491.2	+	ORF11	ORF11.5	0	0.616666666666667	0.747186147186147	0.431277597880483	0.102200220022002	0.181000757702579	0.456330468592215	0.403864181143187	0.185675406854219
NC_001491.2	+	ORF12	ORF12	0	0	0.333333333333333	0.96969696969697	0.969982078853047	0.970171509478653	0.976015629585328	0.96510891132031	0.976452908360372
NC_001491.2	+	ORF12	ORF12-L1	0	0	0	0	0.00694444444444444	0.00363890080767767	0.00640478549943903	0.00699023612407176	0.00304377590497189
NC_001491.2	+	ORF12	ORF12-L2	0	0	0.333333333333333	0	0.0123207885304659	0.0201585690794079	0.0142235799035993	0.0204942608084088	0.00740168701757528
NC_001491.2	+	ORF12	ORF12-Monocistronic-Long-novTX_193	0	0	0	0	0.0053763440860215	0.00258274477219222	0.0011037527593819	0.00120772946859903	0.00270856501760037
NC_001491.2	+	ORF12	ORF12-Monocistronic-Short-novTX_199	0	0	0	0.0303030303030303	0.0053763440860215	0.00229885057471264	0.0015015015015015	0	0.001426140666647
NC_001491.2	+	ORF12	ORF12-ORF13-ORF14-PC-Canonic	0	0	0	0	0	0.00114942528735632	0.000750750750750751	0.00619886227860994	0.00676378158918534
NC_001491.2	+	ORF13	ORF13-Multicistronic-Long-novTX_4	0	0.0833333333333333	0	0	0	0.00116959064327485	0	0.00110741971207087	0.00336700336700337
NC_001491.2	+	ORF13	ORF13-ORF14-PC-Canonic	0	0	0	0	0.119498910675381	0.406811630014002	0.549981419546637	0.651056632816779	0.734456381515205
NC_001491.2	+	ORF13	ORF13-ORF14-PC-Long	0	0.916666666666667	1	1	0.880501089324619	0.592018779342723	0.450018580453363	0.346728527759079	0.262176615117792
NC_001491.2	+	ORF14	ORF14	0	0.638888888888889	0.537037037037037	0.0739850312426794	0.327001623551901	0.320811283691913	0.214942696547193	0.339447158580413	0.348243036321466
NC_001491.2	+	ORF14	ORF14-L1	0	0	0	0	0	0.00156128024980484	0.00292397660818713	0	0.0105834402936342
NC_001491.2	+	ORF14	ORF14-L2	0	0	0	0.0026246719160105	0	0.00078064012490242	0.0087719298245614	0.00157232704402516	0.0052628050415661
NC_001491.2	+	ORF14	ORF14-L3	0	0	0	0	0.00132802124833997	0.00226542111970569	0.00704836524969381	0	0.0118267898194264
NC_001491.2	+	ORF14	ORF14-L4	0	0	0.037037037037037	0.00798158426917947	0.0084017645416192	0.0069197742222744	0.0388957831471884	0.0339875336927224	0.0360016090104586
NC_001491.2	+	ORF14	ORF14-L5	0	0	0	0	0.00321659537487444	0.00664389031125501	0	0.0109571540880503	0.0255338291378283
NC_001491.2	+	ORF14	ORF14-L6	0	0	0	0	0.00227230831160721	0.007501029691159	0.0202569530622673	0.0552911612758311	0.0274719088473057
NC_001491.2	+	ORF14	ORF14-L7	0	0	0.111111111111111	0.0156533114371632	0.00672081429224989	0.0194416585433049	0.104886001411295	0.179947214734951	0.0168884685536716
NC_001491.2	+	ORF14	ORF14-Monocistronic-Long-novTX_14	0	0	0	0.00147091415485633	0.00202767062323194	0.00141495792820642	0.00369914615479985	0.00488644750352971	0.0052131631794538
NC_001491.2	+	ORF14	ORF14-Monocistronic-Long-novTX_19	0	0	0	0.00147091415485633	0.00202767062323194	0.00141495792820642	0.00369914615479985	0.00488644750352971	0.0052131631794538
NC_001491.2	+	ORF14	ORF14-Monocistronic-Long-novTX_20	0	0	0	0.00147091415485633	0.00202767062323194	0.00141495792820642	0.00369914615479985	0.00488644750352971	0.0052131631794538
NC_001491.2	+	ORF14	ORF14-Monocistronic-Long-novTX_244	0	0	0	0.00147091415485633	0.00202767062323194	0.00141495792820642	0.00369914615479985	0.00488644750352971	0.0052131631794538
NC_001491.2	+	ORF14	ORF14-Monocistronic-Long-novTX_296	0	0	0	0.00147091415485633	0.00202767062323194	0.00141495792820642	0.00369914615479985	0.00488644750352971	0.0052131631794538
NC_001491.2	+	ORF14	ORF14-Monocistronic-Long-novTX_9	0	0	0	0.00147091415485633	0.00202767062323194	0.00141495792820642	0.00369914615479985	0.00488644750352971	0.0052131631794538
NC_001491.2	+	ORF14	ORF14-Monocistronic-Short-novTX_22	0	0.0833333333333333	0	0.00136612021857923	0.000664010624169987	0.000918582080412119	0	0.00130208333333333	0.00254452926208651
NC_001491.2	+	ORF14	ORF14-Monocistronic-Short-novTX_23	0	0.0833333333333333	0	0.00136612021857923	0.000664010624169987	0.000918582080412119	0	0.00130208333333333	0.00254452926208651
NC_001491.2	+	ORF14	ORF14-Putative mRNA-novTX_28	0	0.00694444444444444	0.0108024691358025	0.00761219097954286	0.00269120329251321	0.00341568571999496	0.0117817467076537	0.00729775007487272	0.0119113601051384
NC_001491.2	+	ORF14	ORF14-Putative mRNA-novTX_282	0	0.00694444444444444	0.0108024691358025	0.00761219097954286	0.00269120329251321	0.00341568571999496	0.0117817467076537	0.00729775007487272	0.0119113601051384
NC_001491.2	+	ORF14	ORF14-Putative mRNA-novTX_283	0	0.00694444444444444	0.0108024691358025	0.00761219097954286	0.00269120329251321	0.00341568571999496	0.0117817467076537	0.00729775007487272	0.0119113601051384
NC_001491.2	+	ORF14	ORF14-Putative mRNA-novTX_29	0	0.00694444444444444	0.0108024691358025	0.00761219097954286	0.00269120329251321	0.00341568571999496	0.0117817467076537	0.00729775007487272	0.0119113601051384
NC_001491.2	+	ORF14	ORF14-Putative mRNA-novTX_298	0	0.00694444444444444	0.0108024691358025	0.00761219097954286	0.00269120329251321	0.00341568571999496	0.0117817467076537	0.00729775007487272	0.0119113601051384
NC_001491.2	+	ORF14	ORF14-Putative mRNA-novTX_31	0	0.00694444444444444	0.0108024691358025	0.00761219097954286	0.00269120329251321	0.00341568571999496	0.0117817467076537	0.00729775007487272	0.0119113601051384
NC_001491.2	+	ORF14	ORF14-Putative mRNA-novTX_32	0	0.00694444444444444	0.0108024691358025	0.00761219097954286	0.00269120329251321	0.00341568571999496	0.0117817467076537	0.00729775007487272	0.0119113601051384
NC_001491.2	+	ORF14	ORF14-Putative mRNA-novTX_339	0	0.00694444444444444	0.0108024691358025	0.00761219097954286	0.00269120329251321	0.00341568571999496	0.0117817467076537	0.00729775007487272	0.0119113601051384
NC_001491.2	+	ORF14	ORF14-Putative mRNA-novTX_34	0	0.00694444444444444	0.0108024691358025	0.00761219097954286	0.00269120329251321	0.00341568571999496	0.0117817467076537	0.00729775007487272	0.0119113601051384
NC_001491.2	+	ORF14	ORF14-Putative mRNA-novTX_349	0	0.00694444444444444	0.0108024691358025	0.00761219097954286	0.00269120329251321	0.00341568571999496	0.0117817467076537	0.00729775007487272	0.0119113601051384
NC_001491.2	+	ORF14	ORF14-Putative mRNA-novTX_35	0	0.00694444444444444	0.0108024691358025	0.00761219097954286	0.00269120329251321	0.00341568571999496	0.0117817467076537	0.00729775007487272	0.0119113601051384
NC_001491.2	+	ORF14	ORF14-Putative mRNA-novTX_36	0	0.00694444444444444	0.0108024691358025	0.00761219097954286	0.00269120329251321	0.00341568571999496	0.0117817467076537	0.00729775007487272	0.0119113601051384
NC_001491.2	+	ORF14	ORF14.5	0	0.111111111111111	0.185185185185185	0.7953804698593	0.603242717558286	0.581344923747472	0.43499931057417	0.25441515049416	0.333670590932632
NC_001491.2	+	ORF17	as17-Canonic	0	0	0	0	0.0416666666666667	0.0526315789473684	0.253968253968254	0.198941798941799	0.185897435897436
NC_001491.2	+	ORF17	as17-Long-3	0	0	0	0	0	0.0175438596491228	0.0476190476190476	0.0703703703703704	0.280448717948718
NC_001491.2	+	ORF17	as17-Long1	0	0	0	0	0	0	0	0.037037037037037	0.0833333333333333
NC_001491.2	+	ORF17	as17-Long2	0	0	0	0	0	0.0277777777777778	0.0238095238095238	0.213227513227513	0.233974358974359
NC_001491.2	+	ORF19	ORF16-ORF17-ORF18-ORF19-CX-Canonic	0	0	0	0	0	0.0352611533244164	0	0.0763092090307606	0.0691358024691358
NC_001491.2	+	ORF19	ORF17-ORF18-ORF19-CX-Canonic	0	0	0	0	0	0.012699564586357	0.0158730158730159	0.0237440992038329	0.0198559670781893
NC_001491.2	+	ORF19	ORF17-ORF18-ORF19-CX-Short	0	0	0	0	0	0.0320607681872943	0	0.0385959594751066	0.0111111111111111
NC_001491.2	+	ORF19	ORF17-ORF18-ORF19-CX-Short-2	0	0	0	0	0	0.0383500763633949	0	0.0389482458134425	0.00823045267489712
NC_001491.2	+	ORF19	ORF18-ORF19-CX-Canonic	0	0	0	0	0	0.0416761528026789	0.0827067669172932	0.276768111838283	0.236316872427984
NC_001491.2	+	ORF19	ORF18-ORF19-CX-Long	0	0	0	0	0	0.0352658963924225	0.0175438596491228	0.0966527480328464	0.122427983539095
NC_001491.2	+	ORF19	ORF18-ORF19-CX-Short	0	0	0	0	0	0.00628930817610063	0.0158730158730159	0.0380655358939897	0.0174897119341564
NC_001491.2	+	ORF19	ORF18-ORF19-CX-Short-2	0	0	0	0	0	0.0385919728317065	0	0.0116959064327485	0.0157407407407407
NC_001491.2	+	ORF19	ORF19	0	0	1	0.977777777777778	0.965811965811966	0.58902975800867	0.340016708437761	0.123820006939376	0.146913580246914
NC_001491.2	+	ORF19	ORF19-L1	0	0	0	0.0222222222222222	0.0213675213675214	0.0542547691548801	0.162071846282373	0.0789347392881689	0.0664609053497942
NC_001491.2	+	ORF19	ORF19-L2	0	0	0	0	0	0.116520580172079	0.299081035923141	0.192449373794416	0.272942386831276
NC_001491.2	+	ORF19	ORF19-Putative mRNA-novTX_40	0	0	0	0	0.0128205128205128	0	0.0668337510442774	0.00401606425702811	0.0133744855967078
NC_001491.2	+	ORF23	ORF21-ORF22-ORF23-CX-Canonic	0	0	0	0	0	0.00911643457655728	0.0053763440860215	0.0056980056980057	0.00813008130081301
NC_001491.2	+	ORF23	ORF21-ORF22-ORF23-CX-Long	0	0	0	0	0.00396825396825397	0.00469049242055377	0	0	0
NC_001491.2	+	ORF23	ORF23	0	0.666666666666667	0	0.107253086419753	0.427922279247707	0.40865712338105	0.200713551549652	0.553642653642654	0.415876242095754
NC_001491.2	+	ORF23	ORF23-L1	0	0	0	0	0	0.00204498977505112	0	0	0.00378787878787879
NC_001491.2	+	ORF23	ORF23-Monocistronic-Long-novTX_299	0	0	0	0	0.0125566794558772	0.0067354821956049	0	0	0.00813008130081301
NC_001491.2	+	ORF23	ORF23-Putative mRNA-novTX_324	0	0	0	0.0146604938271605	0.00300352672169903	0.00323898248233627	0.00342610162344508	0.00158730158730159	0.008041115764693
NC_001491.2	+	ORF23	ORF23-Putative mRNA-novTX_344	0	0	0	0.0146604938271605	0.00300352672169903	0.00323898248233627	0.00342610162344508	0.00158730158730159	0.008041115764693
NC_001491.2	+	ORF23	ORF23-Putative mRNA-novTX_52	0	0	0	0.0146604938271605	0.00300352672169903	0.00323898248233627	0.00342610162344508	0.00158730158730159	0.008041115764693
NC_001491.2	+	ORF23	ORF23.5	0	0	0.666666666666667	0.848765432098765	0.546542207163065	0.559038530204174	0.783631799493991	0.435897435897436	0.539952369220662
NC_001491.2	+	ORF24	ORF24	0	0	0	0	0.0121212121212121	0.0320545866478437	0	0.00980392156862745	0.0208333333333333
NC_001491.2	+	ORF24	ORF24-Putative mRNA-novTX_56	0	0	0	0	0	0.00943396226415094	0.0128205128205128	0	0.027122641509434
NC_001491.2	+	ORF24	ORF24.5	0	0	0	0.0673400673400673	0.0429292929292929	0.0180430972265182	0.154144305307096	0.0783006535947712	0.153120464441219
NC_001491.2	+	ORF24	ORF24.6	0	0	0.333333333333333	0.712121212121212	0.743939393939394	0.719845556375096	0.539952295766249	0.737516339869281	0.561230043541364
NC_001491.2	+	ORF24	ORF24.7	0	0	0	0.0673400673400673	0.0848484848484849	0.119118809499261	0.0796064400715564	0.0209150326797386	0.113298258345428
NC_001491.2	+	ORF24	ORF24.8	0	0	0	0.134680134680135	0.0964646464646465	0.0835230171759711	0.205724508050089	0.140130718954248	0.111574746008708
NC_001491.2	+	ORF27	ORF27-ORF28-ORF29-ORF30-ORF3-CX-Canonic1	0	0	0	0	0	0	0	0.0303030303030303	0
NC_001491.2	+	ORF28	ORF25-ORF26-ORF27-ORF28-ORF29-CX	0	0	0	0	0.0256410256410256	0.0351851851851852	0	0.0555555555555556	0
NC_001491.2	+	ORF28	ORF28-Multicistronic-Short-novTX_57	0	0	0	0	0.0333333333333333	0.0401515151515152	0.333333333333333	0	0.0555555555555556
NC_001491.2	+	ORF28	ORF28-ORF29-PC-Canonic	0	0	0.333333333333333	0.666666666666667	0.815384615384615	0.812205387205387	0.666666666666667	0.833333333333333	0.833333333333333
NC_001491.2	+	ORF28	ORF28-ORF29-PC-Short	0	0	0	0	0.125641025641026	0.112457912457912	0	0.111111111111111	0.111111111111111
NC_001491.2	+	ORF29	ORF29	0	1	1	1	1	1	0.99825479930192	0.9933340919004	0.992647058823529
NC_001491.2	+	ORF29	ORF29-ORF30-ORF31-CX-Canonic	0	0	0	0	0	0	0.00174520069808028	0.00666590809959986	0.00735294117647059
NC_001491.2	+	ORF3	ORF3	0	0.333333333333333	1	0.995614035087719	0.992915513243279	0.993623426382047	0.993399339933993	0.994350282485876	0.989583333333333
NC_001491.2	+	ORF3	ORF3-Monocistronic-Long-novTX_37	0	0	0	0.0043859649122807	0.00292397660818713	0.0028735632183908	0	0.00564971751412429	0
NC_001491.2	+	ORF3	ORF3-Monocistronic-Short-novTX_39	0	0	0	0	0.00199600798403194	0.00350301039956212	0.0066006600660066	0	0.0104166666666667
NC_001491.2	+	ORF3	ORF3-ORF4-ORF5-ORF6-ORF7-ORF8-ORF9-ORF10-ORF11-CX-Canonic	0	0	0	0	0.00216450216450216	0	0	0	0
NC_001491.2	+	ORF31	ORF31	0	1	1	0.995934959349594	0.997972972972973	0.990046359294527	0.959342355175688	0.966200555670029	0.950685140654223
NC_001491.2	+	ORF31	ORF31-L1	0	0	0	0	0.00202702702702703	0.00905224299670188	0.0406576448243115	0.0300541259779106	0.0297148746135349
NC_001491.2	+	ORF31	ORF31-Monocistronic-Long-novTX_66	0	0	0	0.0040650406504065	0	0.000901397708771473	0	0	0.00677506775067751
NC_001491.2	+	ORF31	ORF31-Monocistronic-Short-novTX_68	0	0	0	0	0	0	0	0.00187265917602996	0.0128249169815642
NC_001491.2	+	ORF31	ORF31-ORF32-ORF33-ORF34-PC-Canonic	0	0	0	0	0	0	0	0.00187265917602996	0
NC_001491.2	+	ORF32	ORF32-ORF33-ORF34-PC-Canonic	0	0	0.333333333333333	0	0.305050505050505	0.179224867204407	0.0833333333333333	0.0952380952380952	0.0666666666666667
NC_001491.2	+	ORF32	ORF32-ORF33-PC-Canonic	0	0	0	0	0.323232323232323	0.0434782608695652	0	0	0
NC_001491.2	+	ORF33	ORF33	0	0.333333333333333	1	0.683333333333333	0.416066066066066	0.299751347219815	0.317593252554051	0.243215116243769	0.248915204678363
NC_001491.2	+	ORF33	ORF33-L1	0	0	0	0	0.00900900900900901	0.00984889787198206	0	0.00170940170940171	0.00341666666666667
NC_001491.2	+	ORF33	ORF33-L2	0	0	0	0	0.00277777777777778	0.00350011205076489	0	0	0.00292397660818713
NC_001491.2	+	ORF33	ORF33-ORF34-ORF35-CX-Canonic	0	0	0	0	0.00277777777777778	0	0	0	0
NC_001491.2	+	ORF33	ORF33-ORF34-PC-Canonic	0	0	0	0.25	0.522779922779923	0.641211891940541	0.646689633325414	0.716359132224631	0.708964912280702
NC_001491.2	+	ORF33	ORF33-ORF34-PC-Long	0	0	0	0	0.0157550407550408	0.0158081917786216	0.00966183574879227	0.0143212485149497	0.0110906432748538
NC_001491.2	+	ORF33	ORF33-ORF34-PC-Long-1	0	0	0	0	0.0225010725010725	0.0179371563116059	0.0205907974974261	0.020528202294719	0.0175979532163743
NC_001491.2	+	ORF33	ORF33-ORF34-PC-Long-2	0	0	0	0.0666666666666667	0.00833333333333333	0.0119424028266693	0.00546448087431694	0.00386689901253008	0.0070906432748538
NC_001491.2	+	ORF34	ORF34	0	1	1	0.997900991927079	0.996130456931682	0.994720729236245	0.995730718590185	0.991079517693658	0.990209367824967
NC_001491.2	+	ORF35	as35	0	0	0	0.166666666666667	0.333333333333333	0	0	0	0
NC_001491.2	+	ORF38	ORF35.5-ORF35-ORF36-ORF37-ORF38-CX-Canonic	0	0	0	0	0.00505050505050505	0.011981422940327	0	0.0208232445520581	0.00833333333333333
NC_001491.2	+	ORF38	ORF36-ORF37-ORF38-CX-Canonic	0	0	0	0.0144927536231884	0.023152238497507	0.0157173852593373	0	0.0112994350282486	0.0151360544217687
NC_001491.2	+	ORF38	ORF36-ORF37-ORF38-CX-Short	0	0	0	0	0	0.00142450142450142	0	0.0395300869877141	0.0323582766439909
NC_001491.2	+	ORF38	ORF36-ORF37-ORF38-CX-Short-2	0	0	0	0	0	0.00773627453850057	0.0162553858206032	0.0303470540758676	0.0201360544217687
NC_001491.2	+	ORF38	ORF37-ORF38-CX-Canonic	0	0	0	0	0.0216461288072541	0.0401058741170043	0.0707555381468425	0.168989328311362	0.139285714285714
NC_001491.2	+	ORF38	ORF37-ORF38-CX-Long	0	0	0	0	0	0.0321247633961675	0.00900900900900901	0.0300062774639046	0.0490249433106576
NC_001491.2	+	ORF38	ORF37-ORF38-CX-Long-1	0	0	0	0	0.0162184504895502	0.0203119511766772	0.00900900900900901	0.0356380593668729	0.0391609977324263
NC_001491.2	+	ORF38	ORF37-ORF38-CX-Long-2	0	0	0	0.0138888888888889	0.00241545893719807	0.0384081806384889	0.0713104408756583	0.185615639852928	0.0876190476190476
NC_001491.2	+	ORF38	ORF38	0	1	1	0.955745341614907	0.92034927277894	0.738552460192015	0.537515776646211	0.263563805936687	0.278151927437642
NC_001491.2	+	ORF38	ORF38-Monocistronic-Short-novTX_94	0	0	0	0.0158730158730159	0	0	0.0165056360708535	0	0.0112471655328798
NC_001491.2	+	ORF38	TR886	0	0	0	0	0.0111679454390452	0.0650035490574874	0.0675349262305784	0.0469374943951215	0.0594444444444444
NC_001491.2	+	ORF38	TR888	0	0	0	0	0	0.00228310502283105	0.0487661574618096	0.00740740740740741	0.0201360544217687
NC_001491.2	+	ORF38	TR889	0	0	0	0	0	0.00545316951566952	0.0255146450798625	0.0635099991032194	0.0505555555555556
NC_001491.2	+	ORF38	TR891	0	0	0	0	0	0.00545316951566952	0.0675349262305784	0.0225809344453412	0.0323582766439909
NC_001491.2	+	ORF38	TR894	0	0	0	0	0	0.0154441932053233	0.0602885494189842	0.073751233073267	0.157052154195011
NC_001491.2	+	ORF39	ORF39	0	0	0	0.5	0.957767722473605	0.915467269133871	0.569327731092437	0.929639804639805	0.711191626409018
NC_001491.2	+	ORF39	ORF39-L1	0	0	0	0	0	0.0104379581936609	0	0.0208333333333333	0.0144927536231884
NC_001491.2	+	ORF39	ORF39-L2	0	0	0	0	0	0.0165650882950461	0.122782446311858	0	0.0185185185185185
NC_001491.2	+	ORF39	ORF39.5	0	0	0	0.5	0.0422322775263952	0.0575296843774224	0.307889822595705	0.049526862026862	0.255797101449275
NC_001491.2	+	ORF40	ORF40-ORF41-ORF42-CX	0	0	0	0	0	0	0	0.00229885057471264	0
NC_001491.2	+	ORF41	ORF41-ORF42-ORF43-PC-Canonic	0	0	0	0	0.0740740740740741	0.0721247563352826	0	0.296605970519014	0.233333333333333
NC_001491.2	+	ORF41	ORF41-ORF42-ORF43-PC-Long	0	0	0	0	0	0.165071770334928	0	0.0515297906602254	0.0888888888888889
NC_001491.2	+	ORF41	ORF41-ORF42-ORF43-PC-Long-2	0	0	0	0	0.037037037037037	0.0087719298245614	0	0.0330112721417069	0.0666666666666667
NC_001491.2	+	ORF41	ORF41-ORF42-PC-Canonic	0	0	0.333333333333333	0.333333333333333	0.666666666666667	0.328814460393408	0.277777777777778	0.0586522977827326	0.15
NC_001491.2	+	ORF41	ORF41-ORF42-PC-Short	0	0	0	0	0.12962962962963	0.127680311890838	0.333333333333333	0.116623312275486	0.0833333333333333
NC_001491.2	+	ORF41	ORF41-ORF42-PC-Short-2	0	0	0	0	0.0925925925925926	0.297536771220982	0.388888888888889	0.443577356620835	0.377777777777778
NC_001491.2	+	ORF42	ORF42	0	0.519047619047619	0.85	0.880701754385965	0.835740894039735	0.789703151925757	0.76251385485102	0.639882662524959	0.646711588884776
NC_001491.2	+	ORF42	ORF42-L1	0	0	0	0	0.000595238095238095	0.000502508216571527	0.003003003003003	0.00212765957446809	0.000698812019566737
NC_001491.2	+	ORF42	ORF42-L2	0	0.314285714285714	0.0666666666666667	0.0850877192982456	0.0638038079470199	0.0440251862229558	0.0583188552537212	0.053719375443281	0.0457233244113746
NC_001491.2	+	ORF42	ORF42-Monocistronic-Long-novTX_104	0	0	0	0	0.000367917586460633	0.000285284664355442	0.000685871056241427	0	0.000350508236943568
NC_001491.2	+	ORF42	ORF42-ORF43-PC-Canonic	0	0.111111111111111	0	0.0342105263157895	0.0943787448754336	0.152071231635956	0.146318349000341	0.244874889375226	0.222903071739861
NC_001491.2	+	ORF42	ORF42-ORF43-PC-Long	0	0	0	0	0.00163690476190476	0.00330578926408332	0.0156094792110118	0.0344498132150397	0.0640630844892086
NC_001491.2	+	ORF42	ORF42-ORF43-PC-Long-2	0	0.0555555555555556	0.0833333333333333	0	0.00274065752128666	0.00737834758783045	0.0121788455121788	0.0183545378423857	0.018848593744382
NC_001491.2	+	ORF43	ORF43	0	0.333333333333333	1	0.992063492063492	0.982182687440094	0.976749902708432	0.9729815916826	0.967067134962718	0.958525727131126
NC_001491.2	+	ORF43	ORF43-L2	0	0	0	0	0	0	0	0.00289597408241476	0.0012853470437018
NC_001491.2	+	ORF43	ORF43-L3	0	0	0	0	0.00117370892018779	0.00494598247923757	0.00253156076224385	0.00352900429604624	0.00643734252346078
NC_001491.2	+	ORF43	ORF43-L4	0	0	0	0	0.0014367816091954	0.00243523900605278	0.00433705696863592	0.00409397604745867	0.00872465306912608
NC_001491.2	+	ORF43	ORF43-L5	0	0	0	0	0.00117370892018779	0.00755272374990685	0.00416956240024549	0.00621294935287265	0.00646442863666514
NC_001491.2	+	ORF43	ORF43-L6	0	0	0	0	0.00437415895971829	0.00227807172251617	0.00363903555392917	0.00271797428793594	0.00829620405455881
NC_001491.2	+	ORF43	ORF43-L7	0	0	0	0	0.00293737735052289	0.00108392122281011	0.00535159549717221	0.00434003430415654	0.00245946213169864
NC_001491.2	+	ORF43	ORF43-Monocistronic-Short-novTX_161	0	0	0	0.00793650793650794	0.00117370892018779	0	0.00200103391592753	0.000564971751412429	0.00203101311713137
NC_001491.2	+	ORF43	ORF43-ORF45-ORF46-PC-Canonic	0	0	0	0	0.00437415895971829	0.00389678606619139	0.00163800163800164	0.006424978378461	0.00374480917540044
NC_001491.2	+	ORF45	ORF45-ORF46-ORF48-ORF49-ORF50-ORF51-PC-Canonic	0	0	0	0	0.010752688172043	0.00258397932816537	0	0.0196078431372549	0.0196078431372549
NC_001491.2	+	ORF45	ORF45-ORF46-PC-Canonic	0	0	0	0.444444444444444	0.802297165200391	0.703340652413364	0.66031746031746	0.612745098039216	0.622394220846233
NC_001491.2	+	ORF45	ORF45-ORF46-PC-Long-1	0	0	0	0	0	0.0229941451607628	0	0.0446078431372549	0.0371517027863777
NC_001491.2	+	ORF45	ORF45-ORF46-PC-Long-2	0	0	0	0.222222222222222	0.128869338546758	0.243538883515333	0.292063492063492	0.323039215686275	0.320846233230134
NC_001491.2	+	ORF45	ORF45-ORF46-PC-Long-3	0	0	0	0	0.0580808080808081	0.0275423395823749	0.0476190476190476	0	0
NC_001491.2	+	ORF46	ORF46	0	0.666666666666667	0.333333333333333	0.902777777777778	0.950559947299078	0.956651383920804	0.952286585365854	0.968748092534945	0.96760983028325
NC_001491.2	+	ORF46	ORF46-L1	0	0	0	0	0.0247200263504611	0.0257215115632414	0.0242039295392954	0.0195019227247757	0.0243074338207569
NC_001491.2	+	ORF46	ORF46-Monocistronic-Short-novTX_318	0	0	0	0	0.0150581906016689	0.00100704934541793	0.00753726287262873	0	0.00334401787826144
NC_001491.2	+	ORF46	ORF46-Non-coding-novTX_165	0	0	0	0.0972222222222222	0	0.00317460317460318	0.0159722222222222	0.0026246719160105	0.00194931773879142
NC_001491.2	+	ORF46	ORF46-ORF48-ORF49-ORF50	0	0	0	0	0	0.00174520069808028	0	0	0
NC_001491.2	+	ORF46	ORF46-ORF48-ORF49-ORF50-ORF51-PC-Canonic	0	0	0	0	0.00966183574879227	0.0106932019524354	0	0.00912531282426906	0.00278940027894003
NC_001491.2	+	ORF48	ORF48-ORF49-ORF50-ORF51-ORF52-ORF53-ORF54	0	0	0	0	0	0	0	0	0.00925925925925926
NC_001491.2	+	ORF48	ORF48-ORF49-ORF50-ORF51-PC-Canonic	0	0	0	0	0.0861111111111111	0.43733707575171	0.6003367003367	0.467316017316017	0.456552706552707
NC_001491.2	+	ORF48	ORF48-ORF49-ORF50-ORF51-PC-Long	0	0.333333333333333	0.333333333333333	0.166666666666667	0.551388888888889	0.190366498903084	0.0636363636363636	0.0508658008658009	0.0593110593110593
NC_001491.2	+	ORF48	ORF48-ORF49-ORF50-ORF51-PC-Long-1	0	0	0	0	0.0208333333333333	0.0993854045683314	0.100673400673401	0.2495670995671	0.131636881636882
NC_001491.2	+	ORF48	ORF48-ORF49-ORF50-ORF51-PC-Long-2	0	0	0.333333333333333	0.833333333333333	0.341666666666667	0.272911020776874	0.235353535353535	0.232251082251082	0.343240093240093
NC_001491.2	+	ORF49	ORF49-ORF50-ORF51-PC-Canonic	0	0.333333333333333	0.333333333333333	0.366666666666667	0.39281045751634	0.569264069264069	0.611111111111111	0.651851851851852	0.740740740740741
NC_001491.2	+	ORF49	ORF49-ORF50-ORF51-PC-Long	0	0	0.666666666666667	0.3	0.490522875816993	0.369408369408369	0.166666666666667	0.348148148148148	0.222222222222222
NC_001491.2	+	ORF50	ORF50-Multicistronic-Long-novTX_168	0	0.00529100529100529	0	0.00505050505050505	0.00545549838002668	0.00539321789321789	0.0288960458042584	0.0100042571306939	0
NC_001491.2	+	ORF50	ORF50-Multicistronic-Long-novTX_169	0	0.00529100529100529	0	0.00505050505050505	0.00545549838002668	0.00539321789321789	0.0288960458042584	0.0100042571306939	0
NC_001491.2	+	ORF50	ORF50-Multicistronic-Long-novTX_172	0	0.00529100529100529	0	0.00505050505050505	0.00545549838002668	0.00539321789321789	0.0288960458042584	0.0100042571306939	0
NC_001491.2	+	ORF50	ORF50-Multicistronic-Short-novTX_175	0	0	0	0.0224497126436782	0.0109485971329572	0.00903679653679654	0.013419216317767	0	0.0277668845315904
NC_001491.2	+	ORF50	ORF50-Multicistronic-Short-novTX_265	0	0	0	0.0224497126436782	0.0109485971329572	0.00903679653679654	0.013419216317767	0	0.0277668845315904
NC_001491.2	+	ORF50	ORF50-ORF51-Canonic	0	0.178571428571429	0.260814354727398	0.454610762800418	0.449840528494768	0.505808080808081	0.329844337090714	0.555656382335148	0.460152505446623
NC_001491.2	+	ORF50	ORF50-ORF51-PC-Long	0	0.0158730158730159	0.0144927536231884	0.040719696969697	0.0284146879111644	0.0296176046176046	0.0308641975308642	0	0.0416557734204793
NC_001491.2	+	ORF50	ORF50-ORF51-PC-Long-1	0	0	0	0.0693900208986416	0.0518265170458851	0.0141955266955267	0.311325818572195	0.0906432748538012	0.285860566448802
NC_001491.2	+	ORF50	ORF50-ORF51-PC-Long-2	0	0.78968253968254	0.724692891649413	0.375228578892372	0.431654577142188	0.416125541125541	0.214439076757917	0.323687571418969	0.156797385620915
NC_001491.2	+	ORF51	ORF51	0	0.666666666666667	1	0.984126984126984	0.888523391812866	0.849673202614379	0.944202266782912	0.839153439153439	0.894135802469136
NC_001491.2	+	ORF51	ORF51-Monocistronic-Long-novTX_180	0	0	0	0.00529100529100529	0.0371588693957115	0.0385076252723312	0.018599244405696	0.0536155202821869	0.0311728395061728
NC_001491.2	+	ORF51	ORF51-Monocistronic-Long-novTX_182	0	0	0	0.00529100529100529	0.0371588693957115	0.0385076252723312	0.018599244405696	0.0536155202821869	0.0311728395061728
NC_001491.2	+	ORF51	ORF51-Monocistronic-Long-novTX_291	0	0	0	0.00529100529100529	0.0371588693957115	0.0385076252723312	0.018599244405696	0.0536155202821869	0.0311728395061728
NC_001491.2	+	ORF51	ORF51-ORF52-ORF53-ORF54-CX-Canonic	0	0	0	0	0	0.0348039215686275	0	0	0.0123456790123457
NC_001491.2	+	ORF53	ORF52-ORF53-ORF54-CX-Canonic	0	0	0	0	0	0.0420321637426901	0	0	0
NC_001491.2	+	ORF53	ORF53-Canonic	0	0.316623376623377	0.39047619047619	0.5	0.111507936507937	0.131335282651072	0.130952380952381	0.0350877192982456	0.0175438596491228
NC_001491.2	+	ORF53	ORF53-ORF54-PC-Canonic	0	0.683376623376623	0.60952380952381	0.166666666666667	0.216666666666667	0.386695906432749	0.114285714285714	0.245908889871738	0.224764810577168
NC_001491.2	+	ORF53	ORF53.5	0	0	0	0.333333333333333	0.650992063492064	0.439936647173489	0.511904761904762	0.204629220109096	0.129862700228833
NC_001491.2	+	ORF53	TR1064	0	0	0	0	0	0	0.195238095238095	0.381173522040395	0.441456903127384
NC_001491.2	+	ORF53	TR1167	0	0	0	0	0.0208333333333333	0	0.0476190476190476	0.133200648680525	0.186371726417493
NC_001491.2	+	ORF54	ORF54	0	0	0	0.277777777777778	0.488477951635846	0.811706146793179	0.9636015698275	0.92570591606092	0.931676091656768
NC_001491.2	+	ORF54	ORF54-L1	0	0	0	0	0	0.00187265917602996	0	0.000125078173858662	0.00194002947899943
NC_001491.2	+	ORF54	ORF54-L2	0	0	0	0.0666666666666667	0.00900900900900901	0.00512726615600073	0.00385973556705264	0.00222889427035728	0.00240159022220252
NC_001491.2	+	ORF54	ORF54-L3	0	0	0.0238095238095238	0.0555555555555556	0.277809388335704	0.0775935424351339	0.00767084624594252	0.0071664208432833	0.00566903412692932
NC_001491.2	+	ORF54	ORF54-ORF55-ORF56-ORF57-ORF58-CX-Canonic	0	0	0	0	0	0.0873668093229707	0.00833862804337772	0.0460161213416335	0.0172309442343928
NC_001491.2	+	ORF54	ORF54-S	0	1	0.976190476190476	0.6	0.22470365101944	0.0148630584944823	0.0107201670102825	0.00126665055545605	0.00845588886136873
NC_001491.2	+	ORF54	TR1065	0	0	0	0	0	0.00147051762220302	0.00580905330584406	0.0127657817655952	0.0244649539629198
NC_001491.2	+	ORF54	TR1067	0	0	0	0	0	0	0	0.00365900467564005	0.00732248712989528
NC_001491.2	+	ORF57	ORF55-ORF56-ORF57-ORF58-CX-Canonic	0	0	0	0	0	0	0.0158730158730159	0.0087719298245614	0.0219387755102041
NC_001491.2	+	ORF57	ORF55-ORF56-ORF57-ORF58-CX-Long	0	0	0	0	0	0	0.00833333333333333	0.0254803675856307	0.0151360544217687
NC_001491.2	+	ORF57	ORF55-ORF56-ORF57-ORF58-CX-Long-1	0	0	0	0	0	0	0	0.0125661375661376	0.0138949196699957
NC_001491.2	+	ORF57	ORF55-ORF56-ORF57-ORF58-CX-Long-2	0	0	0	0	0	0	0	0.0171957671957672	0.00680272108843537
NC_001491.2	+	ORF57	ORF55-ORF56-ORF57-ORF58-CX-Short-1	0	0	0	0	0	0	0	0	0.00680272108843537
NC_001491.2	+	ORF57	ORF55-ORF56-ORF57-ORF58-CX-Short-2	0	0	0	0	0	0.00813008130081301	0.0190860215053763	0.00925925925925926	0.0272108843537415
NC_001491.2	+	ORF57	ORF55-ORF56-ORF57-ORF58-CX-Short-3	0	0	0	0	0	0.00813008130081301	0	0.00462962962962963	0.0166666666666667
NC_001491.2	+	ORF57	ORF55-ORF56-ORF57-ORF58-CX-Short-4	0	0	0	0	0	0	0.00833333333333333	0.0251322751322751	0.0154255319148936
NC_001491.2	+	ORF57	ORF55-ORF56-ORF57-ORF58-CX-Short-5	0	0	0	0	0	0	0	0.0125661375661376	0.00709219858156028
NC_001491.2	+	ORF57	ORF55-ORF56-ORF57-ORF58-CX-Short-6	0	0	0	0	0	0	0	0.00793650793650794	0.0151360544217687
NC_001491.2	+	ORF57	ORF56-ORF57-ORF58-CX-Canonic	0	0	0	0	0.0196078431372549	0.0579268292682927	0.0166666666666667	0.0393692564745196	0.0590136054421769
NC_001491.2	+	ORF57	ORF56-ORF57-ORF58-CX-Long	0	0	0	0	0	0	0.0508320532514081	0.0569131161236424	0.0277898393399913
NC_001491.2	+	ORF57	ORF56-ORF57-ORF58-CX-Short	0	0	0	0	0.0983115468409586	0.0567976513098464	0	0.0343915343915344	0.0212765957446809
NC_001491.2	+	ORF57	ORF56-ORF57-ORF58-CX-Short-1	0	0	0	0	0	0.0892050587172538	0.010752688172043	0	0.00680272108843537
NC_001491.2	+	ORF57	ORF56-ORF57-ORF58-CX-Short-2	0	0	0	0	0	0	0.0274193548387097	0.0334168755221387	0.0318027210884354
NC_001491.2	+	ORF57	ORF57	0	0.833333333333333	0.888888888888889	0.217460317460317	0.248366013071895	0.0718157181571816	0	0.0087719298245614	0.0154255319148936
NC_001491.2	+	ORF57	ORF57-ORF58-PC-Canonic	0	0	0	0	0.0566448801742919	0.0973351400180668	0.0405913978494624	0.126183514341409	0.167571283832682
NC_001491.2	+	ORF57	ORF57-ORF58-PC-Long-1	0	0	0	0	0	0.0625564588979223	0.0806707629288274	0.0464703425229741	0.0340136054421769
NC_001491.2	+	ORF57	ORF57-ORF58-PC-Long-2	0	0	0	0	0.0196078431372549	0.0462962962962963	0.102969790066564	0.121901977165135	0.0892024895064409
NC_001491.2	+	ORF57	ORF57-ORF58-PC-Long-3	0	0	0	0	0	0.00813008130081301	0.14062980030722	0.0798872180451128	0.0527898393399913
NC_001491.2	+	ORF57	ORF57-ORF58-PC-Short	0	0	0	0	0	0.016260162601626	0.170750128008193	0.0858395989974937	0.0672637139962368
NC_001491.2	+	ORF57	ORF57-ORF58-PC-Short-2	0	0.166666666666667	0.0555555555555556	0	0.0833333333333333	0.121612466124661	0.101664106502816	0.0524227234753551	0.0647814444926907
NC_001491.2	+	ORF57	ORF57-ORF58-PC-Short-3	0	0	0	0	0	0.04516711833785	0.080952380952381	0.073760790866054	0.115751194094659
NC_001491.2	+	ORF57	ORF57.5	0	0	0	0.461904761904762	0.279956427015251	0.239950316169828	0.0755504352278546	0.0656850459482038	0.0423469387755102
NC_001491.2	+	ORF57	ORF57.6	0	0	0.0555555555555556	0.198412698412698	0.174564270152505	0.0706865401987353	0.0489247311827957	0.0514480646059593	0.0580619481835287
NC_001491.2	+	ORF57	ORF57.7	0	0	0	0.122222222222222	0.0196078431372549	0	0	0	0
NC_001491.2	+	ORF58	ORF58	0	0	0	0.746794871794872	0.756772884592434	0.628227568354605	0.213220030435626	0.274506302659947	0.203013216990452
NC_001491.2	+	ORF58	ORF58-L1	0	0.166666666666667	0.333333333333333	0	0.0219596610574054	0.00860413686980934	0.00421257829266062	0.0114940324237574	0.00797299824752118
NC_001491.2	+	ORF58	ORF58-L2	0	0	0	0	0.00680272108843537	0.00712081294793253	0.0733487728505297	0.0293473803949579	0.0214063453936236
NC_001491.2	+	ORF58	ORF58-L3	0	0	0	0	0	0.00403769417853925	0.0250456694792058	0.0143402598662311	0.0119714263838804
NC_001491.2	+	ORF58	ORF58-L4	0	0	0	0.0256410256410256	0.12593984962406	0.176541230614691	0.0651374289043941	0.187936545727903	0.169446618676615
NC_001491.2	+	ORF58	ORF58.5	0	0.833333333333333	0.333333333333333	0.227564102564103	0.0885248836376656	0.154868745051015	0.582905248749506	0.241913680674047	0.389987723717218
NC_001491.2	+	ORF58	TR1063	0	0	0	0	0	0	0.00443490117179245	0.0396075552557438	0.0258930458126976
NC_001491.2	+	ORF58	TR1066	0	0	0	0	0	0	0.00151376131025406	0.00677706792940315	0.00842268495432205
NC_001491.2	+	ORF58	TR1068	0	0	0	0	0	0	0.000745712155108128	0.00181121560431905	0.00364734708557943
NC_001491.2	+	ORF58	TR1069	0	0	0	0	0	0	0	0.00593120202461102	0.00116014253945288
NC_001491.2	+	ORF58	TR1070	0	0	0	0	0	0	0.000768049155145929	0.00487634970393591	0.00393840805625205
NC_001491.2	+	ORF58	TR1071	0	0	0	0	0	0	0.000768049155145929	0.0125191240206517	0.00621591517138889
NC_001491.2	+	ORF58	TR1072	0	0	0	0	0	0	0.00834111082638933	0.126137190323135	0.0835397791708471
NC_001491.2	+	ORF58	TR1073	0	0	0	0	0	0	0.000461680517082179	0.0075334312130471	0.00709981533550332
NC_001491.2	+	ORF58	TR468	0	0	0	0	0	0.00210272661253053	0.00149142431021626	0.00543364681295716	0.000809061488673139
NC_001491.2	+	ORF58	TR524	0	0	0	0	0	0.0178263945593413	0.0144450851874543	0.0199928133363315	0.0448311065987665
NC_001491.2	+	ORF69	ORF69	0	0	0	0.0387878787878788	0.0129621657817956	0.0172161514274151	0	0.0303030303030303	0
NC_001491.2	+	ORF69	ORF69-ORF70-ORF71-PC-Canonic	0	0	0	0	0.0033003300330033	0	0	0	0
NC_001491.2	+	ORF69	ORF69-ORF70-PC-Canonic	0.333333333333333	1	1	0.961212121212121	0.983737504185201	0.982783848572585	1	0.96969696969697	1
NC_001491.2	+	ORF70	ORF70	0.666666666666667	1	0.753968253968254	0.825311141100615	0.953108378298707	0.968935096755054	0.910985089843252	0.881321634264835	0.848947283344446
NC_001491.2	+	ORF70	ORF70-L1	0	0	0.150793650793651	0.0944669365721997	0.0199853818033714	0.0212260157691405	0.0640982753493904	0.0708334357411458	0.114061142429937
NC_001491.2	+	ORF70	ORF70-L2	0	0	0.0952380952380952	0.0441595441595442	0.0249794576243188	0.00561438838929204	0	0.00929589849883801	0.0120931078377887
NC_001491.2	+	ORF70	ORF70-Monocistronic-Short-novTX_214	0	0	0	0.0360623781676413	0	0.00048030739673391	0.00862590799031477	0.00866233549891721	0
NC_001491.2	+	ORF70	ORF70-ORF71-ORF72-ORF73-PC-Canonic	0	0	0	0	0.00192678227360308	0.00256799006896773	0	0	0
NC_001491.2	+	ORF71	ORF71	0	0	0	0	0.333333333333333	0.669690069576218	0.382239382239382	0.697207985456132	0.625043741429044
NC_001491.2	+	ORF71	ORF71-Non-coding-novTX_219	0	0	0	0	0	0.00444444444444444	0.00600600600600601	0.00171821305841924	0
NC_001491.2	+	ORF71	ORF71-ORF72-ORF73-PC-Canonic	0	0	0	0	0.25	0.160543959519292	0.018993018993019	0.137534951072268	0.216006998628647
NC_001491.2	+	ORF71	ORF71.5	0	0	0.333333333333333	1	0.416666666666667	0.165321526460046	0.592761592761593	0.16353885041318	0.158949259942309
NC_001491.2	+	ORF72	ORF72-ORF73-ORF74-ORF75-PC-Canonic	0	0	0	0	0	0.00246913580246914	0	0	0
NC_001491.2	+	ORF72	ORF72-ORF73-PC-Canonic	0	0	0	0.333333333333333	0.725757575757576	0.912155202821869	0.869012903696143	0.967510424331616	0.952622508047181
NC_001491.2	+	ORF72	ORF72-ORF73-PC-Long	0	0	0	0	0	0.0017636684303351	0.00757575757575758	0	0.00516400822164467
NC_001491.2	+	ORF72	ORF72-ORF73-PC-Long-1	0	0	0	0	0	0.00709700176366843	0	0.00718518518518519	0.0159754542525513
NC_001491.2	+	ORF72	ORF72-ORF73-PC-Long-2	0	0.333333333333333	0	0	0.210606060606061	0.0335520282186949	0.0095350052246604	0.00441501103752759	0
NC_001491.2	+	ORF72	ORF72-ORF73-PC-Long-3	0	0	0	0	0	0.0017636684303351	0.0155038759689922	0.0022075055187638	0.00540572301545332
NC_001491.2	+	ORF72	ORF72-ORF73-PC-Long-4	0	0	0	0	0.0333333333333333	0.0113298059964727	0.0481185147384025	0	0.00315955766192733
NC_001491.2	+	ORF72	ORF72-ORF73-PC-Long-5	0	0	0	0	0	0	0.0347500668270516	0.0119558498896247	0.00157977883096367
NC_001491.2	+	ORF73	ORF73	0	0.333333333333333	0.333333333333333	0.974358974358974	0.957726400180668	0.953002121523432	0.637193953587396	0.88482905982906	0.844031925387858
NC_001491.2	+	ORF73	ORF73-L1	0	0	0	0	0	0.0106151645659425	0.0641757149953871	0.0426739926739927	0.0573311810599946
NC_001491.2	+	ORF73	ORF73-Monocistronic-Short-novTX_223	0	0	0	0	0.00462962962962963	0.0106534281638686	0.0246753246753247	0	0.0153439153439153
NC_001491.2	+	ORF73	ORF73-Putative mRNA-novTX_224	0	0	0	0.00512820512820513	0.00752879403794038	0.00514585714935142	0.0547910013483784	0.0144993894993895	0.0166585956416465
NC_001491.2	+	ORF73	ORF73-Putative mRNA-novTX_225	0	0	0	0.00512820512820513	0.00752879403794038	0.00514585714935142	0.0547910013483784	0.0144993894993895	0.0166585956416465
NC_001491.2	+	ORF73	ORF73-Putative mRNA-novTX_226	0	0	0	0.00512820512820513	0.00752879403794038	0.00514585714935142	0.0547910013483784	0.0144993894993895	0.0166585956416465
NC_001491.2	+	ORF73	ORF73-Putative mRNA-novTX_229	0	0	0	0.00512820512820513	0.00752879403794038	0.00514585714935142	0.0547910013483784	0.0144993894993895	0.0166585956416465
NC_001491.2	+	ORF73	ORF73-Putative mRNA-novTX_316	0	0	0	0.00512820512820513	0.00752879403794038	0.00514585714935142	0.0547910013483784	0.0144993894993895	0.0166585956416465
NC_001491.2	+	ORF74	ORF74-ORF75-ORF76-ORF67-PC-Canonic	0	0	0	0	0.00641025641025641	0.0178365945232512	0	0	0.0303030303030303
NC_001491.2	+	ORF74	ORF74-ORF75-PC-Canonic	0	1	0.666666666666667	1	0.979405346426623	0.972427247914504	1	0.971428571428571	0.899286987522282
NC_001491.2	+	ORF75	ORF75	0.333333333333333	0.995305164319249	0.985915492957746	0.978143355185758	0.988517201242967	0.985940589871303	0.944588335298579	0.986666666666667	0.964075630252101
NC_001491.2	+	ORF75	ORF75-Monocistronic-Long-novTX_230	0	0	0	0.000542888165038002	0.000657048051726544	0.00132187007603397	0.0019723865877712	0.00222222222222222	0.00122549019607843
NC_001491.2	+	ORF75	ORF75-Monocistronic-Long-novTX_231	0	0	0	0.000542888165038002	0.000657048051726544	0.00132187007603397	0.0019723865877712	0.00222222222222222	0.00122549019607843
NC_001491.2	+	ORF75	ORF75-Monocistronic-Short-novTX_232	0	0.000586854460093897	0.00176056338028169	0.00259635856052073	0.000915312514536461	0.000945430853270071	0.00643336144073476	0.000555555555555556	0.0029936974789916
NC_001491.2	+	ORF75	ORF75-Monocistronic-Short-novTX_233	0	0.000586854460093897	0.00176056338028169	0.00259635856052073	0.000915312514536461	0.000945430853270071	0.00643336144073476	0.000555555555555556	0.0029936974789916
NC_001491.2	+	ORF75	ORF75-Monocistronic-Short-novTX_235	0	0.000586854460093897	0.00176056338028169	0.00259635856052073	0.000915312514536461	0.000945430853270071	0.00643336144073476	0.000555555555555556	0.0029936974789916
NC_001491.2	+	ORF75	ORF75-Monocistronic-Short-novTX_236	0	0.000586854460093897	0.00176056338028169	0.00259635856052073	0.000915312514536461	0.000945430853270071	0.00643336144073476	0.000555555555555556	0.0029936974789916
NC_001491.2	+	ORF75	ORF75-Monocistronic-Short-novTX_237	0	0.000586854460093897	0.00176056338028169	0.00259635856052073	0.000915312514536461	0.000945430853270071	0.00643336144073476	0.000555555555555556	0.0029936974789916
NC_001491.2	+	ORF75	ORF75-Monocistronic-Short-novTX_275	0	0.000586854460093897	0.00176056338028169	0.00259635856052073	0.000915312514536461	0.000945430853270071	0.00643336144073476	0.000555555555555556	0.0029936974789916
NC_001491.2	+	ORF75	ORF75-Monocistronic-Short-novTX_305	0	0.000586854460093897	0.00176056338028169	0.00259635856052073	0.000915312514536461	0.000945430853270071	0.00643336144073476	0.000555555555555556	0.0029936974789916
NC_001491.2	+	ORF75	ORF75-Monocistronic-Short-novTX_328	0	0.000586854460093897	0.00176056338028169	0.00259635856052073	0.000915312514536461	0.000945430853270071	0.00643336144073476	0.000555555555555556	0.0029936974789916
NC_001491.2	+	ORF75	ORF75-ORF76-ORF67-PC-Canonic	0	0	0	0	0.00284620253728815	0.00385222315046876	0	0.00444444444444444	0.00952380952380952
NC_001491.2	+	ORF76	ORF76-ORF67-PC-Long	0	0.333333333333333	0	0	0.108333333333333	0.25	0	0.0416666666666667	0.0444444444444444
NC_001491.2	+	ORF76	ORF76-ORF67-PC-Short	0	0	0	0.4	0.503809523809524	0.353835978835979	0.466666666666667	0.875	0.633333333333333
NC_001491.2	+	ORF76	ORF76-ORF67.1-PC-Canonic	0	0	0	0.6	0.387857142857143	0.396164021164021	0.2	0.0833333333333333	0.322222222222222
NC_001491.2	+	ORF8	ORF7-ORF8-CX-Canonic	0	0	0	0.00694444444444444	0.0172113289760349	0.0616531165311653	0.00660278852650329	0.0282525625125873	0.0181506230810908
NC_001491.2	+	ORF8	ORF7-ORF8-CX-Long	0	0	0	0	0	0.00252525252525253	0	0.0289455273953	0.00691013247404225
NC_001491.2	+	ORF8	ORF8	0	0	0.666666666666667	0.974918300653595	0.940157804863687	0.781313131313131	0.81215958910818	0.705346826936327	0.742152473471922
NC_001491.2	+	ORF8	ORF8-L1	0	0	0	0	0.0106753812636166	0.0237866469573787	0.027189710440125	0.0613307045717133	0.0531767154929042
NC_001491.2	+	ORF8	ORF8-L2	0	0	0	0	0.0212801036330448	0.049150036954915	0.0346523970072892	0.048062348289715	0.0335641569156773
NC_001491.2	+	ORF8	ORF8-Monocistronic-Long-novTX_322	0	0	0	0	0.00185185185185185	0.000505050505050505	0	0.0016025641025641	0
NC_001491.2	+	ORF8	ORF8-Monocistronic-Long-novTX_331	0	0	0	0	0.00185185185185185	0.000505050505050505	0	0.0016025641025641	0
NC_001491.2	+	ORF8	ORF8-Monocistronic-Short-novTX_332	0	0	0	0.0181372549019608	0.00697167755991285	0.00516136979551614	0.00861973084195306	0.00203252032520325	0.00701754385964912
NC_001491.2	+	ORF8	ORF8-ORF9-ORF10-ORF11-CX-Short	0	0	0	0	0	0.00101010101010101	0	0.0097147581645308	0.00871822413175797
NC_001491.2	+	ORF8	TR34	0	0	0	0	0	0	0	0.00203252032520325	0.0203863007708906
NC_001491.2	+	ORF8	TR848	0	0	0	0	0	0	0.00411522633744856	0.00282485875706215	0.00350877192982456
NC_001491.2	+	ORF8	TR877	0	0	0	0	0	0.0205346144370535	0.0309156586105176	0.0299048133897245	0.0423897924330421
NC_001491.2	+	ORF8	TR878	0	0	0	0	0	0.00465631929046563	0.0205869219136217	0.0121275479378001	0.0111091572166827
NC_001491.2	+	ORF8	TR912	0	0	0	0	0	0.0169992609016999	0.018099359724567	0.0439973076393085	0.0284381940945917
NC_001491.2	+	ORF8	TR929	0	0	0	0	0	0.0227765459472777	0.0201163020400168	0.0153326761429283	0.0215280616205495
NC_001491.2	+	ORF8	TR930	0	0	0	0	0	0.00426213353042621	0.0169423154497781	0.00688989940746865	0.00294985250737463
NC_001491.2	-	ORF67	ORF67	0.333333333333333	0.499007936507937	0.493579786683235	0.484613408588092	0.497848509843647	0.497500387332841	0.487505744852527	0.496843434343434	0.49587753331103
NC_001491.2	-	ORF67	ORF67-Monocistronic-Short-novTX_736	0	0.000220458553791887	0.00142671407039223	0.00341924253597945	0.000516424557957287	0.000568888697908663	0.00277650114388286	0.000701459034792368	0.000971218347107895
NC_001491.2	-	ORF67	ORF67-Monocistronic-Short-novTX_737	0	0.000220458553791887	0.00142671407039223	0.00341924253597945	0.000516424557957287	0.000568888697908663	0.00277650114388286	0.000701459034792368	0.000971218347107895
NC_001491.2	-	ORF67	ORF67-Monocistronic-Short-novTX_752	0	0.000220458553791887	0.00142671407039223	0.00341924253597945	0.000516424557957287	0.000568888697908663	0.00277650114388286	0.000701459034792368	0.000971218347107895
NC_001491.2	-	ORF67	ORF67-Monocistronic-Short-novTX_756	0	0.000220458553791887	0.00142671407039223	0.00341924253597945	0.000516424557957287	0.000568888697908663	0.00277650114388286	0.000701459034792368	0.000971218347107895
NC_001491.2	-	NOIR	NOIR-2-canonic	0	0.281730769230769	0.300925925925926	0.434101325405673	0.443269230769231	0.460792539334023	0.386375062845651	0.350198412698413	0.311538714477135
NC_001491.2	-	NOIR	NOIR-ORF64-CX-Canonic	0	0	0	0	0	0.00254452926208651	0	0	0.00775193798449612
NC_001491.2	-	NOIR	TR162	0	0	0	0	0	0	0.0177224736048265	0.0178571428571429	0.0421917515434002
NC_001491.2	-	NOIR	TR166	0	0.0128205128205128	0	0	0.00833333333333333	0.00462617983109786	0.027526395173454	0.0507936507936508	0.0658257088132054
NC_001491.2	-	NOIR	TR167	0	0.192628205128205	0.0972222222222222	0.0458317849622197	0.0442307692307692	0.0234060666734925	0.0602061337355455	0.048015873015873	0.0611913980616045
NC_001491.2	-	NOIR	TR168	0	0.0128205128205128	0.101851851851852	0.020066889632107	0.00416666666666667	0.00990294953034285	0.00490196078431373	0.0212301587301587	0.00972074938140686
NC_001491.2	-	NOIR	TR5	0	0	0	0	0	0	0	0.00595238095238095	0
NC_001491.2	-	NOIR	TR7	0	0	0	0	0	0	0	0.00595238095238095	0.00565570873100035
NC_001491.2	-	ORF65	ORF65-Non-coding-novTX_639	0	0.000137117784176608	0.0011346718608554	0.00521618925107095	0.00126001200495747	0.001231549255408	0.00837937241659617	0.00483483907396951	0.00925053128023425
NC_001491.2	-	ORF65	ORF65-Non-coding-novTX_644	0	0.000137117784176608	0.0011346718608554	0.00521618925107095	0.00126001200495747	0.001231549255408	0.00837937241659617	0.00483483907396951	0.00925053128023425
NC_001491.2	-	ORF65	ORF65-Non-coding-novTX_645	0	0.000137117784176608	0.0011346718608554	0.00521618925107095	0.00126001200495747	0.001231549255408	0.00837937241659617	0.00483483907396951	0.00925053128023425
NC_001491.2	-	ORF65	ORF65-Non-coding-novTX_646	0	0.000137117784176608	0.0011346718608554	0.00521618925107095	0.00126001200495747	0.001231549255408	0.00837937241659617	0.00483483907396951	0.00925053128023425
NC_001491.2	-	ORF65	ORF65-Non-coding-novTX_647	0	0.000137117784176608	0.0011346718608554	0.00521618925107095	0.00126001200495747	0.001231549255408	0.00837937241659617	0.00483483907396951	0.00925053128023425
NC_001491.2	-	ORF65	ORF65-Non-coding-novTX_648	0	0.000137117784176608	0.0011346718608554	0.00521618925107095	0.00126001200495747	0.001231549255408	0.00837937241659617	0.00483483907396951	0.00925053128023425
NC_001491.2	-	ORF65	ORF65-Non-coding-novTX_649	0	0.000137117784176608	0.0011346718608554	0.00521618925107095	0.00126001200495747	0.001231549255408	0.00837937241659617	0.00483483907396951	0.00925053128023425
NC_001491.2	-	ORF65	ORF65-Non-coding-novTX_671	0	0.000137117784176608	0.0011346718608554	0.00521618925107095	0.00126001200495747	0.001231549255408	0.00837937241659617	0.00483483907396951	0.00925053128023425
NC_001491.2	-	ORF65	ORF65-Non-coding-novTX_716	0	0.000137117784176608	0.0011346718608554	0.00521618925107095	0.00126001200495747	0.001231549255408	0.00837937241659617	0.00483483907396951	0.00925053128023425
NC_001491.2	-	ORF65	ORF65-Non-coding-novTX_738	0	0.000137117784176608	0.0011346718608554	0.00521618925107095	0.00126001200495747	0.001231549255408	0.00837937241659617	0.00483483907396951	0.00925053128023425
NC_001491.2	-	ORF65	ORF65-Non-coding-short-novTX_634	0	0.000768049155145929	0	0.00196282892719131	0	0.0011380925061897	0	0.00260416666666667	0.00183150183150183
NC_001491.2	-	ORF65	ORF65.1	0	0.0202378925101885	0.0120551330099039	0.0576377329380293	0.0626823371117947	0.0439462976752511	0.0289123182651147	0.052050983436853	0.0756795093428757
NC_001491.2	-	ORF65	ORF65.1-L1	0	0	0	0	0.00140026372555938	0.0110051942307326	0.00305810397553517	0.0111607142857143	0.0254818522145255
NC_001491.2	-	ORF65	ORF65.1-S	0	0.0050563236047107	0.0205027818362029	0.0449706838243738	0.00923027306706615	0.00929847020933736	0.0335645558290445	0.00595238095238095	0.0128815628815629
NC_001491.2	-	ORF65	TR148	0.333333333333333	0.432927616869742	0.449230263853859	0.29013430027683	0.434508153407484	0.441942057882409	0.121000589390675	0.0788690476190476	0.119476379872419
NC_001491.2	-	ORF65	TR150	0	0.232981861065353	0.215028301988754	0.121189805004171	0.16369173340444	0.142768569912359	0.0426087045543958	0.0717520703933747	0.0604635371962105
NC_001491.2	-	ORF65	TR152	0	0	0	0	0	0.000773395204949729	0	0.00520833333333333	0.00515218188485515
NC_001491.2	-	ORF65	TR154	0	0	0	0	0	0.00218818380743982	0	0.0104166666666667	0.00551485551485551
NC_001491.2	-	ORF65	TR3	0	0	0	0	0	0.00281771419927714	0	0.00595238095238095	0.0106670373997107
NC_001491.2	-	ORF65	TR_5240-ORF65.1-ORF64.1-PC-Canonic	0	0	0	0	0	0	0	0.00595238095238095	0
NC_001491.2	-	ORF65	ncss65.1	0	0.00150829562594268	0.00728286169902326	0.0190759489579249	0.00227058574470646	0.00138685679840368	0.0572747335676271	0.0223214285714286	0.0198019801980198
NC_001491.2	-	ORF65	nct65.1-Canonic	0	0.00153609831029186	0.00360268066760575	0.0317228466151379	0.00253411218250412	0.00288964660583335	0.0289123182651147	0.015625	0.00881518554785882
NC_001491.2	-	ORF65	nct65.1-Long	0	0	0.0023861356554403	0.0120242539212263	0.0191800492342221	0.0380730049971793	0.151676692158179	0.203027950310559	0.111129849248661
NC_001491.2	-	ORF64	ORF64	0	0	0	0	0.130952380952381	0.417562724014337	0	0	0
NC_001491.2	-	ORF64	ORF64-L1	0	0	0	0	0.202380952380952	0.0878136200716846	0	0	0.166666666666667
NC_001491.2	-	ORF66	ORF66.1	0	0.166666666666667	0.166666666666667	0.5	0.5	0.5	0.5	0.5	0.5
NC_001491.2	-	CTO	CTO-L	0	0.0185185185185185	0.0270562770562771	0.00126262626262626	0.00411214889882263	0.00267957091704807	0.00172543265180324	0.00333487758938649	0.00200616423727079
NC_001491.2	-	CTO	CTO-Non-coding-short-novTX_464	0	0	0	0.0025214551530341	0.000552047997882624	0.000505101505975245	0.0019021392403784	0.000346141913752604	0.0018524985237145
NC_001491.2	-	CTO	CTO-Non-coding-short-novTX_465	0	0	0	0.0025214551530341	0.000552047997882624	0.000505101505975245	0.0019021392403784	0.000346141913752604	0.0018524985237145
NC_001491.2	-	CTO	CTO-Non-coding-short-novTX_467	0	0	0	0.0025214551530341	0.000552047997882624	0.000505101505975245	0.0019021392403784	0.000346141913752604	0.0018524985237145
NC_001491.2	-	CTO	CTO-Non-coding-short-novTX_701	0	0	0	0.0025214551530341	0.000552047997882624	0.000505101505975245	0.0019021392403784	0.000346141913752604	0.0018524985237145
NC_001491.2	-	CTO	CTO-S	0	0.962962962962963	0.945887445887446	0.984867471709577	0.986562799470535	0.99158764615054	0.985875254440792	0.990104766941552	0.985661349119652
NC_001491.2	-	NOIR_2	NOIR_2-Non-coding-long-novTX_685	0	0	0	0	0.333333333333333	0	0.333333333333333	0	0.5
NC_001491.2	-	NOIR_2	NOIR_2-Non-coding-short-novTX_731	0	0	0	0	0	0	0	0.333333333333333	0.166666666666667
NC_001491.2	-	ORF15	ORF15	0	0	0	1	1	0.998944246420955	0.997274878603779	0.997422060284144	0.996491418411062
NC_001491.2	-	ORF15	ORF15-L1	0	0	0	0	0	0.00105575357904471	0.00226830225218632	0.00230003513592414	0.00301181060036349
NC_001491.2	-	ORF16	ORF16-ORF15-PC-Canonic	0	0	0	0	0.5	0.900587631193312	0.830723134395105	0.831348334182614	0.790627882023377
NC_001491.2	-	ORF16	ORF16-ORF15-PC-Long	0	0	0	0	0.166666666666667	0.0033195804007227	0.00112612612612613	0.000640321400824314	0.00305078314900826
NC_001491.2	-	ORF16	ORF16-ORF15-PC-Short	0	0	0	0	0.333333333333333	0.0960927884059653	0.168150739478769	0.168011344416562	0.206321334827615
NC_001491.2	-	ORF17	ORF17	0	0.933333333333333	1	0.916666666666667	0.891025641025641	0.766081871345029	0.650793650793651	0.335978835978836	0.118589743589744
NC_001491.2	-	ORF17	ORF17-AT	0	0	0	0.0833333333333333	0.0673076923076923	0.0314327485380117	0.0238095238095238	0.0740740740740741	0.0512820512820513
NC_001491.2	-	ORF17	ORF17-ORF16-ORF15-PC-Canonic	0	0.0666666666666667	0	0	0	0.10453216374269	0	0.0703703703703704	0.0208333333333333
NC_001491.2	-	ORF17	ORF17-ORF18-ORF19-ORF20	0	0	0	0	0	0	0	0	0.0256410256410256
NC_001491.2	-	ORF18	ORF18	0	0.897130647130647	0.838344687181896	0.61405889214216	0.94659347698379	0.934764108361541	0.699041107671139	0.825430782594962	0.771225071225071
NC_001491.2	-	ORF18	ORF18-L1	0	0	0	0	0	0	0.0122291021671827	0.0166169154228856	0.0124786324786325
NC_001491.2	-	ORF18	ORF18-L2	0	0	0	0	0.000669344042838019	0	0.00392156862745098	0.0132835820895522	0.0182336182336182
NC_001491.2	-	ORF18	ORF18-L3	0	0	0	0	0.000547345374931582	0.00106878746960074	0	0.0188904682934534	0.0102564102564103
NC_001491.2	-	ORF18	ORF18-ORF17-ORF16-ORF15-PC-Canonic	0	0	0	0	0.00290951016498068	0.00255101849901113	0	0.00830845771144279	0.00222222222222222
NC_001491.2	-	ORF18	ORF18-ORF17-PC-Canonic	0	0.090964590964591	0.0262704565030146	0	0.00583944975303513	0.00952385925056288	0	0.00830845771144279	0.0260968660968661
NC_001491.2	-	ORF18	ORF18.5	0	0.0119047619047619	0.135384856315089	0.383415855332587	0.0428935283054925	0.0451805417009569	0.259177559912854	0.0975195451314854	0.142678062678063
NC_001491.2	-	ORF18	as18-Long	0	0	0	0	0.000547345374931582	0.00233807901018367	0.00231481481481481	0.00666666666666667	0.00507122507122507
NC_001491.2	-	ORF18	as18-canonic	0	0	0	0.00252525252525253	0	0.00457360570814396	0.0233158468065589	0.00497512437810945	0.0117378917378917
NC_001491.2	-	ORF2	ORF2	0	0	0.666666666666667	0.972686733556299	0.983019156171954	0.980756266470552	0.937860378538345	0.968253968253968	0.982293618487648
NC_001491.2	-	ORF2	ORF3-ORF2-CX-Canonic	0	0	0	0.0273132664437012	0.0129158031776396	0.0164092664092664	0.0508401864334068	0.0317460317460317	0.0177063815123517
NC_001491.2	-	ORF2	ORF3-ORF2-CX-Short	0	0	0	0	0.0040650406504065	0.00283446712018141	0.0112994350282486	0	0
NC_001491.2	-	ORF20	ORF20	0	1	0.982456140350877	0.956124447352517	0.990526754312767	0.98897297899794	0.980930193958363	0.991310160427808	0.964299922541062
NC_001491.2	-	ORF20	ORF20-L1	0	0	0.0175438596491228	0.0144746741237969	0.00241453042788843	0.00684567922947712	0.0165445535163845	0.00868983957219251	0.0234822550065741
NC_001491.2	-	ORF20	ORF20-Monocistronic-Long-novTX_396	0	0	0	0.00358413516308253	0.00163571422851148	0.00040551500405515	0.00126262626262626	0	0.00113378684807256
NC_001491.2	-	ORF20	ORF20-Monocistronic-Long-novTX_692	0	0	0	0.00358413516308253	0.00163571422851148	0.00040551500405515	0.00126262626262626	0	0.00113378684807256
NC_001491.2	-	ORF20	ORF20-Monocistronic-Short-novTX_394	0	0	0	0.0222326081975205	0.00378728680232134	0.00337031176447235	0	0	0.00497512437810945
NC_001491.2	-	ORF20	ORF20-ORF19-ORF18-ORF17-ORF16-ORF15-CX-Canonic	0	0	0	0	0	0	0	0	0.00497512437810945
NC_001491.2	-	ORF21	ORF21-Monocistronic-Long-novTX_404	0	0.0185185185185185	0.0151515151515152	0	0.00177304964539007	0.00147492625368732	0	0.0135338345864662	0
NC_001491.2	-	ORF21	ORF21-Monocistronic-Long-novTX_693	0	0.0185185185185185	0.0151515151515152	0	0.00177304964539007	0.00147492625368732	0	0.0135338345864662	0
NC_001491.2	-	ORF21	ORF21-ORF20-PC-Canonic	0	0.962962962962963	0.96969696969697	1	0.992124896380216	0.997050147492625	1	0.955388471177945	1
NC_001491.2	-	ORF21	ORF21-ORF20-PC-Long	0	0	0	0	0.00432900432900433	0	0	0.0175438596491228	0
NC_001491.2	-	ORF22	ORF22	0	1	1	0.965899403239557	0.975519346438483	0.955763664863766	0.964382309941521	0.95705819991329	0.921717067225851
NC_001491.2	-	ORF22	ORF22-L1	0	0	0	0.0341005967604433	0.0155420894747866	0.0162919094162775	0.0115009746588694	0.00484306930983331	0.00908494080519271
NC_001491.2	-	ORF22	ORF22-L2	0	0	0	0	0	0.00736888846090059	0.00636777128005198	0.005332841260322	0.016623091200486
NC_001491.2	-	ORF22	ORF22-L3	0	0	0	0	0.00158730158730159	0.0031130798572659	0.00297067901234568	0.000814995925020375	0.0101239077042856
NC_001491.2	-	ORF22	ORF22-L4	0	0	0	0	0	0.00405893398815542	0.00194931773879142	0.00610093094505343	0.00859176331499832
NC_001491.2	-	ORF22	ORF22-Monocistronic-Long-novTX_412	0	0	0	0	0.00137741046831956	0.000959763750461425	0.00148533950617284	0	0.001001001001001
NC_001491.2	-	ORF22	ORF22-ORF21-ORF20-PC-Canonic	0	0	0	0	0.00459644156279013	0.0100935689408895	0.00862370045484081	0.0188163940407392	0.0237732879429929
NC_001491.2	-	ORF22	ORF23-ORF22-CX-Canonic	0	0	0	0	0	0.00139042697182232	0.00123456790123457	0.00703356860574188	0.00808393980419171
NC_001491.2	-	ORF24	as24-AT	0	0	0	0.0185185185185185	0.0136363636363636	0.00628930817610063	0	0	0
NC_001491.2	-	ORF24	as24-Canonic	0	0	0	0	0.00606060606060606	0.0116916626350589	0.00775193798449612	0.0133333333333333	0.0128205128205128
NC_001491.2	-	ORF25	ORF25	0.666666666666667	1	1	0.993295283765668	0.998284930170515	0.999537633160554	0.999245897363985	0.999593793090921	0.998346003590549
NC_001491.2	-	ORF25	ORF25-Monocistronic-Long-novTX_696	0	0	0	0.00137986379811011	0.000315861419160527	0.000104513096017778	0.000129671884393053	8.42447006170162e-05	0.00012848623043746
NC_001491.2	-	ORF26	ORF26-Multicistronic-Long-novTX_747	0	0	0	0	0	0.000863557858376511	0.0111111111111111	0.00617283950617284	0.0087719298245614
NC_001491.2	-	ORF26	ORF26-Multicistronic-Long-novTX_785	0	0	0	0	0	0.000863557858376511	0.0111111111111111	0.00617283950617284	0.0087719298245614
NC_001491.2	-	ORF26	ORF26-Multicistronic-Short-novTX_720	0	0	0	0.010752688172043	0.00716374269005848	0.00455197447381517	0.0181818181818182	0	0.00606060606060606
NC_001491.2	-	ORF26	ORF26-ORF25-PC-Canonic	0	0.333333333333333	0	0.730286738351254	0.771743753322701	0.749800053946229	0.724747474747475	0.672699214365881	0.834851952014423
NC_001491.2	-	ORF26	ORF26-ORF25-PC-Long	0	0	0	0.0770609318996416	0.108067517278044	0.160320666424118	0.156818181818182	0.145622895622896	0.0810276679841897
NC_001491.2	-	ORF26	ORF26-ORF25-PC-Long-2	0	0	0.333333333333333	0.181899641577061	0.113024986709197	0.0836001894390847	0.078030303030303	0.169332210998878	0.060515914291658
NC_001491.2	-	ORF27	ORF27-Multicistronic-Short-novTX_740	0	0	0	0	0.0833333333333333	0.0811965811965812	0	0.037037037037037	0.104377104377104
NC_001491.2	-	ORF27	ORF27-ORF26-ORF25-PC-Canonic	0	0	0.333333333333333	0.333333333333333	0.25	0.344896933132227	0.616666666666667	0.414141414141414	0.304377104377104
NC_001491.2	-	ORF27	ORF27-ORF26-ORF25-PC-Long	0	0	0	0	0.0833333333333333	0.235461706049941	0.0833333333333333	0.141414141414141	0.201346801346801
NC_001491.2	-	ORF27	ORF27-ORF26-ORF25-PC-Long-2	0	0	0	0	0	0.107926931456343	0.0833333333333333	0.151515151515152	0.228619528619529
NC_001491.2	-	ORF27	ORF28-ORF27-ORF26-ORF25-CX-Canonic	0	0	0	0	0.5	0.185268979386626	0.15	0.0673400673400673	0.0976430976430976
NC_001491.2	-	ORF27	ORF29-ORF28-ORF27-ORF26-ORF25-CX-Canonic	0	0	0	0	0	0	0	0	0.0303030303030303
NC_001491.2	-	ORF27	as27	0	0	0	0	0.0833333333333333	0.0452488687782805	0.0666666666666667	0.158249158249158	0.0333333333333333
NC_001491.2	-	ORF30	ORF30	0	0.973161567364466	1	0.393518518518519	0.431944444444444	0.280909586056645	0.0436507936507936	0.0628654970760234	0.0954828853379578
NC_001491.2	-	ORF30	ORF30-L1	0	0	0	0	0.108333333333333	0.0769335511982571	0.0492063492063492	0.174853801169591	0.0836120401337793
NC_001491.2	-	ORF30	ORF30-Monocistronic-Long-novTX_437	0	0.0144927536231884	0	0.0787037037037037	0	0.00980392156862745	0	0	0.0128205128205128
NC_001491.2	-	ORF30	ORF30-Putative mRNA-novTX_433	0	0	0	0.111111111111111	0.0740740740740741	0	0.0158730158730159	0	0.0579710144927536
NC_001491.2	-	ORF30	ORF30.5	0	0.0123456790123457	0	0.12037037037037	0.103703703703704	0.197099673202614	0.298412698412698	0.159941520467836	0.129650274577811
NC_001491.2	-	ORF30	ORF30.6	0	0	0	0.296296296296296	0.281944444444444	0.425449346405229	0.592857142857143	0.60233918128655	0.620463272637186
NC_001491.2	-	ORF30	ORF31-ORF30-CX-Canonic	0	0	0	0	0	0.00980392156862745	0	0	0
NC_001491.2	-	ORF32	as32-Canonic	0	0	0	0.333333333333333	0.111111111111111	0.197062102432946	0.375	0.403174603174603	0.133333333333333
NC_001491.2	-	ORF32	as32-Long1	0	0	0	0	0	0.131385664633746	0	0.273015873015873	0.4
NC_001491.2	-	ORF32	as32-Long2	0	0	0	0	0.193939393939394	0.348973703193652	0.5	0	0.4
NC_001491.2	-	ORF32	as32-Long3	0	0	0	0	0	0.0725621352219818	0.0416666666666667	0.161904761904762	0
NC_001491.2	-	ORF32	as32-Long4	0	0	0	0	0.0666666666666667	0.0273132664437012	0	0.0666666666666667	0
NC_001491.2	-	ORF34	as34	0	0	0	0.00104950403646055	0.00118906325970777	0.00320092971529299	0.00223923465984001	0.00515037227808455	0.00505635656961361
NC_001491.2	-	ORF35.5	ORF35.5	0	0.666666666666667	1	0.990123706248176	0.980462917497986	0.978868445185693	0.988284128509937	0.991390347253893	0.985570815787287
NC_001491.2	-	ORF35.5	ORF35.5-ORF34-CX-Canonic	0	0	0	0.00987629375182416	0.0195370825020143	0.0211315548143065	0.0117158714900633	0.00860965274610737	0.0144291842127135
NC_001491.2	-	ORF35	ORF35	0	0	0	0	0	0.111111111111111	0.0303030303030303	0.361111111111111	0.321367521367521
NC_001491.2	-	ORF35	ORF35-L1	0	0	0	0	0	0.222222222222222	0.157575757575758	0.166666666666667	0.206267806267806
NC_001491.2	-	ORF35	ORF35-Monocistronic-Long-novTX_699	0	0	0	0	0	0.351851851851852	0.333333333333333	0.0972222222222222	0.0997150997150997
NC_001491.2	-	ORF35	ORF35-Monocistronic-Short-novTX_762	0	0	0	0.5	0.333333333333333	0.314814814814815	0.218181818181818	0.333333333333333	0.129344729344729
NC_001491.2	-	ORF35	ORF35-S	0	0	0	0	0	0	0.260606060606061	0.0416666666666667	0.243304843304843
NC_001491.2	-	ORF36	ORF36	0	0.333333333333333	0.888888888888889	0.96078431372549	0.858835200746965	0.726962014934665	0.816372863247863	0.628408917471417	0.646777366338539
NC_001491.2	-	ORF36	ORF36-L1	0	0	0	0.0196078431372549	0.0424253034547152	0.0812824669039903	0.0806623931623932	0.0473198676323676	0.0827530197797879
NC_001491.2	-	ORF36	ORF36-L2	0	0	0.111111111111111	0	0.00784313725490196	0.00679228900139347	0	0.00432900432900433	0.00647249190938511
NC_001491.2	-	ORF36	ORF36-ORF35-35.5-PC-Long	0	0	0	0	0.0228174603174603	0.0346890062870728	0.030849358974359	0.0413215256965257	0.0362322400512559
NC_001491.2	-	ORF36	ORF36-ORF35-ORF35.5-PC-Canonic	0	0	0	0.0196078431372549	0.068078898225957	0.134625759685612	0.0721153846153846	0.257932171994672	0.198100317483711
NC_001491.2	-	ORF36	ORF36-ORF35-ORF35.5-PC-Long	0	0	0	0	0	0.010049513122704	0	0.0086025086025086	0.0100567213000661
NC_001491.2	-	ORF36	ORF36-ORF35-ORF35.5-PC-Short	0	0	0	0	0	0.00559895006456256	0	0.0120860042735043	0.0196078431372549
NC_001491.2	-	ORF37	ORF37	0	0.5	0.75	0.892787524366472	0.627723311546841	0.30678581729036	0.563888888888889	0.29004329004329	0.333116883116883
NC_001491.2	-	ORF37	ORF37-Monocistronic-Short-novTX_460	0	0	0	0.0185185185185185	0	0	0	0	0.0101010101010101
NC_001491.2	-	ORF37	ORF37-Multicistronic-Short-novTX_459	0	0	0	0	0	0.00995024875621891	0	0.0151515151515152	0
NC_001491.2	-	ORF37	ORF37-ORF36-ORF35-ORF35.5-PC-Canonic	0	0	0	0	0.0612745098039216	0.144846420073545	0.0333333333333333	0.0454545454545454	0.161255411255411
NC_001491.2	-	ORF37	ORF37-ORF36-PC-canonic	0	0.166666666666667	0.25	0.0886939571150097	0.246949891067538	0.359281491095248	0.336111111111111	0.445021645021645	0.29025974025974
NC_001491.2	-	ORF37	ORF38-ORF37-CX-Canonic	0	0	0	0	0.0196078431372549	0.0141908212560386	0	0.0303030303030303	0
NC_001491.2	-	ORF37	ORF38-ORF37-CX-Short	0	0	0	0	0.00833333333333333	0.0241410700122576	0.0666666666666667	0	0.0577200577200577
NC_001491.2	-	ORF37	ORF38-ORF37-ORF36-CX-Canonic	0	0	0	0	0	0.0214371980676328	0	0.0151515151515152	0
NC_001491.2	-	ORF37	ORF38-ORF37-ORF36-CX-Long	0	0	0	0	0.0175925925925926	0.0430050832792559	0	0	0
NC_001491.2	-	ORF37	ORF39-ORF38-ORF37-CX-Canonic	0	0	0	0	0	0.038633823635446	0	0.11991341991342	0.0672438672438672
NC_001491.2	-	ORF37	ORF39-ORF38-ORF37-ORF36-CX-Canonic	0	0	0	0	0.00925925925925926	0.0208333333333333	0	0	0.0803030303030303
NC_001491.2	-	ORF37	ORF39-ORF38-ORF37-ORF36-ORF35-ORF35.5-PC-Canonic	0	0	0	0	0.00925925925925926	0.0168946932006633	0	0.038961038961039	0
NC_001491.2	-	ORF4	ORF4	0	1	1	1	0.95021645021645	0.937241973328581	0.903030303030303	0.574074074074074	0.907692307692308
NC_001491.2	-	ORF4	ORF4-ORF3-ORF2-CX-Long-2	0	0	0	0	0.00757575757575758	0	0.0303030303030303	0.0277777777777778	0.0333333333333333
NC_001491.2	-	ORF4	ORF4-ORF3-ORF2-CX-Long-3	0	0	0	0	0.00757575757575758	0.0180928054491273	0.0666666666666667	0.168518518518519	0.0333333333333333
NC_001491.2	-	ORF4	ORF4-ORF3-ORF2-CX-Long-4	0	0	0	0	0.00757575757575758	0.0269981288425555	0	0.103703703703704	0
NC_001491.2	-	ORF4	ORF4-ORF3-ORF2-Canonic	0	0	0	0	0.0270562770562771	0.0176670923797361	0	0.125925925925926	0.0256410256410256
NC_001491.2	-	ORF40	ORF40	0	0	0.666666666666667	0.977777777777778	0.787742504409171	0.561432302575407	0.545265780730897	0.372906950921608	0.446094936291015
NC_001491.2	-	ORF40	ORF40-AT	0	0	0	0	0.0137485970819304	0.023092118018745	0.0283997785160576	0.0281605366537251	0.0261421403578266
NC_001491.2	-	ORF40	ORF40-AT2	0	0	0	0.0222222222222222	0.134864518197852	0.300799974615257	0.246777408637874	0.374193449577676	0.25261768006866
NC_001491.2	-	ORF40	ORF40-AT3	0	0	0	0	0.00476190476190476	0.0219291768289177	0.00666666666666667	0.0263609700812485	0.0160972469795999
NC_001491.2	-	ORF40	ORF40-AT4	0	0	0	0	0	0.00477192657862886	0.0105426356589147	0.0100270317872376	0.0236366937347329
NC_001491.2	-	ORF40	ORF40-AT5	0	0	0	0	0.00854978354978355	0.0358023548296171	0.0720265780730897	0.0746659315245775	0.100780682643428
NC_001491.2	-	ORF40	ORF40-AT6	0	0	0	0	0.0123376623376623	0.0129568224405342	0	0.00772818121252498	0.0100448933782267
NC_001491.2	-	ORF40	ORF40-AT7	0	0	0	0	0	0.00113765642775882	0.00387596899224806	0.0119475904952254	0.0174159899650096
NC_001491.2	-	ORF40	ORF40-L1	0	0	0	0	0.024683341350008	0.0241273987865577	0.0601218161683278	0.0851922473140512	0.0995939790057437
NC_001491.2	-	ORF40	ORF40-L2	0	0	0	0	0.0133116883116883	0.0128126124708183	0.0263233665559247	0.00651825985741307	0.00757575757575758
NC_001491.2	-	ORF44	ORF44	0	0	0	0	0.0781499202551834	0.0232835820895522	0	0.0245249101181305	0
NC_001491.2	-	ORF44	ORF44-ORF46-ORF47-ORF48-ORF49-ORF50-PC-Canonic-ORF51	0	0	0	0	0	0	0	0.00564971751412429	0
NC_001491.2	-	ORF44	ORF44-S	0	0	0	0	0.0303030303030303	0	0	0	0.00641025641025641
NC_001491.2	-	ORF44	ORF44.5	0	0	0	0.281481481481481	0	0.0292175486205337	0.179148012481346	0.0420778284103203	0.0616391556083001
NC_001491.2	-	ORF44	ORF44.6	0	0	0.0833333333333333	0.214814814814815	0.117794486215539	0.296598824061511	0.460385293718627	0.272060671627927	0.340085230337685
NC_001491.2	-	ORF44	ORF44.7	0	0	0	0.037037037037037	0.0651629072681704	0.0414654002713704	0.0820784154117487	0.0893300112557235	0.122882727370806
NC_001491.2	-	ORF44	TR407	0	0	0.0833333333333333	0	0.240715424925951	0.0697241067390321	0.0569122235788902	0.0595105399468905	0.157837954471896
NC_001491.2	-	ORF44	TR409	0	0	0	0.133333333333333	0	0.0298236092265943	0.0158730158730159	0.0112994350282486	0.021505376344086
NC_001491.2	-	ORF44	TR412	0	0	0	0.111111111111111	0	0.0557847127996382	0.0551485551485551	0.130312319006874	0.115033984248571
NC_001491.2	-	ORF44	TR414	0	0	0	0	0	0.0299502487562189	0.00793650793650794	0.0506207039744725	0.0072463768115942
NC_001491.2	-	ORF44	TR416	0	0	0	0	0.0350877192982456	0.0762641338760742	0.0392755392755393	0.0391928662754483	0.021505376344086
NC_001491.2	-	ORF44	TR418	0	0.333333333333333	0.75	0.148148148148148	0.267145135566188	0.128891904115785	0.0189933523266857	0.0217601547388781	0.0072463768115942
NC_001491.2	-	ORF44	TR419	0	0	0	0	0.165641376167692	0.173640886476707	0.0472120472120472	0.163016752450579	0.0363937138130687
NC_001491.2	-	ORF44	TR421	0	0.333333333333333	0.0833333333333333	0.0740740740740741	0	0.00666666666666667	0	0.00709219858156028	0.00641025641025641
NC_001491.2	-	ORF44	TR423	0	0	0	0	0	0.0287381275440977	0.0185185185185185	0.0203176736714422	0.0287517531556802
NC_001491.2	-	ORF44	TR424	0	0	0	0	0	0.00995024875621891	0.0185185185185185	0.0632342173993815	0.067051461862121
NC_001491.2	-	ORF49	ORF49-Antisense-Long-novTX_512	0	0	0	0.125	0.0277777777777778	0.00757575757575758	0	0	0
NC_001491.2	-	ORF49	ORF49-Antisense-Long-novTX_706	0	0	0	0.125	0.0277777777777778	0.00757575757575758	0	0	0
NC_001491.2	-	ORF49	as49-48	0	0	0	0.0833333333333333	0.0611111111111111	0.0461760461760462	0.222222222222222	0	0.037037037037037
NC_001491.2	-	ORF52	ORF52	0	0	0	0.888888888888889	0.821829405162739	0.926339620418568	0.960743029278769	0.967896621074549	0.976918711495076
NC_001491.2	-	ORF52	ORF52-L1	0	0	0	0.0555555555555556	0.127946127946128	0.0358642332326543	0.0121964262285249	0.0117512639730815	0.00819315267821124
NC_001491.2	-	ORF52	ORF52-L2	0	0	0	0	0	0.00603632478632479	0.00260935281922445	0.00366447733047624	0.00192121155230139
NC_001491.2	-	ORF52	ORF52-L3	0	0	0	0	0.0151515151515152	0.0235777745646167	0.0144327583673459	0.0158901894560245	0.0115728205454514
NC_001491.2	-	ORF52	ORF52-Non-coding-novTX_770	0	0	0	0.0555555555555556	0	0	0.00305603181284628	0	0.000251572327044025
NC_001491.2	-	ORF52	ORF52-Putative mRNA-novTX_520	0	0	0	0	0	0.00115740740740741	0.00566538463207073	0	0.00033167495854063
NC_001491.2	-	ORF52	ORF53-ORF52-CX-Canonic	0	0	0	0	0.0350729517396184	0.00586723218302166	0	0.000398724082934609	0
NC_001491.2	-	ORF55	ORF55	0	0.333333333333333	0.666666666666667	0.886039886039886	0.862103174603175	0.632716049382716	0.383333333333333	0.333333333333333	0.114285714285714
NC_001491.2	-	ORF55	ORF55-L1	0	0	0	0.0769230769230769	0.137896825396825	0.164902998236332	0	0.25	0.59047619047619
NC_001491.2	-	ORF55	nct55	0	0	0	0.037037037037037	0	0.202380952380952	0.616666666666667	0.416666666666667	0.295238095238095
NC_001491.2	-	ORF56	ORF55-ORF56-PC-Canonic	0	0.333333333333333	0.666666666666667	0.666666666666667	0.314285714285714	0.471028971028971	0.333333333333333	0.433333333333333	0.644444444444444
NC_001491.2	-	ORF56	ORF56-ORF55-PC-Short	0	0	0	0	0.685714285714286	0.528971028971029	0	0.566666666666667	0.355555555555556
NC_001491.2	-	ORF59	ORF59	0	0.333333333333333	0.166666666666667	0.855951636439441	0.937701034367701	0.977501879628001	0.972342712123238	0.993372942975777	0.983818167861852
NC_001491.2	-	ORF59	ORF59-L1	0	0	0.166666666666667	0.0525849489264123	0.0318885552218886	0.00674774920490991	0.00397746014552024	0.00179640376904936	0.00230688227412513
NC_001491.2	-	ORF59	ORF59-L2	0	0	0.166666666666667	0.0128205128205128	0.0091358024691358	0.00413661367984978	0.00553952886253563	0.00169311390081441	0.00315532269989845
NC_001491.2	-	ORF59	ORF59-Non-coding-novTX_527	0	0	0	0.0128205128205128	0.00666666666666667	0.00271034525334442	0.00493153026494105	0.000752074713067823	0.00134681886397756
NC_001491.2	-	ORF59	ORF59-Putative mRNA-novTX_707	0	0	0.0333333333333333	0.0131644777986241	0.00292158825492159	0.00136248231905232	0.00214793287638891	0.000235573082179121	0.00152107527444478
NC_001491.2	-	ORF59	ORF59-Putative mRNA-novTX_708	0	0	0.0333333333333333	0.0131644777986241	0.00292158825492159	0.00136248231905232	0.00214793287638891	0.000235573082179121	0.00152107527444478
NC_001491.2	-	ORF59	ORF59-Putative mRNA-novTX_763	0	0	0.0333333333333333	0.0131644777986241	0.00292158825492159	0.00136248231905232	0.00214793287638891	0.000235573082179121	0.00152107527444478
NC_001491.2	-	ORF59	ORF59-Putative mRNA-novTX_774	0	0	0.0333333333333333	0.0131644777986241	0.00292158825492159	0.00136248231905232	0.00214793287638891	0.000235573082179121	0.00152107527444478
NC_001491.2	-	ORF59	ORF59-Putative mRNA-novTX_782	0	0	0.0333333333333333	0.0131644777986241	0.00292158825492159	0.00136248231905232	0.00214793287638891	0.000235573082179121	0.00152107527444478
NC_001491.2	-	ORF60	ORF60-ORF59-PC-Canonic	0	0.333333333333333	0	0.388888888888889	0.81711265884653	0.982311665746127	0.973445788571839	0.988440176472839	0.983751905174979
NC_001491.2	-	ORF60	ORF60-ORF59-PC-Long	0	0	0	0	0.0151515151515152	0.00315071980182832	0.00293578970049558	0.00343640407479552	0.00446971935904917
NC_001491.2	-	ORF60	ORF60-ORF59-PC-Long-1	0	0.111111111111111	0.222222222222222	0.111111111111111	0.0287451124144673	0.00276176608732035	0.00572478408612862	0.00283201744378012	0.00548255282105278
NC_001491.2	-	ORF60	ORF60-ORF59-PC-Long-2	0	0	0	0.166666666666667	0.0631720430107527	0.00575104239437184	0.00661255178061901	0.00212158136832317	0.00257929425755218
NC_001491.2	-	ORF60	ORF60-ORF59-PC-Long-3	0	0.222222222222222	0.111111111111111	0.333333333333333	0.0758186705767351	0.00602480597035245	0.0112810858609178	0.00316982064026179	0.00371652838736648
NC_001491.2	-	ORF61	ORF61-Multicistronic-Long-novTX_578	0	0	0.0101010101010101	0	0	0.0071110927984751	0.0508547008547009	0.0123456790123457	0.0159767610748003
NC_001491.2	-	ORF61	ORF61-Multicistronic-Short-novTX_574	0	0	0.00336700336700337	0.00308641975308642	0.00827910231419003	0.00217161830470054	0.033710407239819	0.00396825396825397	0.0373223363419442
NC_001491.2	-	ORF61	ORF61-Multicistronic-Short-novTX_575	0	0	0.00336700336700337	0.00308641975308642	0.00827910231419003	0.00217161830470054	0.033710407239819	0.00396825396825397	0.0373223363419442
NC_001491.2	-	ORF61	ORF61-Multicistronic-Short-novTX_709	0	0	0.00336700336700337	0.00308641975308642	0.00827910231419003	0.00217161830470054	0.033710407239819	0.00396825396825397	0.0373223363419442
NC_001491.2	-	ORF61	ORF61-ORF60-ORF59-PC-Canonic	0	1	0.97979797979798	0.990740740740741	0.97516269305743	0.986374052287423	0.848014077425842	0.975749559082892	0.872056229899367
NC_001491.2	-	ORF62	ORF62-ORF61-ORF60-ORF59-PC-Canonic	0	0	0.666666666666667	1	0.996969696969697	0.995391275887939	0.994448939230493	0.995801831473404	0.996398467168451
NC_001491.2	-	ORF62	ORF62-ORF61-ORF60-ORF59-PC-Long	0	0	0	0	0.00303030303030303	0.00460872411206155	0.00555106076950737	0.00419816852659653	0.00360153283154932
NC_001491.2	-	ORF63	ORF63	0	0.997267759562842	0.996415770609319	0.990740740740741	0.993464052287582	0.907955559159841	0.712962962962963	0.472222222222222	0.273477812177503
NC_001491.2	-	ORF63	ORF63-L1	0	0	0	0	0.0065359477124183	0.0819434307391489	0.203703703703704	0.527777777777778	0.68937048503612
NC_001491.2	-	ORF63	ORF63-Monocistronic-Short-novTX_710	0	0.00273224043715847	0.003584229390681	0.00925925925925926	0	0.0101010101010101	0.0833333333333333	0	0.0371517027863777
NC_001491.2	-	ORF68	ORF68-ORF67-PC-Canonic	0	0	0	1	0.857431457431457	0.7907451186411	0.796296296296296	0.698412698412698	0.709259259259259
NC_001491.2	-	ORF68	ORF68-ORF67-PC-Long	0	0	0	0	0.0561327561327561	0.0780601523509325	0.0925925925925926	0.0476190476190476	0.0833333333333333
NC_001491.2	-	ORF68	ORF69-ORF68-ORF67-CX-Canonic	0	0	0	0	0.0339105339105339	0.05142719551703	0.0555555555555556	0.0920634920634921	0.1
NC_001491.2	-	ORF68	ORF69-ORF68-ORF67-CX-Long	0	0	0	0	0	0.00354609929078014	0	0.117460317460317	0.062962962962963
NC_001491.2	-	ORF68	ORF69-ORF68-ORF67-CX-Long-2	0	0	0	0	0	0.0519963225636984	0.0555555555555556	0.0222222222222222	0.037037037037037
NC_001491.2	-	ORF68	ORF70-ORF69-ORF68-ORF67-CX	0	0	0	0	0.0525252525252525	0.0242251116364592	0	0.0222222222222222	0.00740740740740741
NC_001491.2	-	ORF70	as70-Canonic	0	0	0	0	0	0.00117620162081185	0.0162907268170426	0.025055778121868	0.0163514578408195
NC_001491.2	-	ORF70	as70-Short	0	0	0	0	0	0	0	0.00483091787439614	0.00854700854700855
NC_001491.2	-	ORF5	ORF5	0	0.9592411564236	0.970706231165549	0.977825702278257	0.965831445963896	0.9642304243794	0.727898550724638	0.625390749601276	0.658823529411765
NC_001491.2	-	ORF5	ORF5-L1	0	0	0	0	0.00657951320202976	0.0105248637837092	0.0994306418219462	0.165645933014354	0.161437908496732
NC_001491.2	-	ORF5	ORF5-L2	0	0	0	0	0.0022075055187638	0.00835707502374169	0.137939958592133	0.154162679425837	0.172331154684096
NC_001491.2	-	ORF5	ORF5-Monocistronic-Short-novTX_778	0	0.00209643605870021	0.00154320987654321	0	0	0	0	0	0
NC_001491.2	-	ORF5	ORF5-ORF4-PC-Canonic	0	0.0386624075176999	0.027750558957908	0.022174297721743	0.0253815353153101	0.0168876368131489	0.0347308488612836	0.0548006379585327	0.00740740740740741
NC_001491.2	-	ORF6	ORF6-ORF4-ORF3-ORF2-CX-Canonic	0	0	0	0	0	0.00702431178665646	0.00343642611683849	0.0121615988551472	0.00979096950478834
NC_001491.2	-	ORF6	ORF6-ORF5-ORF4-PC-Canonic	0	0	0	0	0.018881626724764	0.0251879772604071	0.0209785811796827	0.0425492120384593	0.0561810084460545
NC_001491.2	-	ORF6	ORF6-ORF5-PC-Long	0	0	0	0	0.0065359477124183	0.0136911451241566	0.00953951890034364	0.00458750727567932	0.0103701312646679
NC_001491.2	-	ORF6	ORF6-ORF5-PC-canonic	0.333333333333333	0	0	1	0.974582425562818	0.95409656582878	0.966045473803135	0.940701681830714	0.923657890784489
NC_001491.2	-	ORF7	ORF7-ORF6-ORF5-ORF4-PC-Canonic	0	0	0	0	0	0.114285714285714	0	0	0
NC_001491.2	-	ORF7	ORF7-ORF6-ORF5-PC-Canonic	0	0.666666666666667	0.666666666666667	0	1	0.885714285714286	0	0.333333333333333	0.333333333333333
NC_001491.2	-	ORF72	as72-AT	0	0	0	0	0.0303030303030303	0.00987654320987654	0.00775193798449612	0	0
NC_001491.2	-	ORF72	as72-Canonic	0	0	0	0	0	0.0199929453262787	0.00775193798449612	0.00672602403728232	0.0160929699702786
NC_001491.2	-	ORF74	as74	0	0	0	0	0.0141843971631206	0.00973615756224452	0	0.0285714285714286	0.0704099821746881
NC_001491.2	-	ORF9	ORF10-ORF9-CX-Canonic	0	0	0	0	0.00622735507246377	0.0640658901104229	0.0482628138974888	0.134056353003721	0.0948469692102969
NC_001491.2	-	ORF9	ORF10-ORF9-CX-Long	0	0	0	0	0.0112469806763285	0.0353551270085615	0.0560027519779842	0.0452312599681021	0.0431560592850915
NC_001491.2	-	ORF9	ORF10-ORF9-CX-Long-2	0	0	0	0	0	0.00157977883096367	0.0087719298245614	0.0116959064327485	0.0141482739105829
NC_001491.2	-	ORF9	ORF10-ORF9-CX-Long-3	0	0	0	0	0.00260416666666667	0.0405180947301649	0.0508771929824561	0.0985220627325891	0.144557120788021
NC_001491.2	-	ORF9	ORF11-ORF10-ORF9-CX-Long	0	0	0	0	0	0.0134110495630356	0.0320261437908497	0.0611802232854864	0.0375426360146224
NC_001491.2	-	ORF9	ORF12-ORF11-ORF10-ORF9-CX-Canonic	0	0	0	0	0	0.0145671971652869	0.0222222222222222	0.0191812865497076	0.0053763440860215
NC_001491.2	-	ORF9	ORF12-ORF11-ORF10-ORF9-CX-Short	0	0	0	0	0.00241545893719807	0.0122788410645528	0.0087719298245614	0.0969271664008506	0.010752688172043
NC_001491.2	-	ORF9	ORF13-ORF12-ORF11-ORF10-ORF9-ORF8-ORF7-ORF6-ORF5-PC-Canonic	0	0	0	0	0	0	0	0.00584795321637427	0
NC_001491.2	-	ORF9	ORF14-ORF13-ORF12-ORF11-ORF10-ORF9-CX-Canonic	0	0	0	0	0	0.00245098039215686	0	0	0.0053763440860215
NC_001491.2	-	ORF9	ORF9	0	1	1	1	0.977506038647343	0.795171674686772	0.631922944616443	0.348070175438596	0.4428562688325
NC_001491.2	-	ORF9	ORF9-ORF8-ORF7-ORF6-ORF5-CX-Canonic	0	0	0	0	0	0.00289855072463768	0	0	0.00900900900900901
NC_001491.2	-	ORF9	TR134	0	0	0	0	0	0.00806151844624106	0.0766425868593051	0.072876129718235	0.0587191605867327
NC_001491.2	-	ORF9	TR172	0	0	0	0	0	0.00245098039215686	0.0459236326109391	0.0585645933014354	0.122906437847015
NC_001491.2	-	ORF9	TR175	0	0	0	0	0	0.00315955766192733	0.0087719298245614	0.0478468899521531	0.010752688172043
NC_001491.2	-	ORF9	as9	0	0	0	0	0	0.00403075922312053	0.00980392156862745	0	0
