seqnames,strand,gene,score,support,CAGE_significance
NC_001491.2,+,CAGE_cluster_1,105.163529288,1,*
NC_001491.2,+,CAGE_cluster_10,302.909228319,2,*
NC_001491.2,+,CAGE_cluster_100,155.424308362,1,*
NC_001491.2,+,CAGE_cluster_1000,309.564999042,2,*
NC_001491.2,+,CAGE_cluster_1001,260.58783765,2,*
NC_001491.2,+,CAGE_cluster_1002,328.80212931,2,*
NC_001491.2,+,CAGE_cluster_1003,155.424308362,1,*
NC_001491.2,+,CAGE_cluster_1004,267.243608373,2,*
NC_001491.2,+,CAGE_cluster_1005,111.819300011,1,*
NC_001491.2,+,CAGE_cluster_1006,111.819300011,1,*
NC_001491.2,+,CAGE_cluster_1007,598827.546323734,9,***
NC_001491.2,+,CAGE_cluster_1008,197.745699031,1,*
NC_001491.2,+,CAGE_cluster_1009,1177.808266601,5,***
NC_001491.2,+,CAGE_cluster_101,49270.838652001,9,***
NC_001491.2,+,CAGE_cluster_1010,7209.714970452,7,***
NC_001491.2,+,CAGE_cluster_1011,11968.281660042,7,***
NC_001491.2,+,CAGE_cluster_1012,197.745699031,1,*
NC_001491.2,+,CAGE_cluster_1013,1734.781424529,4,**
NC_001491.2,+,CAGE_cluster_1014,302.909228319,2,*
NC_001491.2,+,CAGE_cluster_1015,8753.131636745,7,***
NC_001491.2,+,CAGE_cluster_1016,2360.237976993,5,***
NC_001491.2,+,CAGE_cluster_1017,2055.550648605,7,***
NC_001491.2,+,CAGE_cluster_1018,111.819300011,1,*
NC_001491.2,+,CAGE_cluster_1019,105.163529288,1,*
NC_001491.2,+,CAGE_cluster_102,111.819300011,1,*
NC_001491.2,+,CAGE_cluster_1020,453.514739229,1,*
NC_001491.2,+,CAGE_cluster_1021,111.819300011,1,*
NC_001491.2,+,CAGE_cluster_1022,651.26043826,2,*
NC_001491.2,+,CAGE_cluster_1023,197.745699031,1,*
NC_001491.2,+,CAGE_cluster_1024,216.982829299,2,*
NC_001491.2,+,CAGE_cluster_1025,155.424308362,1,*
NC_001491.2,+,CAGE_cluster_1026,111.819300011,1,*
NC_001491.2,+,CAGE_cluster_1027,197.745699031,1,*
NC_001491.2,+,CAGE_cluster_1028,105.163529288,1,*
NC_001491.2,+,CAGE_cluster_1029,197.745699031,1,*
NC_001491.2,+,CAGE_cluster_103,197.745699031,1,*
NC_001491.2,+,CAGE_cluster_1030,466.852265231,2,*
NC_001491.2,+,CAGE_cluster_1031,111.819300011,1,*
NC_001491.2,+,CAGE_cluster_1032,466.272925086,1,*
NC_001491.2,+,CAGE_cluster_1033,269.1065662,1,*
NC_001491.2,+,CAGE_cluster_1034,197.745699031,1,*
NC_001491.2,+,CAGE_cluster_1035,216.982829299,2,*
NC_001491.2,+,CAGE_cluster_1036,453.514739229,1,*
NC_001491.2,+,CAGE_cluster_1037,372.407137661,3,**
NC_001491.2,+,CAGE_cluster_1038,732.232915777,3,**
NC_001491.2,+,CAGE_cluster_1039,6134.170306508,8,***
NC_001491.2,+,CAGE_cluster_104,197.745699031,1,*
NC_001491.2,+,CAGE_cluster_1040,155.424308362,1,*
NC_001491.2,+,CAGE_cluster_1041,544.365813827,1,*
NC_001491.2,+,CAGE_cluster_1042,197.745699031,1,*
NC_001491.2,+,CAGE_cluster_1043,269.1065662,1,*
NC_001491.2,+,CAGE_cluster_1044,111.819300011,1,*
NC_001491.2,+,CAGE_cluster_1045,453.514739229,1,*
NC_001491.2,+,CAGE_cluster_1046,11075.494764475,9,***
NC_001491.2,+,CAGE_cluster_1047,105.163529288,1,*
NC_001491.2,+,CAGE_cluster_1048,197.745699031,1,*
NC_001491.2,+,CAGE_cluster_1049,421.384299053,2,*
NC_001491.2,+,CAGE_cluster_105,197.745699031,1,*
NC_001491.2,+,CAGE_cluster_1050,458.333536681,3,**
NC_001491.2,+,CAGE_cluster_1051,269.1065662,1,*
NC_001491.2,+,CAGE_cluster_1052,762.776506484,1,*
NC_001491.2,+,CAGE_cluster_1053,395.491398062,2,*
NC_001491.2,+,CAGE_cluster_1054,197.745699031,1,*
NC_001491.2,+,CAGE_cluster_1055,105.163529288,1,*
NC_001491.2,+,CAGE_cluster_1056,267.243608373,2,*
NC_001491.2,+,CAGE_cluster_1057,105.163529288,1,*
NC_001491.2,+,CAGE_cluster_1058,302.909228319,2,*
NC_001491.2,+,CAGE_cluster_1059,197.745699031,1,*
NC_001491.2,+,CAGE_cluster_106,105.163529288,1,*
NC_001491.2,+,CAGE_cluster_1060,111.819300011,1,*
NC_001491.2,+,CAGE_cluster_1061,269.1065662,1,*
NC_001491.2,+,CAGE_cluster_1062,111.819300011,1,*
NC_001491.2,+,CAGE_cluster_1063,105.163529288,1,*
NC_001491.2,+,CAGE_cluster_1064,105.163529288,1,*
NC_001491.2,+,CAGE_cluster_1065,155.424308362,1,*
NC_001491.2,+,CAGE_cluster_1066,155.424308362,1,*
NC_001491.2,+,CAGE_cluster_107,210.327058576,1,*
NC_001491.2,+,CAGE_cluster_108,529.69440385,3,**
NC_001491.2,+,CAGE_cluster_109,197.745699031,1,*
NC_001491.2,+,CAGE_cluster_11,197.745699031,1,*
NC_001491.2,+,CAGE_cluster_110,322.146358587,2,*
NC_001491.2,+,CAGE_cluster_111,2849.34208532,8,***
NC_001491.2,+,CAGE_cluster_112,260.58783765,2,*
NC_001491.2,+,CAGE_cluster_113,1764.55108293,6,***
NC_001491.2,+,CAGE_cluster_114,105.163529288,1,*
NC_001491.2,+,CAGE_cluster_115,1109.593974941,5,***
NC_001491.2,+,CAGE_cluster_116,2104.695917734,5,***
NC_001491.2,+,CAGE_cluster_117,421.384299053,2,*
NC_001491.2,+,CAGE_cluster_118,827.784834717,3,**
NC_001491.2,+,CAGE_cluster_119,878.045613791,3,**
NC_001491.2,+,CAGE_cluster_12,1018.848778469,2,*
NC_001491.2,+,CAGE_cluster_120,111.819300011,1,*
NC_001491.2,+,CAGE_cluster_121,105.163529288,1,*
NC_001491.2,+,CAGE_cluster_122,2175.914661723,4,**
NC_001491.2,+,CAGE_cluster_123,197.745699031,1,*
NC_001491.2,+,CAGE_cluster_124,197.745699031,1,*
NC_001491.2,+,CAGE_cluster_125,197.745699031,1,*
NC_001491.2,+,CAGE_cluster_126,197.745699031,1,*
NC_001491.2,+,CAGE_cluster_127,197.745699031,1,*
NC_001491.2,+,CAGE_cluster_128,3600.301543071,8,***
NC_001491.2,+,CAGE_cluster_129,155.424308362,1,*
NC_001491.2,+,CAGE_cluster_13,155.424308362,1,*
NC_001491.2,+,CAGE_cluster_130,155.424308362,1,*
NC_001491.2,+,CAGE_cluster_131,1602.339141163,6,***
NC_001491.2,+,CAGE_cluster_132,853.930812869,3,**
NC_001491.2,+,CAGE_cluster_133,529.69440385,3,**
NC_001491.2,+,CAGE_cluster_134,1229.628771715,3,**
NC_001491.2,+,CAGE_cluster_135,197.745699031,1,*
NC_001491.2,+,CAGE_cluster_136,803.564155669,3,**
NC_001491.2,+,CAGE_cluster_137,1335.348609951,2,*
NC_001491.2,+,CAGE_cluster_138,63752.914516575,9,***
NC_001491.2,+,CAGE_cluster_139,111.819300011,1,*
NC_001491.2,+,CAGE_cluster_14,267.243608373,2,*
NC_001491.2,+,CAGE_cluster_140,2123.034758364,5,***
NC_001491.2,+,CAGE_cluster_141,1741.107978909,4,**
NC_001491.2,+,CAGE_cluster_142,105.163529288,1,*
NC_001491.2,+,CAGE_cluster_143,155.424308362,1,*
NC_001491.2,+,CAGE_cluster_144,911.84827591,4,**
NC_001491.2,+,CAGE_cluster_145,269.1065662,1,*
NC_001491.2,+,CAGE_cluster_146,269.1065662,1,*
NC_001491.2,+,CAGE_cluster_147,1156.840041188,4,**
NC_001491.2,+,CAGE_cluster_148,111.819300011,1,*
NC_001491.2,+,CAGE_cluster_149,105.163529288,1,*
NC_001491.2,+,CAGE_cluster_15,767.898535723,4,**
NC_001491.2,+,CAGE_cluster_150,105.163529288,1,*
NC_001491.2,+,CAGE_cluster_151,269.1065662,1,*
NC_001491.2,+,CAGE_cluster_152,197.745699031,1,*
NC_001491.2,+,CAGE_cluster_153,576.808607415,3,**
NC_001491.2,+,CAGE_cluster_154,374.270095488,2,*
NC_001491.2,+,CAGE_cluster_155,216.982829299,2,*
NC_001491.2,+,CAGE_cluster_156,353.170007393,2,*
NC_001491.2,+,CAGE_cluster_157,597.90869551,3,**
NC_001491.2,+,CAGE_cluster_158,414.72852833,3,**
NC_001491.2,+,CAGE_cluster_159,1928.332629883,6,***
NC_001491.2,+,CAGE_cluster_16,302.909228319,2,*
NC_001491.2,+,CAGE_cluster_160,1734.34633006,5,***
NC_001491.2,+,CAGE_cluster_161,353.170007393,2,*
NC_001491.2,+,CAGE_cluster_162,1122.931500943,5,***
NC_001491.2,+,CAGE_cluster_163,77902.069581753,9,***
NC_001491.2,+,CAGE_cluster_164,733.516533458,2,*
NC_001491.2,+,CAGE_cluster_165,4045.168194915,7,***
NC_001491.2,+,CAGE_cluster_166,720.758347602,3,**
NC_001491.2,+,CAGE_cluster_167,1661.731472486,5,***
NC_001491.2,+,CAGE_cluster_168,2189.69804256,5,***
NC_001491.2,+,CAGE_cluster_169,111.819300011,1,*
NC_001491.2,+,CAGE_cluster_17,46784.823665342,9,***
NC_001491.2,+,CAGE_cluster_170,762.776506484,1,*
NC_001491.2,+,CAGE_cluster_171,105.163529288,1,*
NC_001491.2,+,CAGE_cluster_172,105.163529288,1,*
NC_001491.2,+,CAGE_cluster_173,269.1065662,1,*
NC_001491.2,+,CAGE_cluster_174,105.163529288,1,*
NC_001491.2,+,CAGE_cluster_175,105.163529288,1,*
NC_001491.2,+,CAGE_cluster_176,2188.578868196,6,***
NC_001491.2,+,CAGE_cluster_177,105.163529288,1,*
NC_001491.2,+,CAGE_cluster_178,155.424308362,1,*
NC_001491.2,+,CAGE_cluster_179,155.424308362,1,*
NC_001491.2,+,CAGE_cluster_18,1295.729981746,4,**
NC_001491.2,+,CAGE_cluster_180,111.819300011,1,*
NC_001491.2,+,CAGE_cluster_181,269.1065662,1,*
NC_001491.2,+,CAGE_cluster_182,309.564999042,2,*
NC_001491.2,+,CAGE_cluster_183,466.852265231,2,*
NC_001491.2,+,CAGE_cluster_184,155.424308362,1,*
NC_001491.2,+,CAGE_cluster_185,197.745699031,1,*
NC_001491.2,+,CAGE_cluster_186,111.819300011,1,*
NC_001491.2,+,CAGE_cluster_187,395.491398062,1,*
NC_001491.2,+,CAGE_cluster_188,453.514739229,1,*
NC_001491.2,+,CAGE_cluster_189,578.671565242,3,**
NC_001491.2,+,CAGE_cluster_19,17199.247139549,9,***
NC_001491.2,+,CAGE_cluster_190,867.940035772,2,*
NC_001491.2,+,CAGE_cluster_191,269.1065662,1,*
NC_001491.2,+,CAGE_cluster_192,544.365813827,1,*
NC_001491.2,+,CAGE_cluster_193,309.564999042,2,*
NC_001491.2,+,CAGE_cluster_194,2342.723223295,5,***
NC_001491.2,+,CAGE_cluster_195,722.621305429,2,*
NC_001491.2,+,CAGE_cluster_196,3596.028037044,8,***
NC_001491.2,+,CAGE_cluster_197,197.745699031,1,*
NC_001491.2,+,CAGE_cluster_198,954.169666579,4,**
NC_001491.2,+,CAGE_cluster_199,155.424308362,1,*
NC_001491.2,+,CAGE_cluster_2,2725.24101483,5,***
NC_001491.2,+,CAGE_cluster_20,197.745699031,1,*
NC_001491.2,+,CAGE_cluster_200,269.1065662,1,*
NC_001491.2,+,CAGE_cluster_201,269.1065662,1,*
NC_001491.2,+,CAGE_cluster_202,380.925866211,2,*
NC_001491.2,+,CAGE_cluster_203,197.745699031,1,*
NC_001491.2,+,CAGE_cluster_204,111.819300011,1,*
NC_001491.2,+,CAGE_cluster_205,105.163529288,1,*
NC_001491.2,+,CAGE_cluster_206,269.1065662,1,*
NC_001491.2,+,CAGE_cluster_207,111.819300011,1,*
NC_001491.2,+,CAGE_cluster_208,197.745699031,1,*
NC_001491.2,+,CAGE_cluster_209,453.514739229,1,*
NC_001491.2,+,CAGE_cluster_21,1304.354588422,4,**
NC_001491.2,+,CAGE_cluster_210,269.1065662,1,*
NC_001491.2,+,CAGE_cluster_211,1567.730157961,4,**
NC_001491.2,+,CAGE_cluster_212,105.163529288,1,*
NC_001491.2,+,CAGE_cluster_213,2651.840341824,5,***
NC_001491.2,+,CAGE_cluster_214,11862.110589904,8,***
NC_001491.2,+,CAGE_cluster_215,197.745699031,1,*
NC_001491.2,+,CAGE_cluster_216,105.163529288,1,*
NC_001491.2,+,CAGE_cluster_217,155.424308362,1,*
NC_001491.2,+,CAGE_cluster_218,105.163529288,1,*
NC_001491.2,+,CAGE_cluster_219,372.407137661,3,**
NC_001491.2,+,CAGE_cluster_22,223.638600022,1,*
NC_001491.2,+,CAGE_cluster_220,105.163529288,1,*
NC_001491.2,+,CAGE_cluster_221,466.852265231,2,*
NC_001491.2,+,CAGE_cluster_222,608.939047591,2,*
NC_001491.2,+,CAGE_cluster_223,811.6094222,3,**
NC_001491.2,+,CAGE_cluster_224,395.491398062,2,*
NC_001491.2,+,CAGE_cluster_225,735.958831431,2,*
NC_001491.2,+,CAGE_cluster_226,111.819300011,1,*
NC_001491.2,+,CAGE_cluster_227,197.745699031,1,*
NC_001491.2,+,CAGE_cluster_228,260.58783765,2,*
NC_001491.2,+,CAGE_cluster_229,670.497568528,3,**
NC_001491.2,+,CAGE_cluster_23,3123.211837139,7,***
NC_001491.2,+,CAGE_cluster_230,105.163529288,1,*
NC_001491.2,+,CAGE_cluster_231,1404.846519293,5,***
NC_001491.2,+,CAGE_cluster_232,453.514739229,1,*
NC_001491.2,+,CAGE_cluster_233,260.58783765,2,*
NC_001491.2,+,CAGE_cluster_234,111.819300011,1,*
NC_001491.2,+,CAGE_cluster_235,558.678268517,2,*
NC_001491.2,+,CAGE_cluster_236,1660.197731002,5,***
NC_001491.2,+,CAGE_cluster_237,197.745699031,1,*
NC_001491.2,+,CAGE_cluster_238,18095.726569057,9,***
NC_001491.2,+,CAGE_cluster_239,111.819300011,1,*
NC_001491.2,+,CAGE_cluster_24,105.163529288,1,*
NC_001491.2,+,CAGE_cluster_240,782.316868539,3,**
NC_001491.2,+,CAGE_cluster_241,570.152836692,4,**
NC_001491.2,+,CAGE_cluster_242,1378.806419267,4,**
NC_001491.2,+,CAGE_cluster_243,302.909228319,2,*
NC_001491.2,+,CAGE_cluster_244,111.819300011,1,*
NC_001491.2,+,CAGE_cluster_245,18947.390946037,9,***
NC_001491.2,+,CAGE_cluster_246,155.424308362,1,*
NC_001491.2,+,CAGE_cluster_247,111.819300011,1,*
NC_001491.2,+,CAGE_cluster_248,105.163529288,1,*
NC_001491.2,+,CAGE_cluster_249,643.376661688,2,*
NC_001491.2,+,CAGE_cluster_25,1153.304861418,3,**
NC_001491.2,+,CAGE_cluster_250,155.424308362,1,*
NC_001491.2,+,CAGE_cluster_251,762.776506484,1,*
NC_001491.2,+,CAGE_cluster_252,155.424308362,1,*
NC_001491.2,+,CAGE_cluster_253,155.424308362,1,*
NC_001491.2,+,CAGE_cluster_254,105.163529288,1,*
NC_001491.2,+,CAGE_cluster_255,269.1065662,1,*
NC_001491.2,+,CAGE_cluster_256,197.745699031,1,*
NC_001491.2,+,CAGE_cluster_257,197.745699031,1,*
NC_001491.2,+,CAGE_cluster_258,155.424308362,1,*
NC_001491.2,+,CAGE_cluster_259,544.365813827,1,*
NC_001491.2,+,CAGE_cluster_26,1031.883072684,2,*
NC_001491.2,+,CAGE_cluster_260,960.522205515,2,*
NC_001491.2,+,CAGE_cluster_261,197.745699031,1,*
NC_001491.2,+,CAGE_cluster_262,197.745699031,1,*
NC_001491.2,+,CAGE_cluster_263,670.497568528,3,**
NC_001491.2,+,CAGE_cluster_264,565.33403924,2,*
NC_001491.2,+,CAGE_cluster_265,269.1065662,1,*
NC_001491.2,+,CAGE_cluster_266,111.819300011,1,*
NC_001491.2,+,CAGE_cluster_267,269.1065662,1,*
NC_001491.2,+,CAGE_cluster_268,269.1065662,1,*
NC_001491.2,+,CAGE_cluster_269,309.564999042,2,*
NC_001491.2,+,CAGE_cluster_27,155.424308362,1,*
NC_001491.2,+,CAGE_cluster_270,197.745699031,1,*
NC_001491.2,+,CAGE_cluster_271,197.745699031,1,*
NC_001491.2,+,CAGE_cluster_272,197.745699031,1,*
NC_001491.2,+,CAGE_cluster_273,111.819300011,1,*
NC_001491.2,+,CAGE_cluster_274,197.745699031,1,*
NC_001491.2,+,CAGE_cluster_275,111.819300011,1,*
NC_001491.2,+,CAGE_cluster_276,155.424308362,1,*
NC_001491.2,+,CAGE_cluster_277,269.1065662,1,*
NC_001491.2,+,CAGE_cluster_278,197.745699031,1,*
NC_001491.2,+,CAGE_cluster_279,847.275042146,3,**
NC_001491.2,+,CAGE_cluster_28,105.163529288,1,*
NC_001491.2,+,CAGE_cluster_280,111.819300011,1,*
NC_001491.2,+,CAGE_cluster_281,105.163529288,1,*
NC_001491.2,+,CAGE_cluster_282,269.1065662,1,*
NC_001491.2,+,CAGE_cluster_283,111.819300011,1,*
NC_001491.2,+,CAGE_cluster_284,105.163529288,1,*
NC_001491.2,+,CAGE_cluster_285,309.564999042,2,*
NC_001491.2,+,CAGE_cluster_286,197.745699031,1,*
NC_001491.2,+,CAGE_cluster_287,155.424308362,1,*
NC_001491.2,+,CAGE_cluster_288,111.819300011,1,*
NC_001491.2,+,CAGE_cluster_289,197.745699031,1,*
NC_001491.2,+,CAGE_cluster_29,223.638600022,1,*
NC_001491.2,+,CAGE_cluster_290,302.909228319,2,*
NC_001491.2,+,CAGE_cluster_291,380.925866211,2,*
NC_001491.2,+,CAGE_cluster_292,105.163529288,1,*
NC_001491.2,+,CAGE_cluster_293,111.819300011,1,*
NC_001491.2,+,CAGE_cluster_294,197.745699031,1,*
NC_001491.2,+,CAGE_cluster_295,197.745699031,1,*
NC_001491.2,+,CAGE_cluster_296,105.163529288,1,*
NC_001491.2,+,CAGE_cluster_297,223.638600022,1,*
NC_001491.2,+,CAGE_cluster_298,302.909228319,2,*
NC_001491.2,+,CAGE_cluster_299,1114.518650519,5,***
NC_001491.2,+,CAGE_cluster_3,1583.62946212,3,**
NC_001491.2,+,CAGE_cluster_30,453.514739229,1,*
NC_001491.2,+,CAGE_cluster_300,761.348643126,3,**
NC_001491.2,+,CAGE_cluster_301,464.989307404,3,**
NC_001491.2,+,CAGE_cluster_302,874.595806495,2,*
NC_001491.2,+,CAGE_cluster_303,1073.625123208,2,*
NC_001491.2,+,CAGE_cluster_304,111.819300011,1,*
NC_001491.2,+,CAGE_cluster_305,105.163529288,1,*
NC_001491.2,+,CAGE_cluster_306,111.819300011,1,*
NC_001491.2,+,CAGE_cluster_307,155.424308362,1,*
NC_001491.2,+,CAGE_cluster_308,155.424308362,1,*
NC_001491.2,+,CAGE_cluster_309,269.1065662,1,*
NC_001491.2,+,CAGE_cluster_31,197.745699031,1,*
NC_001491.2,+,CAGE_cluster_310,453.514739229,1,*
NC_001491.2,+,CAGE_cluster_311,111.819300011,1,*
NC_001491.2,+,CAGE_cluster_312,111.819300011,1,*
NC_001491.2,+,CAGE_cluster_313,421.384299053,2,*
NC_001491.2,+,CAGE_cluster_314,544.365813827,1,*
NC_001491.2,+,CAGE_cluster_315,10025.662746044,8,***
NC_001491.2,+,CAGE_cluster_316,742.111512858,2,*
NC_001491.2,+,CAGE_cluster_317,1854.987590409,6,***
NC_001491.2,+,CAGE_cluster_318,853.930812869,3,**
NC_001491.2,+,CAGE_cluster_319,155.424308362,1,*
NC_001491.2,+,CAGE_cluster_32,105.163529288,1,*
NC_001491.2,+,CAGE_cluster_320,1651.013070769,4,**
NC_001491.2,+,CAGE_cluster_321,216.982829299,2,*
NC_001491.2,+,CAGE_cluster_322,762.776506484,1,*
NC_001491.2,+,CAGE_cluster_323,105.163529288,1,*
NC_001491.2,+,CAGE_cluster_324,105.163529288,1,*
NC_001491.2,+,CAGE_cluster_325,395.491398062,1,*
NC_001491.2,+,CAGE_cluster_326,105.163529288,1,*
NC_001491.2,+,CAGE_cluster_327,155.424308362,1,*
NC_001491.2,+,CAGE_cluster_328,458.333536681,3,**
NC_001491.2,+,CAGE_cluster_329,105.163529288,1,*
NC_001491.2,+,CAGE_cluster_33,197.745699031,1,*
NC_001491.2,+,CAGE_cluster_330,197.745699031,1,*
NC_001491.2,+,CAGE_cluster_331,197.745699031,1,*
NC_001491.2,+,CAGE_cluster_332,762.776506484,1,*
NC_001491.2,+,CAGE_cluster_333,197.745699031,1,*
NC_001491.2,+,CAGE_cluster_334,8237.944903407,8,***
NC_001491.2,+,CAGE_cluster_335,2831.970866237,6,***
NC_001491.2,+,CAGE_cluster_336,453.514739229,1,*
NC_001491.2,+,CAGE_cluster_337,105.163529288,1,*
NC_001491.2,+,CAGE_cluster_338,105.163529288,1,*
NC_001491.2,+,CAGE_cluster_339,155.424308362,1,*
NC_001491.2,+,CAGE_cluster_34,197.745699031,1,*
NC_001491.2,+,CAGE_cluster_340,269.1065662,1,*
NC_001491.2,+,CAGE_cluster_341,111.819300011,1,*
NC_001491.2,+,CAGE_cluster_342,374.270095488,2,*
NC_001491.2,+,CAGE_cluster_343,6536.845038183,9,***
NC_001491.2,+,CAGE_cluster_344,6374.338471537,8,***
NC_001491.2,+,CAGE_cluster_345,109215.339810069,9,***
NC_001491.2,+,CAGE_cluster_346,105.163529288,1,*
NC_001491.2,+,CAGE_cluster_347,952.94166073,4,**
NC_001491.2,+,CAGE_cluster_348,197.745699031,1,*
NC_001491.2,+,CAGE_cluster_349,111.819300011,1,*
NC_001491.2,+,CAGE_cluster_35,544.365813827,1,*
NC_001491.2,+,CAGE_cluster_350,538.2131324,1,*
NC_001491.2,+,CAGE_cluster_351,155.424308362,1,*
NC_001491.2,+,CAGE_cluster_352,717.637756649,4,**
NC_001491.2,+,CAGE_cluster_353,2080.66597457,6,***
NC_001491.2,+,CAGE_cluster_354,111.819300011,1,*
NC_001491.2,+,CAGE_cluster_355,395.491398062,1,*
NC_001491.2,+,CAGE_cluster_356,395.491398062,2,*
NC_001491.2,+,CAGE_cluster_357,2491.356233833,6,***
NC_001491.2,+,CAGE_cluster_358,395.491398062,1,*
NC_001491.2,+,CAGE_cluster_359,302.909228319,2,*
NC_001491.2,+,CAGE_cluster_36,2394.408201308,7,***
NC_001491.2,+,CAGE_cluster_360,105.163529288,1,*
NC_001491.2,+,CAGE_cluster_361,105.163529288,1,*
NC_001491.2,+,CAGE_cluster_362,762.776506484,1,*
NC_001491.2,+,CAGE_cluster_363,105.163529288,1,*
NC_001491.2,+,CAGE_cluster_364,105.163529288,1,*
NC_001491.2,+,CAGE_cluster_365,105.163529288,1,*
NC_001491.2,+,CAGE_cluster_366,111.819300011,1,*
NC_001491.2,+,CAGE_cluster_367,105.163529288,1,*
NC_001491.2,+,CAGE_cluster_368,105.163529288,1,*
NC_001491.2,+,CAGE_cluster_369,762.776506484,1,*
NC_001491.2,+,CAGE_cluster_37,111.819300011,1,*
NC_001491.2,+,CAGE_cluster_370,197.745699031,1,*
NC_001491.2,+,CAGE_cluster_371,155.424308362,1,*
NC_001491.2,+,CAGE_cluster_372,1621.576271431,6,***
NC_001491.2,+,CAGE_cluster_373,4585.831573796,7,***
NC_001491.2,+,CAGE_cluster_374,296182.372347441,9,***
NC_001491.2,+,CAGE_cluster_375,4940.114137776,8,***
NC_001491.2,+,CAGE_cluster_376,105.163529288,1,*
NC_001491.2,+,CAGE_cluster_377,988.027940531,4,**
NC_001491.2,+,CAGE_cluster_378,453.514739229,1,*
NC_001491.2,+,CAGE_cluster_379,111.819300011,1,*
NC_001491.2,+,CAGE_cluster_38,302.909228319,2,*
NC_001491.2,+,CAGE_cluster_380,105.163529288,1,*
NC_001491.2,+,CAGE_cluster_381,197.745699031,1,*
NC_001491.2,+,CAGE_cluster_382,309.564999042,2,*
NC_001491.2,+,CAGE_cluster_383,379.062908384,2,*
NC_001491.2,+,CAGE_cluster_384,458.333536681,3,**
NC_001491.2,+,CAGE_cluster_385,1608.623685272,4,**
NC_001491.2,+,CAGE_cluster_386,269.1065662,1,*
NC_001491.2,+,CAGE_cluster_387,353.170007393,2,*
NC_001491.2,+,CAGE_cluster_388,155.424308362,1,*
NC_001491.2,+,CAGE_cluster_389,111.819300011,1,*
NC_001491.2,+,CAGE_cluster_39,105.163529288,1,*
NC_001491.2,+,CAGE_cluster_390,453.514739229,1,*
NC_001491.2,+,CAGE_cluster_391,915.38345568,4,**
NC_001491.2,+,CAGE_cluster_392,269.1065662,1,*
NC_001491.2,+,CAGE_cluster_393,302.909228319,2,*
NC_001491.2,+,CAGE_cluster_394,105.163529288,1,*
NC_001491.2,+,CAGE_cluster_395,216.982829299,2,*
NC_001491.2,+,CAGE_cluster_396,105.163529288,1,*
NC_001491.2,+,CAGE_cluster_397,544.365813827,1,*
NC_001491.2,+,CAGE_cluster_398,302.909228319,2,*
NC_001491.2,+,CAGE_cluster_399,111.819300011,1,*
NC_001491.2,+,CAGE_cluster_4,486.089395499,3,**
NC_001491.2,+,CAGE_cluster_40,105.163529288,1,*
NC_001491.2,+,CAGE_cluster_400,105.163529288,1,*
NC_001491.2,+,CAGE_cluster_401,155.424308362,1,*
NC_001491.2,+,CAGE_cluster_402,197.745699031,1,*
NC_001491.2,+,CAGE_cluster_403,458.333536681,3,**
NC_001491.2,+,CAGE_cluster_404,216.982829299,2,*
NC_001491.2,+,CAGE_cluster_405,734.095873604,4,**
NC_001491.2,+,CAGE_cluster_406,453.514739229,1,*
NC_001491.2,+,CAGE_cluster_407,374.270095488,2,*
NC_001491.2,+,CAGE_cluster_408,269.1065662,1,*
NC_001491.2,+,CAGE_cluster_409,216.982829299,2,*
NC_001491.2,+,CAGE_cluster_41,466.852265231,2,*
NC_001491.2,+,CAGE_cluster_410,1660.615559491,5,***
NC_001491.2,+,CAGE_cluster_411,570.152836692,4,**
NC_001491.2,+,CAGE_cluster_412,111.819300011,1,*
NC_001491.2,+,CAGE_cluster_413,552.440729332,2,*
NC_001491.2,+,CAGE_cluster_414,761.242765,3,**
NC_001491.2,+,CAGE_cluster_415,302.909228319,2,*
NC_001491.2,+,CAGE_cluster_416,197.745699031,1,*
NC_001491.2,+,CAGE_cluster_417,260.58783765,2,*
NC_001491.2,+,CAGE_cluster_418,19717.570999825,9,***
NC_001491.2,+,CAGE_cluster_419,197.745699031,1,*
NC_001491.2,+,CAGE_cluster_42,507.310698073,2,*
NC_001491.2,+,CAGE_cluster_420,111.819300011,1,*
NC_001491.2,+,CAGE_cluster_421,105.163529288,1,*
NC_001491.2,+,CAGE_cluster_422,155.424308362,1,*
NC_001491.2,+,CAGE_cluster_423,1715.138827069,5,***
NC_001491.2,+,CAGE_cluster_424,197.745699031,1,*
NC_001491.2,+,CAGE_cluster_425,197.745699031,1,*
NC_001491.2,+,CAGE_cluster_426,3064.399227314,5,***
NC_001491.2,+,CAGE_cluster_427,175245.507895459,9,***
NC_001491.2,+,CAGE_cluster_428,302.909228319,2,*
NC_001491.2,+,CAGE_cluster_429,651.26043826,2,*
NC_001491.2,+,CAGE_cluster_43,453.514739229,1,*
NC_001491.2,+,CAGE_cluster_430,374.270095488,2,*
NC_001491.2,+,CAGE_cluster_431,309.564999042,2,*
NC_001491.2,+,CAGE_cluster_432,105.163529288,1,*
NC_001491.2,+,CAGE_cluster_433,105.163529288,1,*
NC_001491.2,+,CAGE_cluster_434,111.819300011,1,*
NC_001491.2,+,CAGE_cluster_435,105.163529288,1,*
NC_001491.2,+,CAGE_cluster_436,197.745699031,1,*
NC_001491.2,+,CAGE_cluster_437,155.424308362,1,*
NC_001491.2,+,CAGE_cluster_438,608.939047591,2,*
NC_001491.2,+,CAGE_cluster_439,558.678268517,2,*
NC_001491.2,+,CAGE_cluster_44,197.745699031,1,*
NC_001491.2,+,CAGE_cluster_440,1195.626252087,3,**
NC_001491.2,+,CAGE_cluster_441,197.745699031,1,*
NC_001491.2,+,CAGE_cluster_442,544.365813827,1,*
NC_001491.2,+,CAGE_cluster_443,2984.696076554,6,***
NC_001491.2,+,CAGE_cluster_444,269.1065662,1,*
NC_001491.2,+,CAGE_cluster_445,269.1065662,1,*
NC_001491.2,+,CAGE_cluster_446,105.163529288,1,*
NC_001491.2,+,CAGE_cluster_447,105.163529288,1,*
NC_001491.2,+,CAGE_cluster_448,111.819300011,1,*
NC_001491.2,+,CAGE_cluster_449,1485.397811913,3,**
NC_001491.2,+,CAGE_cluster_45,111.819300011,1,*
NC_001491.2,+,CAGE_cluster_450,372.407137661,3,**
NC_001491.2,+,CAGE_cluster_451,105.163529288,1,*
NC_001491.2,+,CAGE_cluster_452,197.745699031,1,*
NC_001491.2,+,CAGE_cluster_453,380.925866211,2,*
NC_001491.2,+,CAGE_cluster_454,111.819300011,1,*
NC_001491.2,+,CAGE_cluster_455,2189.052330216,5,***
NC_001491.2,+,CAGE_cluster_456,105.163529288,1,*
NC_001491.2,+,CAGE_cluster_457,111.819300011,1,*
NC_001491.2,+,CAGE_cluster_458,269.1065662,1,*
NC_001491.2,+,CAGE_cluster_459,302.909228319,2,*
NC_001491.2,+,CAGE_cluster_46,310.848616724,1,*
NC_001491.2,+,CAGE_cluster_460,111.819300011,1,*
NC_001491.2,+,CAGE_cluster_461,105.163529288,1,*
NC_001491.2,+,CAGE_cluster_462,216.982829299,2,*
NC_001491.2,+,CAGE_cluster_463,155.424308362,1,*
NC_001491.2,+,CAGE_cluster_464,105.163529288,1,*
NC_001491.2,+,CAGE_cluster_465,678167.34293243,9,***
NC_001491.2,+,CAGE_cluster_466,963.660062448,4,**
NC_001491.2,+,CAGE_cluster_467,64267.893626209,9,***
NC_001491.2,+,CAGE_cluster_468,3202.756048248,6,***
NC_001491.2,+,CAGE_cluster_469,699.790122189,2,*
NC_001491.2,+,CAGE_cluster_47,216.982829299,2,*
NC_001491.2,+,CAGE_cluster_470,197.745699031,1,*
NC_001491.2,+,CAGE_cluster_471,111.819300011,1,*
NC_001491.2,+,CAGE_cluster_472,269.1065662,1,*
NC_001491.2,+,CAGE_cluster_473,111.819300011,1,*
NC_001491.2,+,CAGE_cluster_474,197.745699031,1,*
NC_001491.2,+,CAGE_cluster_475,544.365813827,1,*
NC_001491.2,+,CAGE_cluster_476,466.852265231,2,*
NC_001491.2,+,CAGE_cluster_477,1030.020114857,3,**
NC_001491.2,+,CAGE_cluster_478,155.424308362,1,*
NC_001491.2,+,CAGE_cluster_479,155.424308362,1,*
NC_001491.2,+,CAGE_cluster_48,111.819300011,1,*
NC_001491.2,+,CAGE_cluster_480,395.491398062,1,*
NC_001491.2,+,CAGE_cluster_481,155.424308362,1,*
NC_001491.2,+,CAGE_cluster_482,105.163529288,1,*
NC_001491.2,+,CAGE_cluster_483,197.745699031,1,*
NC_001491.2,+,CAGE_cluster_484,197.745699031,1,*
NC_001491.2,+,CAGE_cluster_485,111.819300011,1,*
NC_001491.2,+,CAGE_cluster_486,1552.07836209,6,***
NC_001491.2,+,CAGE_cluster_487,466.852265231,2,*
NC_001491.2,+,CAGE_cluster_488,105.163529288,1,*
NC_001491.2,+,CAGE_cluster_489,105.163529288,1,*
NC_001491.2,+,CAGE_cluster_49,544.365813827,1,*
NC_001491.2,+,CAGE_cluster_490,197.745699031,1,*
NC_001491.2,+,CAGE_cluster_491,762.776506484,1,*
NC_001491.2,+,CAGE_cluster_492,1846.468861858,6,***
NC_001491.2,+,CAGE_cluster_493,260.58783765,2,*
NC_001491.2,+,CAGE_cluster_494,16593.418453375,9,***
NC_001491.2,+,CAGE_cluster_495,47409.336119868,9,***
NC_001491.2,+,CAGE_cluster_496,111.819300011,1,*
NC_001491.2,+,CAGE_cluster_497,111.819300011,1,*
NC_001491.2,+,CAGE_cluster_498,269.1065662,1,*
NC_001491.2,+,CAGE_cluster_499,353.170007393,2,*
NC_001491.2,+,CAGE_cluster_5,46113.869491894,9,***
NC_001491.2,+,CAGE_cluster_50,23283.930695339,9,***
NC_001491.2,+,CAGE_cluster_500,197.745699031,1,*
NC_001491.2,+,CAGE_cluster_501,353.170007393,2,*
NC_001491.2,+,CAGE_cluster_502,197.745699031,1,*
NC_001491.2,+,CAGE_cluster_503,197.745699031,1,*
NC_001491.2,+,CAGE_cluster_504,216.982829299,2,*
NC_001491.2,+,CAGE_cluster_505,853.930812869,3,**
NC_001491.2,+,CAGE_cluster_506,197.745699031,1,*
NC_001491.2,+,CAGE_cluster_507,1987.459501051,5,***
NC_001491.2,+,CAGE_cluster_508,155.424308362,1,*
NC_001491.2,+,CAGE_cluster_509,3675.318804489,7,***
NC_001491.2,+,CAGE_cluster_51,111.819300011,1,*
NC_001491.2,+,CAGE_cluster_510,28089.55076049,9,***
NC_001491.2,+,CAGE_cluster_511,453.514739229,1,*
NC_001491.2,+,CAGE_cluster_512,302.909228319,2,*
NC_001491.2,+,CAGE_cluster_513,558.678268517,2,*
NC_001491.2,+,CAGE_cluster_514,105.163529288,1,*
NC_001491.2,+,CAGE_cluster_515,216.982829299,2,*
NC_001491.2,+,CAGE_cluster_516,155.424308362,1,*
NC_001491.2,+,CAGE_cluster_517,197.745699031,1,*
NC_001491.2,+,CAGE_cluster_518,374.270095488,2,*
NC_001491.2,+,CAGE_cluster_519,197.745699031,1,*
NC_001491.2,+,CAGE_cluster_52,699.790122189,2,*
NC_001491.2,+,CAGE_cluster_520,871.808074607,3,**
NC_001491.2,+,CAGE_cluster_521,918.200814846,2,*
NC_001491.2,+,CAGE_cluster_522,1184.464037324,4,**
NC_001491.2,+,CAGE_cluster_523,105.163529288,1,*
NC_001491.2,+,CAGE_cluster_524,197.745699031,1,*
NC_001491.2,+,CAGE_cluster_525,650.032432411,2,*
NC_001491.2,+,CAGE_cluster_526,111.819300011,1,*
NC_001491.2,+,CAGE_cluster_527,111.819300011,1,*
NC_001491.2,+,CAGE_cluster_528,544.365813827,1,*
NC_001491.2,+,CAGE_cluster_529,197.745699031,1,*
NC_001491.2,+,CAGE_cluster_53,1095.281520251,3,**
NC_001491.2,+,CAGE_cluster_530,2322.620384025,6,***
NC_001491.2,+,CAGE_cluster_531,267.243608373,2,*
NC_001491.2,+,CAGE_cluster_532,155.424308362,1,*
NC_001491.2,+,CAGE_cluster_533,544.365813827,1,*
NC_001491.2,+,CAGE_cluster_534,269.1065662,1,*
NC_001491.2,+,CAGE_cluster_535,155.424308362,1,*
NC_001491.2,+,CAGE_cluster_536,105.163529288,1,*
NC_001491.2,+,CAGE_cluster_537,395.491398062,1,*
NC_001491.2,+,CAGE_cluster_538,197.745699031,1,*
NC_001491.2,+,CAGE_cluster_539,105.163529288,1,*
NC_001491.2,+,CAGE_cluster_54,853.930812869,3,**
NC_001491.2,+,CAGE_cluster_540,155.424308362,1,*
NC_001491.2,+,CAGE_cluster_541,8719.130416886,8,***
NC_001491.2,+,CAGE_cluster_542,1621.273039645,5,***
NC_001491.2,+,CAGE_cluster_543,47023.292115728,9,***
NC_001491.2,+,CAGE_cluster_544,1487.373265644,5,***
NC_001491.2,+,CAGE_cluster_545,395.491398062,2,*
NC_001491.2,+,CAGE_cluster_546,105.163529288,1,*
NC_001491.2,+,CAGE_cluster_547,2081.460815577,5,***
NC_001491.2,+,CAGE_cluster_548,157052.196791096,9,***
NC_001491.2,+,CAGE_cluster_549,328.80212931,2,*
NC_001491.2,+,CAGE_cluster_55,197.745699031,1,*
NC_001491.2,+,CAGE_cluster_550,519.892057618,3,**
NC_001491.2,+,CAGE_cluster_551,578.671565242,3,**
NC_001491.2,+,CAGE_cluster_552,756.423967548,3,**
NC_001491.2,+,CAGE_cluster_553,734.095873604,4,**
NC_001491.2,+,CAGE_cluster_554,155.424308362,1,*
NC_001491.2,+,CAGE_cluster_555,508.594315755,2,*
NC_001491.2,+,CAGE_cluster_556,1364.388086451,4,**
NC_001491.2,+,CAGE_cluster_557,111.819300011,1,*
NC_001491.2,+,CAGE_cluster_558,105.163529288,1,*
NC_001491.2,+,CAGE_cluster_559,513.236286895,2,*
NC_001491.2,+,CAGE_cluster_56,1720.510980111,5,***
NC_001491.2,+,CAGE_cluster_560,1411.249212855,5,***
NC_001491.2,+,CAGE_cluster_561,1621.829348592,5,***
NC_001491.2,+,CAGE_cluster_562,197.745699031,1,*
NC_001491.2,+,CAGE_cluster_563,464.989307404,3,**
NC_001491.2,+,CAGE_cluster_564,2651.068935065,5,***
NC_001491.2,+,CAGE_cluster_565,267.243608373,2,*
NC_001491.2,+,CAGE_cluster_566,4110.76631565,8,***
NC_001491.2,+,CAGE_cluster_567,1928.975080859,5,***
NC_001491.2,+,CAGE_cluster_568,788.998623818,4,**
NC_001491.2,+,CAGE_cluster_569,2180.507617109,7,***
NC_001491.2,+,CAGE_cluster_57,105.163529288,1,*
NC_001491.2,+,CAGE_cluster_570,155.424308362,1,*
NC_001491.2,+,CAGE_cluster_571,216.982829299,2,*
NC_001491.2,+,CAGE_cluster_572,565.33403924,2,*
NC_001491.2,+,CAGE_cluster_573,873.167943137,3,**
NC_001491.2,+,CAGE_cluster_574,216.982829299,2,*
NC_001491.2,+,CAGE_cluster_575,302.909228319,2,*
NC_001491.2,+,CAGE_cluster_576,105.163529288,1,*
NC_001491.2,+,CAGE_cluster_577,878.045613791,3,**
NC_001491.2,+,CAGE_cluster_578,477.570666949,3,**
NC_001491.2,+,CAGE_cluster_579,608.939047591,2,*
NC_001491.2,+,CAGE_cluster_58,111.819300011,1,*
NC_001491.2,+,CAGE_cluster_580,1503.278027009,6,***
NC_001491.2,+,CAGE_cluster_581,4838.967775986,8,***
NC_001491.2,+,CAGE_cluster_582,755.195961699,3,**
NC_001491.2,+,CAGE_cluster_583,223.638600022,1,*
NC_001491.2,+,CAGE_cluster_584,3838.637537626,6,***
NC_001491.2,+,CAGE_cluster_585,155.424308362,1,*
NC_001491.2,+,CAGE_cluster_586,1292.470910333,4,**
NC_001491.2,+,CAGE_cluster_587,1961.105521035,5,***
NC_001491.2,+,CAGE_cluster_588,1025.530533748,4,**
NC_001491.2,+,CAGE_cluster_589,111.819300011,1,*
NC_001491.2,+,CAGE_cluster_59,155.424308362,1,*
NC_001491.2,+,CAGE_cluster_590,155.424308362,1,*
NC_001491.2,+,CAGE_cluster_591,111.819300011,1,*
NC_001491.2,+,CAGE_cluster_592,223.638600022,1,*
NC_001491.2,+,CAGE_cluster_593,353.170007393,2,*
NC_001491.2,+,CAGE_cluster_594,395.491398062,1,*
NC_001491.2,+,CAGE_cluster_595,1271.226576563,3,**
NC_001491.2,+,CAGE_cluster_596,1859.332925841,5,***
NC_001491.2,+,CAGE_cluster_597,197.745699031,1,*
NC_001491.2,+,CAGE_cluster_598,4121.451233816,8,***
NC_001491.2,+,CAGE_cluster_599,111.819300011,1,*
NC_001491.2,+,CAGE_cluster_6,197.745699031,1,*
NC_001491.2,+,CAGE_cluster_60,105.163529288,1,*
NC_001491.2,+,CAGE_cluster_600,2389.727884315,6,***
NC_001491.2,+,CAGE_cluster_601,1651.342287112,5,***
NC_001491.2,+,CAGE_cluster_602,1570.838387617,4,**
NC_001491.2,+,CAGE_cluster_603,197.745699031,1,*
NC_001491.2,+,CAGE_cluster_604,111.819300011,1,*
NC_001491.2,+,CAGE_cluster_605,5283.254318131,8,***
NC_001491.2,+,CAGE_cluster_606,105.163529288,1,*
NC_001491.2,+,CAGE_cluster_607,706.340014786,3,**
NC_001491.2,+,CAGE_cluster_608,1364.135009291,5,***
NC_001491.2,+,CAGE_cluster_609,197.745699031,1,*
NC_001491.2,+,CAGE_cluster_61,260.58783765,2,*
NC_001491.2,+,CAGE_cluster_610,155.424308362,1,*
NC_001491.2,+,CAGE_cluster_611,111.819300011,1,*
NC_001491.2,+,CAGE_cluster_612,169952.732015682,9,***
NC_001491.2,+,CAGE_cluster_613,544.365813827,1,*
NC_001491.2,+,CAGE_cluster_614,197.745699031,1,*
NC_001491.2,+,CAGE_cluster_615,2036.557876922,6,***
NC_001491.2,+,CAGE_cluster_616,302.909228319,2,*
NC_001491.2,+,CAGE_cluster_617,155.424308362,1,*
NC_001491.2,+,CAGE_cluster_618,111.819300011,1,*
NC_001491.2,+,CAGE_cluster_619,197.745699031,1,*
NC_001491.2,+,CAGE_cluster_62,111.819300011,1,*
NC_001491.2,+,CAGE_cluster_620,111.819300011,1,*
NC_001491.2,+,CAGE_cluster_621,4109.782265337,8,***
NC_001491.2,+,CAGE_cluster_622,197.745699031,1,*
NC_001491.2,+,CAGE_cluster_623,2468.217984227,5,***
NC_001491.2,+,CAGE_cluster_624,105.163529288,1,*
NC_001491.2,+,CAGE_cluster_625,767.898535723,5,**
NC_001491.2,+,CAGE_cluster_626,105.163529288,1,*
NC_001491.2,+,CAGE_cluster_627,9882.10484979,9,***
NC_001491.2,+,CAGE_cluster_628,302.909228319,2,*
NC_001491.2,+,CAGE_cluster_629,105.163529288,1,*
NC_001491.2,+,CAGE_cluster_63,105.163529288,1,*
NC_001491.2,+,CAGE_cluster_630,105.163529288,1,*
NC_001491.2,+,CAGE_cluster_631,105.163529288,1,*
NC_001491.2,+,CAGE_cluster_632,105.163529288,1,*
NC_001491.2,+,CAGE_cluster_633,1498.735337916,3,**
NC_001491.2,+,CAGE_cluster_634,223.638600022,1,*
NC_001491.2,+,CAGE_cluster_635,197.745699031,1,*
NC_001491.2,+,CAGE_cluster_636,197.745699031,1,*
NC_001491.2,+,CAGE_cluster_637,762.776506484,1,*
NC_001491.2,+,CAGE_cluster_638,558.678268517,2,*
NC_001491.2,+,CAGE_cluster_639,260.58783765,2,*
NC_001491.2,+,CAGE_cluster_64,111.819300011,1,*
NC_001491.2,+,CAGE_cluster_640,105.163529288,1,*
NC_001491.2,+,CAGE_cluster_641,486.089395499,3,**
NC_001491.2,+,CAGE_cluster_642,197.745699031,1,*
NC_001491.2,+,CAGE_cluster_643,155.424308362,1,*
NC_001491.2,+,CAGE_cluster_644,86536.604073751,9,***
NC_001491.2,+,CAGE_cluster_645,105.163529288,1,*
NC_001491.2,+,CAGE_cluster_646,1200.445049539,4,**
NC_001491.2,+,CAGE_cluster_647,302.909228319,2,*
NC_001491.2,+,CAGE_cluster_648,589.38996696,3,**
NC_001491.2,+,CAGE_cluster_649,197.745699031,1,*
NC_001491.2,+,CAGE_cluster_65,269.1065662,1,*
NC_001491.2,+,CAGE_cluster_650,552.440729332,2,*
NC_001491.2,+,CAGE_cluster_651,223.638600022,1,*
NC_001491.2,+,CAGE_cluster_652,508.594315755,2,*
NC_001491.2,+,CAGE_cluster_653,111.819300011,1,*
NC_001491.2,+,CAGE_cluster_654,536.350174573,3,**
NC_001491.2,+,CAGE_cluster_655,309.564999042,2,*
NC_001491.2,+,CAGE_cluster_656,269.1065662,1,*
NC_001491.2,+,CAGE_cluster_657,155.424308362,1,*
NC_001491.2,+,CAGE_cluster_658,197.745699031,1,*
NC_001491.2,+,CAGE_cluster_659,111.819300011,1,*
NC_001491.2,+,CAGE_cluster_66,105.163529288,1,*
NC_001491.2,+,CAGE_cluster_660,545.784958609,2,*
NC_001491.2,+,CAGE_cluster_661,8784.304399365,8,***
NC_001491.2,+,CAGE_cluster_662,353.170007393,2,*
NC_001491.2,+,CAGE_cluster_663,10382.903119899,9,***
NC_001491.2,+,CAGE_cluster_664,105.163529288,1,*
NC_001491.2,+,CAGE_cluster_665,197.745699031,1,*
NC_001491.2,+,CAGE_cluster_666,2154.911733178,5,***
NC_001491.2,+,CAGE_cluster_667,269.1065662,1,*
NC_001491.2,+,CAGE_cluster_668,111.819300011,1,*
NC_001491.2,+,CAGE_cluster_669,302.909228319,2,*
NC_001491.2,+,CAGE_cluster_67,197.745699031,1,*
NC_001491.2,+,CAGE_cluster_670,197.745699031,1,*
NC_001491.2,+,CAGE_cluster_671,155.424308362,1,*
NC_001491.2,+,CAGE_cluster_672,4975.552276916,9,***
NC_001491.2,+,CAGE_cluster_673,15996.985830107,9,***
NC_001491.2,+,CAGE_cluster_674,806.684746622,3,**
NC_001491.2,+,CAGE_cluster_675,105.163529288,1,*
NC_001491.2,+,CAGE_cluster_676,269.1065662,1,*
NC_001491.2,+,CAGE_cluster_677,197.745699031,1,*
NC_001491.2,+,CAGE_cluster_678,155.424308362,1,*
NC_001491.2,+,CAGE_cluster_679,155.424308362,1,*
NC_001491.2,+,CAGE_cluster_68,122249.795999919,9,***
NC_001491.2,+,CAGE_cluster_680,804.953651477,3,**
NC_001491.2,+,CAGE_cluster_681,105.163529288,1,*
NC_001491.2,+,CAGE_cluster_682,111.819300011,1,*
NC_001491.2,+,CAGE_cluster_683,484.226437672,3,**
NC_001491.2,+,CAGE_cluster_684,3920.396308745,8,***
NC_001491.2,+,CAGE_cluster_685,97815.579059717,9,***
NC_001491.2,+,CAGE_cluster_686,2603.704607696,6,***
NC_001491.2,+,CAGE_cluster_687,197.745699031,1,*
NC_001491.2,+,CAGE_cluster_688,1192.429410285,5,***
NC_001491.2,+,CAGE_cluster_689,105.163529288,1,*
NC_001491.2,+,CAGE_cluster_69,1222.696892634,4,**
NC_001491.2,+,CAGE_cluster_690,197.745699031,1,*
NC_001491.2,+,CAGE_cluster_691,155.424308362,1,*
NC_001491.2,+,CAGE_cluster_692,1738.078841794,5,***
NC_001491.2,+,CAGE_cluster_693,197.745699031,1,*
NC_001491.2,+,CAGE_cluster_694,197.745699031,1,*
NC_001491.2,+,CAGE_cluster_695,302.909228319,2,*
NC_001491.2,+,CAGE_cluster_696,155.424308362,1,*
NC_001491.2,+,CAGE_cluster_697,155.424308362,1,*
NC_001491.2,+,CAGE_cluster_698,302.909228319,2,*
NC_001491.2,+,CAGE_cluster_699,111.819300011,1,*
NC_001491.2,+,CAGE_cluster_7,155.424308362,1,*
NC_001491.2,+,CAGE_cluster_70,111.819300011,1,*
NC_001491.2,+,CAGE_cluster_700,105.163529288,1,*
NC_001491.2,+,CAGE_cluster_701,197.745699031,1,*
NC_001491.2,+,CAGE_cluster_702,353.170007393,2,*
NC_001491.2,+,CAGE_cluster_703,155.424308362,1,*
NC_001491.2,+,CAGE_cluster_704,105.163529288,1,*
NC_001491.2,+,CAGE_cluster_705,52428.621414893,9,***
NC_001491.2,+,CAGE_cluster_706,269.1065662,1,*
NC_001491.2,+,CAGE_cluster_707,742.111512858,2,*
NC_001491.2,+,CAGE_cluster_708,3260.505806602,6,***
NC_001491.2,+,CAGE_cluster_709,223.638600022,1,*
NC_001491.2,+,CAGE_cluster_71,310.848616724,1,*
NC_001491.2,+,CAGE_cluster_710,664.597964262,3,**
NC_001491.2,+,CAGE_cluster_711,466.852265231,2,*
NC_001491.2,+,CAGE_cluster_712,111.819300011,1,*
NC_001491.2,+,CAGE_cluster_713,197.745699031,1,*
NC_001491.2,+,CAGE_cluster_714,197.745699031,1,*
NC_001491.2,+,CAGE_cluster_715,197.745699031,1,*
NC_001491.2,+,CAGE_cluster_716,544.365813827,1,*
NC_001491.2,+,CAGE_cluster_717,269.1065662,1,*
NC_001491.2,+,CAGE_cluster_718,1025.530533748,4,**
NC_001491.2,+,CAGE_cluster_719,664.597964262,2,*
NC_001491.2,+,CAGE_cluster_72,762.776506484,1,*
NC_001491.2,+,CAGE_cluster_720,374.270095488,2,*
NC_001491.2,+,CAGE_cluster_721,14069.896737759,9,***
NC_001491.2,+,CAGE_cluster_722,111.819300011,1,*
NC_001491.2,+,CAGE_cluster_723,111.819300011,1,*
NC_001491.2,+,CAGE_cluster_724,904.085713817,2,*
NC_001491.2,+,CAGE_cluster_725,1326.57680424,6,***
NC_001491.2,+,CAGE_cluster_726,111.819300011,1,*
NC_001491.2,+,CAGE_cluster_727,762.776506484,1,*
NC_001491.2,+,CAGE_cluster_728,105.163529288,1,*
NC_001491.2,+,CAGE_cluster_729,111.819300011,1,*
NC_001491.2,+,CAGE_cluster_73,763.079738271,3,**
NC_001491.2,+,CAGE_cluster_730,155.424308362,1,*
NC_001491.2,+,CAGE_cluster_731,197.745699031,1,*
NC_001491.2,+,CAGE_cluster_732,8228.51011937,8,***
NC_001491.2,+,CAGE_cluster_733,111.819300011,1,*
NC_001491.2,+,CAGE_cluster_734,43094.303212475,9,***
NC_001491.2,+,CAGE_cluster_735,453.514739229,1,*
NC_001491.2,+,CAGE_cluster_736,1849.898141805,6,***
NC_001491.2,+,CAGE_cluster_737,302.909228319,2,*
NC_001491.2,+,CAGE_cluster_738,867.940035772,2,*
NC_001491.2,+,CAGE_cluster_739,2004.618172631,6,***
NC_001491.2,+,CAGE_cluster_74,105.163529288,1,*
NC_001491.2,+,CAGE_cluster_740,4439.455067837,7,***
NC_001491.2,+,CAGE_cluster_741,105.163529288,1,*
NC_001491.2,+,CAGE_cluster_742,155.424308362,1,*
NC_001491.2,+,CAGE_cluster_743,197.745699031,1,*
NC_001491.2,+,CAGE_cluster_744,453.514739229,1,*
NC_001491.2,+,CAGE_cluster_745,714.102576879,3,**
NC_001491.2,+,CAGE_cluster_746,197.745699031,1,*
NC_001491.2,+,CAGE_cluster_747,544.365813827,1,*
NC_001491.2,+,CAGE_cluster_748,269.1065662,1,*
NC_001491.2,+,CAGE_cluster_749,453.514739229,1,*
NC_001491.2,+,CAGE_cluster_75,365.751366938,2,*
NC_001491.2,+,CAGE_cluster_750,155.424308362,1,*
NC_001491.2,+,CAGE_cluster_751,223.638600022,1,*
NC_001491.2,+,CAGE_cluster_752,197.745699031,1,*
NC_001491.2,+,CAGE_cluster_753,223.638600022,1,*
NC_001491.2,+,CAGE_cluster_754,197.745699031,1,*
NC_001491.2,+,CAGE_cluster_755,374.270095488,2,*
NC_001491.2,+,CAGE_cluster_756,197.745699031,1,*
NC_001491.2,+,CAGE_cluster_757,155.424308362,1,*
NC_001491.2,+,CAGE_cluster_758,302.909228319,2,*
NC_001491.2,+,CAGE_cluster_759,544.365813827,1,*
NC_001491.2,+,CAGE_cluster_76,1255.347799753,3,**
NC_001491.2,+,CAGE_cluster_760,155.424308362,1,*
NC_001491.2,+,CAGE_cluster_761,328.80212931,2,*
NC_001491.2,+,CAGE_cluster_762,197.745699031,1,*
NC_001491.2,+,CAGE_cluster_763,111.819300011,1,*
NC_001491.2,+,CAGE_cluster_764,612.474227361,3,**
NC_001491.2,+,CAGE_cluster_765,105.163529288,1,*
NC_001491.2,+,CAGE_cluster_766,302.909228319,2,*
NC_001491.2,+,CAGE_cluster_767,216.982829299,2,*
NC_001491.2,+,CAGE_cluster_768,424.530874562,2,*
NC_001491.2,+,CAGE_cluster_769,269.1065662,1,*
NC_001491.2,+,CAGE_cluster_77,111.819300011,1,*
NC_001491.2,+,CAGE_cluster_770,3594.735700787,7,***
NC_001491.2,+,CAGE_cluster_771,810.219926392,3,**
NC_001491.2,+,CAGE_cluster_772,197.745699031,1,*
NC_001491.2,+,CAGE_cluster_773,453.514739229,1,*
NC_001491.2,+,CAGE_cluster_774,111.819300011,1,*
NC_001491.2,+,CAGE_cluster_775,155.424308362,1,*
NC_001491.2,+,CAGE_cluster_776,105.163529288,1,*
NC_001491.2,+,CAGE_cluster_777,544.365813827,1,*
NC_001491.2,+,CAGE_cluster_778,544.365813827,1,*
NC_001491.2,+,CAGE_cluster_779,5103.352589142,8,***
NC_001491.2,+,CAGE_cluster_78,210.327058576,1,*
NC_001491.2,+,CAGE_cluster_780,111.819300011,1,*
NC_001491.2,+,CAGE_cluster_781,210.327058576,1,*
NC_001491.2,+,CAGE_cluster_782,111.819300011,1,*
NC_001491.2,+,CAGE_cluster_783,269.1065662,1,*
NC_001491.2,+,CAGE_cluster_784,155.424308362,1,*
NC_001491.2,+,CAGE_cluster_785,322.146358587,2,*
NC_001491.2,+,CAGE_cluster_786,197.745699031,1,*
NC_001491.2,+,CAGE_cluster_787,2318.55775303,7,***
NC_001491.2,+,CAGE_cluster_788,111.819300011,1,*
NC_001491.2,+,CAGE_cluster_789,197.745699031,1,*
NC_001491.2,+,CAGE_cluster_79,197.745699031,1,*
NC_001491.2,+,CAGE_cluster_790,105.163529288,1,*
NC_001491.2,+,CAGE_cluster_791,353.170007393,2,*
NC_001491.2,+,CAGE_cluster_792,17647.951411701,9,***
NC_001491.2,+,CAGE_cluster_793,105.163529288,1,*
NC_001491.2,+,CAGE_cluster_794,3023.829650997,7,***
NC_001491.2,+,CAGE_cluster_795,1356.013603577,2,*
NC_001491.2,+,CAGE_cluster_796,2689.369322648,6,***
NC_001491.2,+,CAGE_cluster_797,111.819300011,1,*
NC_001491.2,+,CAGE_cluster_798,105.163529288,1,*
NC_001491.2,+,CAGE_cluster_799,155.424308362,1,*
NC_001491.2,+,CAGE_cluster_8,197.745699031,1,*
NC_001491.2,+,CAGE_cluster_80,155.424308362,1,*
NC_001491.2,+,CAGE_cluster_800,105.163529288,1,*
NC_001491.2,+,CAGE_cluster_801,197.745699031,1,*
NC_001491.2,+,CAGE_cluster_802,395.491398062,1,*
NC_001491.2,+,CAGE_cluster_803,197.745699031,1,*
NC_001491.2,+,CAGE_cluster_804,656.185113838,2,*
NC_001491.2,+,CAGE_cluster_805,111.819300011,1,*
NC_001491.2,+,CAGE_cluster_806,408.072757607,2,*
NC_001491.2,+,CAGE_cluster_807,197.745699031,1,*
NC_001491.2,+,CAGE_cluster_808,197.745699031,1,*
NC_001491.2,+,CAGE_cluster_809,197.745699031,1,*
NC_001491.2,+,CAGE_cluster_81,111.819300011,1,*
NC_001491.2,+,CAGE_cluster_810,155.424308362,1,*
NC_001491.2,+,CAGE_cluster_811,197.745699031,1,*
NC_001491.2,+,CAGE_cluster_812,544.365813827,1,*
NC_001491.2,+,CAGE_cluster_813,269.1065662,1,*
NC_001491.2,+,CAGE_cluster_814,155.424308362,1,*
NC_001491.2,+,CAGE_cluster_815,593.237097093,1,*
NC_001491.2,+,CAGE_cluster_816,197.745699031,1,*
NC_001491.2,+,CAGE_cluster_817,111.819300011,1,*
NC_001491.2,+,CAGE_cluster_818,216.982829299,2,*
NC_001491.2,+,CAGE_cluster_819,466.852265231,2,*
NC_001491.2,+,CAGE_cluster_82,395.491398062,1,*
NC_001491.2,+,CAGE_cluster_820,762.776506484,1,*
NC_001491.2,+,CAGE_cluster_821,105.163529288,1,*
NC_001491.2,+,CAGE_cluster_822,155.424308362,1,*
NC_001491.2,+,CAGE_cluster_823,544.365813827,1,*
NC_001491.2,+,CAGE_cluster_824,197.745699031,1,*
NC_001491.2,+,CAGE_cluster_825,197.745699031,1,*
NC_001491.2,+,CAGE_cluster_826,155.424308362,1,*
NC_001491.2,+,CAGE_cluster_827,105.163529288,1,*
NC_001491.2,+,CAGE_cluster_828,105.163529288,1,*
NC_001491.2,+,CAGE_cluster_829,544.365813827,1,*
NC_001491.2,+,CAGE_cluster_83,20551.839035505,9,***
NC_001491.2,+,CAGE_cluster_830,111.819300011,1,*
NC_001491.2,+,CAGE_cluster_831,453.514739229,1,*
NC_001491.2,+,CAGE_cluster_832,269.1065662,1,*
NC_001491.2,+,CAGE_cluster_833,380.925866211,2,*
NC_001491.2,+,CAGE_cluster_834,827.784834717,3,**
NC_001491.2,+,CAGE_cluster_835,24468.663319812,9,***
NC_001491.2,+,CAGE_cluster_836,111.819300011,1,*
NC_001491.2,+,CAGE_cluster_837,111.819300011,1,*
NC_001491.2,+,CAGE_cluster_838,197.745699031,1,*
NC_001491.2,+,CAGE_cluster_839,827.784834717,3,**
NC_001491.2,+,CAGE_cluster_84,6452.11728742,8,***
NC_001491.2,+,CAGE_cluster_840,302.909228319,2,*
NC_001491.2,+,CAGE_cluster_841,1833.690148652,5,***
NC_001491.2,+,CAGE_cluster_842,1877.798246299,5,***
NC_001491.2,+,CAGE_cluster_843,663.841797805,2,*
NC_001491.2,+,CAGE_cluster_844,269.1065662,1,*
NC_001491.2,+,CAGE_cluster_845,500.65492735,2,*
NC_001491.2,+,CAGE_cluster_846,210.327058576,1,*
NC_001491.2,+,CAGE_cluster_847,197.745699031,1,*
NC_001491.2,+,CAGE_cluster_848,197.745699031,1,*
NC_001491.2,+,CAGE_cluster_849,201992.674786318,9,***
NC_001491.2,+,CAGE_cluster_85,6681.60655666,8,***
NC_001491.2,+,CAGE_cluster_850,111.819300011,1,*
NC_001491.2,+,CAGE_cluster_851,1098.56362286,4,**
NC_001491.2,+,CAGE_cluster_852,756.423967548,3,**
NC_001491.2,+,CAGE_cluster_853,625.055586906,3,**
NC_001491.2,+,CAGE_cluster_854,155.424308362,1,*
NC_001491.2,+,CAGE_cluster_855,2282.554198166,6,***
NC_001491.2,+,CAGE_cluster_856,1056.242232191,5,***
NC_001491.2,+,CAGE_cluster_857,155.424308362,1,*
NC_001491.2,+,CAGE_cluster_858,6916.887839442,8,***
NC_001491.2,+,CAGE_cluster_859,763.079738271,3,**
NC_001491.2,+,CAGE_cluster_86,374.270095488,2,*
NC_001491.2,+,CAGE_cluster_860,12115.533886499,8,***
NC_001491.2,+,CAGE_cluster_861,7121.417696953,8,***
NC_001491.2,+,CAGE_cluster_862,12391.898973137,9,***
NC_001491.2,+,CAGE_cluster_863,1307.97462595,3,**
NC_001491.2,+,CAGE_cluster_864,424.530874562,2,*
NC_001491.2,+,CAGE_cluster_865,578.671565242,3,**
NC_001491.2,+,CAGE_cluster_866,1793.125837684,6,***
NC_001491.2,+,CAGE_cluster_867,12428.941132688,9,***
NC_001491.2,+,CAGE_cluster_868,210.327058576,1,*
NC_001491.2,+,CAGE_cluster_869,197.745699031,1,*
NC_001491.2,+,CAGE_cluster_87,479.433624776,2,*
NC_001491.2,+,CAGE_cluster_870,197.745699031,1,*
NC_001491.2,+,CAGE_cluster_871,155.424308362,1,*
NC_001491.2,+,CAGE_cluster_872,105.163529288,1,*
NC_001491.2,+,CAGE_cluster_873,197.745699031,1,*
NC_001491.2,+,CAGE_cluster_874,111.819300011,1,*
NC_001491.2,+,CAGE_cluster_875,395.491398062,2,*
NC_001491.2,+,CAGE_cluster_876,544.365813827,1,*
NC_001491.2,+,CAGE_cluster_877,197.745699031,1,*
NC_001491.2,+,CAGE_cluster_878,269.1065662,1,*
NC_001491.2,+,CAGE_cluster_879,834.44060544,3,**
NC_001491.2,+,CAGE_cluster_88,2314.781571083,5,***
NC_001491.2,+,CAGE_cluster_880,107934.137304618,9,***
NC_001491.2,+,CAGE_cluster_881,197.745699031,1,*
NC_001491.2,+,CAGE_cluster_882,1778.254570198,5,***
NC_001491.2,+,CAGE_cluster_883,197.745699031,1,*
NC_001491.2,+,CAGE_cluster_884,105.163529288,1,*
NC_001491.2,+,CAGE_cluster_885,111.819300011,1,*
NC_001491.2,+,CAGE_cluster_886,111.819300011,1,*
NC_001491.2,+,CAGE_cluster_887,111.819300011,1,*
NC_001491.2,+,CAGE_cluster_888,105.163529288,1,*
NC_001491.2,+,CAGE_cluster_889,197.745699031,1,*
NC_001491.2,+,CAGE_cluster_89,544.365813827,1,*
NC_001491.2,+,CAGE_cluster_890,902.101541511,4,**
NC_001491.2,+,CAGE_cluster_891,302.909228319,2,*
NC_001491.2,+,CAGE_cluster_892,197.745699031,1,*
NC_001491.2,+,CAGE_cluster_893,105.163529288,1,*
NC_001491.2,+,CAGE_cluster_894,216.982829299,2,*
NC_001491.2,+,CAGE_cluster_895,267.243608373,2,*
NC_001491.2,+,CAGE_cluster_896,105.163529288,1,*
NC_001491.2,+,CAGE_cluster_897,322.146358587,2,*
NC_001491.2,+,CAGE_cluster_898,152043.7160722,9,***
NC_001491.2,+,CAGE_cluster_899,105.163529288,1,*
NC_001491.2,+,CAGE_cluster_9,526.547828341,3,**
NC_001491.2,+,CAGE_cluster_90,155.424308362,1,*
NC_001491.2,+,CAGE_cluster_900,260.58783765,2,*
NC_001491.2,+,CAGE_cluster_901,309.564999042,2,*
NC_001491.2,+,CAGE_cluster_902,1115.946513877,3,**
NC_001491.2,+,CAGE_cluster_903,105.163529288,1,*
NC_001491.2,+,CAGE_cluster_904,453.514739229,1,*
NC_001491.2,+,CAGE_cluster_905,105.163529288,1,*
NC_001491.2,+,CAGE_cluster_906,197.745699031,1,*
NC_001491.2,+,CAGE_cluster_907,197.745699031,1,*
NC_001491.2,+,CAGE_cluster_908,309.564999042,2,*
NC_001491.2,+,CAGE_cluster_909,111.819300011,1,*
NC_001491.2,+,CAGE_cluster_91,197.745699031,1,*
NC_001491.2,+,CAGE_cluster_910,714.102576879,3,**
NC_001491.2,+,CAGE_cluster_911,111.819300011,1,*
NC_001491.2,+,CAGE_cluster_912,860.480705466,3,**
NC_001491.2,+,CAGE_cluster_913,309.564999042,2,*
NC_001491.2,+,CAGE_cluster_914,1780.847709926,5,***
NC_001491.2,+,CAGE_cluster_915,538.2131324,1,*
NC_001491.2,+,CAGE_cluster_916,1739.992065914,3,**
NC_001491.2,+,CAGE_cluster_917,111.819300011,1,*
NC_001491.2,+,CAGE_cluster_918,155.424308362,1,*
NC_001491.2,+,CAGE_cluster_919,6139.972751222,8,***
NC_001491.2,+,CAGE_cluster_92,105.163529288,1,*
NC_001491.2,+,CAGE_cluster_920,111.819300011,1,*
NC_001491.2,+,CAGE_cluster_921,111.819300011,1,*
NC_001491.2,+,CAGE_cluster_922,761.348643126,3,**
NC_001491.2,+,CAGE_cluster_923,544.365813827,1,*
NC_001491.2,+,CAGE_cluster_924,267.243608373,2,*
NC_001491.2,+,CAGE_cluster_925,269.1065662,1,*
NC_001491.2,+,CAGE_cluster_926,111.819300011,1,*
NC_001491.2,+,CAGE_cluster_927,6989.263544277,7,***
NC_001491.2,+,CAGE_cluster_928,155.424308362,1,*
NC_001491.2,+,CAGE_cluster_929,916.772951488,4,**
NC_001491.2,+,CAGE_cluster_93,874.595806495,2,*
NC_001491.2,+,CAGE_cluster_930,197.745699031,1,*
NC_001491.2,+,CAGE_cluster_931,269.1065662,1,*
NC_001491.2,+,CAGE_cluster_932,197.745699031,1,*
NC_001491.2,+,CAGE_cluster_933,965.644234754,4,**
NC_001491.2,+,CAGE_cluster_934,105.163529288,1,*
NC_001491.2,+,CAGE_cluster_935,197.745699031,1,*
NC_001491.2,+,CAGE_cluster_936,197.745699031,1,*
NC_001491.2,+,CAGE_cluster_937,155.424308362,1,*
NC_001491.2,+,CAGE_cluster_938,105.163529288,1,*
NC_001491.2,+,CAGE_cluster_939,1062.45378682,2,*
NC_001491.2,+,CAGE_cluster_94,197.745699031,1,*
NC_001491.2,+,CAGE_cluster_940,197.745699031,1,*
NC_001491.2,+,CAGE_cluster_941,453.514739229,1,*
NC_001491.2,+,CAGE_cluster_942,9664.660538414,9,***
NC_001491.2,+,CAGE_cluster_943,111.819300011,1,*
NC_001491.2,+,CAGE_cluster_944,197.745699031,1,*
NC_001491.2,+,CAGE_cluster_945,155.424308362,1,*
NC_001491.2,+,CAGE_cluster_946,267.243608373,2,*
NC_001491.2,+,CAGE_cluster_947,698.400626381,3,**
NC_001491.2,+,CAGE_cluster_948,464.989307404,3,**
NC_001491.2,+,CAGE_cluster_949,269.1065662,1,*
NC_001491.2,+,CAGE_cluster_95,111.819300011,1,*
NC_001491.2,+,CAGE_cluster_950,558.678268517,2,*
NC_001491.2,+,CAGE_cluster_951,8359.466436741,8,***
NC_001491.2,+,CAGE_cluster_952,1286.874537855,4,**
NC_001491.2,+,CAGE_cluster_953,155.424308362,1,*
NC_001491.2,+,CAGE_cluster_954,834.44060544,3,**
NC_001491.2,+,CAGE_cluster_955,269.1065662,1,*
NC_001491.2,+,CAGE_cluster_956,1096.700665033,4,**
NC_001491.2,+,CAGE_cluster_957,570.152836692,4,**
NC_001491.2,+,CAGE_cluster_958,155.424308362,1,*
NC_001491.2,+,CAGE_cluster_959,1002.699350508,4,**
NC_001491.2,+,CAGE_cluster_96,155.424308362,1,*
NC_001491.2,+,CAGE_cluster_960,111.819300011,1,*
NC_001491.2,+,CAGE_cluster_961,677.179323807,3,**
NC_001491.2,+,CAGE_cluster_962,197.745699031,1,*
NC_001491.2,+,CAGE_cluster_963,111.819300011,1,*
NC_001491.2,+,CAGE_cluster_964,544.365813827,1,*
NC_001491.2,+,CAGE_cluster_965,78792.579721705,9,***
NC_001491.2,+,CAGE_cluster_966,269.1065662,1,*
NC_001491.2,+,CAGE_cluster_967,806.684746622,3,**
NC_001491.2,+,CAGE_cluster_968,507.310698073,2,*
NC_001491.2,+,CAGE_cluster_969,1170.849264091,3,**
NC_001491.2,+,CAGE_cluster_97,105.163529288,1,*
NC_001491.2,+,CAGE_cluster_970,918.200814846,2,*
NC_001491.2,+,CAGE_cluster_971,1772.131627715,5,***
NC_001491.2,+,CAGE_cluster_972,748.661405455,2,*
NC_001491.2,+,CAGE_cluster_973,155.424308362,1,*
NC_001491.2,+,CAGE_cluster_974,1419.158973983,5,***
NC_001491.2,+,CAGE_cluster_975,197.745699031,1,*
NC_001491.2,+,CAGE_cluster_976,544.365813827,1,*
NC_001491.2,+,CAGE_cluster_977,1468.191747208,5,***
NC_001491.2,+,CAGE_cluster_978,155.424308362,1,*
NC_001491.2,+,CAGE_cluster_979,1300.989638884,2,*
NC_001491.2,+,CAGE_cluster_98,453.514739229,1,*
NC_001491.2,+,CAGE_cluster_980,269.1065662,1,*
NC_001491.2,+,CAGE_cluster_981,267.243608373,2,*
NC_001491.2,+,CAGE_cluster_982,111.819300011,1,*
NC_001491.2,+,CAGE_cluster_983,508.594315755,2,*
NC_001491.2,+,CAGE_cluster_984,215265.606095585,9,***
NC_001491.2,+,CAGE_cluster_985,6537.26911513,7,***
NC_001491.2,+,CAGE_cluster_986,1078.570326135,4,**
NC_001491.2,+,CAGE_cluster_987,1903.517274338,7,***
NC_001491.2,+,CAGE_cluster_988,422.667916735,2,*
NC_001491.2,+,CAGE_cluster_989,795.654394541,4,**
NC_001491.2,+,CAGE_cluster_99,55963.691315395,9,***
NC_001491.2,+,CAGE_cluster_990,1775.970039273,5,***
NC_001491.2,+,CAGE_cluster_991,544.365813827,1,*
NC_001491.2,+,CAGE_cluster_992,302.909228319,2,*
NC_001491.2,+,CAGE_cluster_993,1927.441339375,5,***
NC_001491.2,+,CAGE_cluster_994,21361.463019243,9,***
NC_001491.2,+,CAGE_cluster_995,155.424308362,1,*
NC_001491.2,+,CAGE_cluster_996,197.745699031,1,*
NC_001491.2,+,CAGE_cluster_997,111.819300011,1,*
NC_001491.2,+,CAGE_cluster_998,1049.586461469,5,***
NC_001491.2,+,CAGE_cluster_999,111.819300011,1,*
NC_001491.2,-,CAGE_cluster_1067,155.424308362,1,*
NC_001491.2,-,CAGE_cluster_1068,105.163529288,1,*
NC_001491.2,-,CAGE_cluster_1069,197.745699031,1,*
NC_001491.2,-,CAGE_cluster_1070,197.745699031,1,*
NC_001491.2,-,CAGE_cluster_1071,197.745699031,1,*
NC_001491.2,-,CAGE_cluster_1072,1130.694063036,4,**
NC_001491.2,-,CAGE_cluster_1073,612.474227361,4,**
NC_001491.2,-,CAGE_cluster_1074,2886.06710351,7,***
NC_001491.2,-,CAGE_cluster_1075,101596.884408119,9,***
NC_001491.2,-,CAGE_cluster_1076,111.819300011,1,*
NC_001491.2,-,CAGE_cluster_1077,155.424308362,1,*
NC_001491.2,-,CAGE_cluster_1078,57730.841172299,9,***
NC_001491.2,-,CAGE_cluster_1079,453.514739229,1,*
NC_001491.2,-,CAGE_cluster_1080,197.745699031,1,*
NC_001491.2,-,CAGE_cluster_1081,111.819300011,1,*
NC_001491.2,-,CAGE_cluster_1082,421.384299053,2,*
NC_001491.2,-,CAGE_cluster_1083,111.819300011,1,*
NC_001491.2,-,CAGE_cluster_1084,155.424308362,1,*
NC_001491.2,-,CAGE_cluster_1085,111.819300011,1,*
NC_001491.2,-,CAGE_cluster_1086,197.745699031,1,*
NC_001491.2,-,CAGE_cluster_1087,1553.020402132,3,**
NC_001491.2,-,CAGE_cluster_1088,761.348643126,3,**
NC_001491.2,-,CAGE_cluster_1089,309.564999042,2,*
NC_001491.2,-,CAGE_cluster_1090,755.195961699,3,**
NC_001491.2,-,CAGE_cluster_1091,9681.604499373,9,***
NC_001491.2,-,CAGE_cluster_1092,42354.110062524,9,***
NC_001491.2,-,CAGE_cluster_1093,5607.352135025,8,***
NC_001491.2,-,CAGE_cluster_1094,2014.171297978,5,***
NC_001491.2,-,CAGE_cluster_1095,155.424308362,1,*
NC_001491.2,-,CAGE_cluster_1096,111.819300011,1,*
NC_001491.2,-,CAGE_cluster_1097,959.094342157,4,**
NC_001491.2,-,CAGE_cluster_1098,1023.364344134,3,**
NC_001491.2,-,CAGE_cluster_1099,544.365813827,1,*
NC_001491.2,-,CAGE_cluster_1100,197.745699031,1,*
NC_001491.2,-,CAGE_cluster_1101,395.491398062,1,*
NC_001491.2,-,CAGE_cluster_1102,691.774482935,3,**
NC_001491.2,-,CAGE_cluster_1103,197.745699031,1,*
NC_001491.2,-,CAGE_cluster_1104,372.407137661,3,**
NC_001491.2,-,CAGE_cluster_1105,111.819300011,1,*
NC_001491.2,-,CAGE_cluster_1106,558.678268517,2,*
NC_001491.2,-,CAGE_cluster_1107,269.1065662,1,*
NC_001491.2,-,CAGE_cluster_1108,216.982829299,2,*
NC_001491.2,-,CAGE_cluster_1109,414.72852833,3,**
NC_001491.2,-,CAGE_cluster_1110,1137.349833759,5,***
NC_001491.2,-,CAGE_cluster_1111,216.982829299,2,*
NC_001491.2,-,CAGE_cluster_1112,69186.87112231,9,***
NC_001491.2,-,CAGE_cluster_1113,105.163529288,1,*
NC_001491.2,-,CAGE_cluster_1114,155.424308362,1,*
NC_001491.2,-,CAGE_cluster_1115,197.745699031,1,*
NC_001491.2,-,CAGE_cluster_1116,761.242765,4,**
NC_001491.2,-,CAGE_cluster_1117,197.745699031,1,*
NC_001491.2,-,CAGE_cluster_1118,155.424308362,1,*
NC_001491.2,-,CAGE_cluster_1119,111.819300011,1,*
NC_001491.2,-,CAGE_cluster_1120,2083.559584584,5,***
NC_001491.2,-,CAGE_cluster_1121,651.26043826,2,*
NC_001491.2,-,CAGE_cluster_1122,111.819300011,1,*
NC_001491.2,-,CAGE_cluster_1123,762.776506484,1,*
NC_001491.2,-,CAGE_cluster_1124,544.365813827,1,*
NC_001491.2,-,CAGE_cluster_1125,20599.270658559,9,***
NC_001491.2,-,CAGE_cluster_1126,105.163529288,1,*
NC_001491.2,-,CAGE_cluster_1127,888.236564285,4,**
NC_001491.2,-,CAGE_cluster_1128,197.745699031,1,*
NC_001491.2,-,CAGE_cluster_1129,269.1065662,1,*
NC_001491.2,-,CAGE_cluster_1130,197.745699031,1,*
NC_001491.2,-,CAGE_cluster_1131,874.899038282,3,**
NC_001491.2,-,CAGE_cluster_1132,395.491398062,1,*
NC_001491.2,-,CAGE_cluster_1133,111.819300011,1,*
NC_001491.2,-,CAGE_cluster_1134,197.745699031,1,*
NC_001491.2,-,CAGE_cluster_1135,111.819300011,1,*
NC_001491.2,-,CAGE_cluster_1136,105.163529288,1,*
NC_001491.2,-,CAGE_cluster_1137,1143.702372695,3,**
NC_001491.2,-,CAGE_cluster_1138,197.745699031,1,*
NC_001491.2,-,CAGE_cluster_1139,197.745699031,1,*
NC_001491.2,-,CAGE_cluster_1140,111.819300011,1,*
NC_001491.2,-,CAGE_cluster_1141,111.819300011,1,*
NC_001491.2,-,CAGE_cluster_1142,111.819300011,1,*
NC_001491.2,-,CAGE_cluster_1143,699.790122189,2,*
NC_001491.2,-,CAGE_cluster_1144,105.163529288,1,*
NC_001491.2,-,CAGE_cluster_1145,269.1065662,1,*
NC_001491.2,-,CAGE_cluster_1146,105.163529288,1,*
NC_001491.2,-,CAGE_cluster_1147,651.26043826,2,*
NC_001491.2,-,CAGE_cluster_1148,997.880553056,2,*
NC_001491.2,-,CAGE_cluster_1149,155.424308362,1,*
NC_001491.2,-,CAGE_cluster_1150,4690.929612105,8,***
NC_001491.2,-,CAGE_cluster_1151,762.776506484,1,*
NC_001491.2,-,CAGE_cluster_1152,9141.218838931,8,***
NC_001491.2,-,CAGE_cluster_1153,918.200814846,2,*
NC_001491.2,-,CAGE_cluster_1154,993.400093572,5,***
NC_001491.2,-,CAGE_cluster_1155,155.424308362,1,*
NC_001491.2,-,CAGE_cluster_1156,197.745699031,1,*
NC_001491.2,-,CAGE_cluster_1157,544.365813827,1,*
NC_001491.2,-,CAGE_cluster_1158,269.1065662,1,*
NC_001491.2,-,CAGE_cluster_1159,216.982829299,2,*
NC_001491.2,-,CAGE_cluster_1160,395.491398062,1,*
NC_001491.2,-,CAGE_cluster_1161,2376.590215822,7,***
NC_001491.2,-,CAGE_cluster_1162,867.940035772,2,*
NC_001491.2,-,CAGE_cluster_1163,3175.070113884,7,***
NC_001491.2,-,CAGE_cluster_1164,105.163529288,1,*
NC_001491.2,-,CAGE_cluster_1165,544.365813827,1,*
NC_001491.2,-,CAGE_cluster_1166,466.852265231,2,*
NC_001491.2,-,CAGE_cluster_1167,269.1065662,1,*
NC_001491.2,-,CAGE_cluster_1168,197.745699031,1,*
NC_001491.2,-,CAGE_cluster_1169,269.1065662,1,*
NC_001491.2,-,CAGE_cluster_1170,223.638600022,1,*
NC_001491.2,-,CAGE_cluster_1171,544.365813827,1,*
NC_001491.2,-,CAGE_cluster_1172,216.982829299,2,*
NC_001491.2,-,CAGE_cluster_1173,111.819300011,1,*
NC_001491.2,-,CAGE_cluster_1174,656.185113838,2,*
NC_001491.2,-,CAGE_cluster_1175,269.1065662,1,*
NC_001491.2,-,CAGE_cluster_1176,269.1065662,1,*
NC_001491.2,-,CAGE_cluster_1177,111.819300011,1,*
NC_001491.2,-,CAGE_cluster_1178,155.424308362,1,*
NC_001491.2,-,CAGE_cluster_1179,111.819300011,1,*
NC_001491.2,-,CAGE_cluster_1180,544.365813827,1,*
NC_001491.2,-,CAGE_cluster_1181,216.982829299,2,*
NC_001491.2,-,CAGE_cluster_1182,1660.36248233,5,***
NC_001491.2,-,CAGE_cluster_1183,105.163529288,1,*
NC_001491.2,-,CAGE_cluster_1184,453.514739229,1,*
NC_001491.2,-,CAGE_cluster_1185,197.745699031,1,*
NC_001491.2,-,CAGE_cluster_1186,544.365813827,1,*
NC_001491.2,-,CAGE_cluster_1187,374.270095488,2,*
NC_001491.2,-,CAGE_cluster_1188,353.170007393,2,*
NC_001491.2,-,CAGE_cluster_1189,197.745699031,1,*
NC_001491.2,-,CAGE_cluster_1190,155.424308362,1,*
NC_001491.2,-,CAGE_cluster_1191,544.365813827,1,*
NC_001491.2,-,CAGE_cluster_1192,111.819300011,1,*
NC_001491.2,-,CAGE_cluster_1193,536.350174573,3,**
NC_001491.2,-,CAGE_cluster_1194,111.819300011,1,*
NC_001491.2,-,CAGE_cluster_1195,105.163529288,1,*
NC_001491.2,-,CAGE_cluster_1196,1135.183644144,4,**
NC_001491.2,-,CAGE_cluster_1197,570.152836692,4,**
NC_001491.2,-,CAGE_cluster_1198,111.819300011,1,*
NC_001491.2,-,CAGE_cluster_1199,105.163529288,1,*
NC_001491.2,-,CAGE_cluster_1200,197.745699031,1,*
NC_001491.2,-,CAGE_cluster_1201,105.163529288,1,*
NC_001491.2,-,CAGE_cluster_1202,374.270095488,2,*
NC_001491.2,-,CAGE_cluster_1203,322.146358587,2,*
NC_001491.2,-,CAGE_cluster_1204,677.153339251,2,*
NC_001491.2,-,CAGE_cluster_1205,21752.110203323,9,***
NC_001491.2,-,CAGE_cluster_1206,424.530874562,2,*
NC_001491.2,-,CAGE_cluster_1207,762.776506484,1,*
NC_001491.2,-,CAGE_cluster_1208,479.433624776,2,*
NC_001491.2,-,CAGE_cluster_1209,155.424308362,1,*
NC_001491.2,-,CAGE_cluster_1210,155.424308362,1,*
NC_001491.2,-,CAGE_cluster_1211,155.424308362,1,*
NC_001491.2,-,CAGE_cluster_1212,111.819300011,1,*
NC_001491.2,-,CAGE_cluster_1213,536.350174573,3,**
NC_001491.2,-,CAGE_cluster_1214,105.163529288,1,*
NC_001491.2,-,CAGE_cluster_1215,105.163529288,1,*
NC_001491.2,-,CAGE_cluster_1216,111.819300011,1,*
NC_001491.2,-,CAGE_cluster_1217,2848.864980579,7,***
NC_001491.2,-,CAGE_cluster_1218,197.745699031,1,*
NC_001491.2,-,CAGE_cluster_1219,1580.508871167,4,**
NC_001491.2,-,CAGE_cluster_1220,269.1065662,1,*
NC_001491.2,-,CAGE_cluster_1221,155.424308362,1,*
NC_001491.2,-,CAGE_cluster_1222,197.745699031,1,*
NC_001491.2,-,CAGE_cluster_1223,533.203599064,2,*
NC_001491.2,-,CAGE_cluster_1224,197.745699031,1,*
NC_001491.2,-,CAGE_cluster_1225,155.424308362,1,*
NC_001491.2,-,CAGE_cluster_1226,424.530874562,2,*
NC_001491.2,-,CAGE_cluster_1227,26474.116063206,9,***
NC_001491.2,-,CAGE_cluster_1228,197.745699031,1,*
NC_001491.2,-,CAGE_cluster_1229,197.745699031,1,*
NC_001491.2,-,CAGE_cluster_1230,533.203599065,2,*
NC_001491.2,-,CAGE_cluster_1231,105.163529288,1,*
NC_001491.2,-,CAGE_cluster_1232,374.270095488,2,*
NC_001491.2,-,CAGE_cluster_1233,2018.124306237,4,**
NC_001491.2,-,CAGE_cluster_1234,353.170007393,2,*
NC_001491.2,-,CAGE_cluster_1235,1667.29731477,6,***
NC_001491.2,-,CAGE_cluster_1236,353.170007393,2,*
NC_001491.2,-,CAGE_cluster_1237,105.163529288,1,*
NC_001491.2,-,CAGE_cluster_1238,267.243608373,2,*
NC_001491.2,-,CAGE_cluster_1239,155.424308362,1,*
NC_001491.2,-,CAGE_cluster_1240,762.776506484,1,*
NC_001491.2,-,CAGE_cluster_1241,3267.187561881,8,***
NC_001491.2,-,CAGE_cluster_1242,155.424308362,1,*
NC_001491.2,-,CAGE_cluster_1243,105.163529288,1,*
NC_001491.2,-,CAGE_cluster_1244,105.163529288,1,*
NC_001491.2,-,CAGE_cluster_1245,656.079235712,4,**
NC_001491.2,-,CAGE_cluster_1246,878.045613791,3,**
NC_001491.2,-,CAGE_cluster_1247,395.491398062,2,*
NC_001491.2,-,CAGE_cluster_1248,500.65492735,3,**
NC_001491.2,-,CAGE_cluster_1249,105.163529288,1,*
NC_001491.2,-,CAGE_cluster_1250,111.819300011,1,*
NC_001491.2,-,CAGE_cluster_1251,1249.195118326,4,**
NC_001491.2,-,CAGE_cluster_1252,197.745699031,1,*
NC_001491.2,-,CAGE_cluster_1253,395.491398062,1,*
NC_001491.2,-,CAGE_cluster_1254,96141.270644719,9,***
NC_001491.2,-,CAGE_cluster_1255,664.597964262,2,*
NC_001491.2,-,CAGE_cluster_1256,105.163529288,1,*
NC_001491.2,-,CAGE_cluster_1257,197.745699031,1,*
NC_001491.2,-,CAGE_cluster_1258,1792.322278101,5,***
NC_001491.2,-,CAGE_cluster_1259,302.909228319,2,*
NC_001491.2,-,CAGE_cluster_1260,849.006137291,2,*
NC_001491.2,-,CAGE_cluster_1261,269.1065662,1,*
NC_001491.2,-,CAGE_cluster_1262,155.424308362,1,*
NC_001491.2,-,CAGE_cluster_1263,453.514739229,1,*
NC_001491.2,-,CAGE_cluster_1264,424.530874562,2,*
NC_001491.2,-,CAGE_cluster_1265,309.564999042,2,*
NC_001491.2,-,CAGE_cluster_1266,197.745699031,1,*
NC_001491.2,-,CAGE_cluster_1267,558.678268517,2,*
NC_001491.2,-,CAGE_cluster_1268,210.327058576,1,*
NC_001491.2,-,CAGE_cluster_1269,197.745699031,1,*
NC_001491.2,-,CAGE_cluster_1270,105.163529288,1,*
NC_001491.2,-,CAGE_cluster_1271,302.909228319,2,*
NC_001491.2,-,CAGE_cluster_1272,111.819300011,1,*
NC_001491.2,-,CAGE_cluster_1273,353.170007393,2,*
NC_001491.2,-,CAGE_cluster_1274,269.1065662,1,*
NC_001491.2,-,CAGE_cluster_1275,768.004413849,2,*
NC_001491.2,-,CAGE_cluster_1276,105.163529288,1,*
NC_001491.2,-,CAGE_cluster_1277,2086.697441517,6,***
NC_001491.2,-,CAGE_cluster_1278,111.819300011,1,*
NC_001491.2,-,CAGE_cluster_1279,87293.42157783,9,***
NC_001491.2,-,CAGE_cluster_1280,1629.541644392,5,***
NC_001491.2,-,CAGE_cluster_1281,544.365813827,1,*
NC_001491.2,-,CAGE_cluster_1282,269.1065662,1,*
NC_001491.2,-,CAGE_cluster_1283,466.852265231,2,*
NC_001491.2,-,CAGE_cluster_1284,302.909228319,2,*
NC_001491.2,-,CAGE_cluster_1285,558.678268517,2,*
NC_001491.2,-,CAGE_cluster_1286,576.808607415,3,**
NC_001491.2,-,CAGE_cluster_1287,155.424308362,1,*
NC_001491.2,-,CAGE_cluster_1288,769.76149355,3,**
NC_001491.2,-,CAGE_cluster_1289,521.1756753,2,*
NC_001491.2,-,CAGE_cluster_1290,2037.900367806,5,***
NC_001491.2,-,CAGE_cluster_1291,105.163529288,1,*
NC_001491.2,-,CAGE_cluster_1292,111.819300011,1,*
NC_001491.2,-,CAGE_cluster_1293,111.819300011,1,*
NC_001491.2,-,CAGE_cluster_1294,1263.431433834,3,**
NC_001491.2,-,CAGE_cluster_1295,111.819300011,1,*
NC_001491.2,-,CAGE_cluster_1296,105.163529288,1,*
NC_001491.2,-,CAGE_cluster_1297,197.745699031,1,*
NC_001491.2,-,CAGE_cluster_1298,269.1065662,1,*
NC_001491.2,-,CAGE_cluster_1299,79435.216240521,9,***
NC_001491.2,-,CAGE_cluster_1300,267.243608373,2,*
NC_001491.2,-,CAGE_cluster_1301,424.530874562,2,*
NC_001491.2,-,CAGE_cluster_1302,269.1065662,1,*
NC_001491.2,-,CAGE_cluster_1303,105.163529288,1,*
NC_001491.2,-,CAGE_cluster_1304,544.365813827,1,*
NC_001491.2,-,CAGE_cluster_1305,105.163529288,1,*
NC_001491.2,-,CAGE_cluster_1306,111.819300011,1,*
NC_001491.2,-,CAGE_cluster_1307,197.745699031,1,*
NC_001491.2,-,CAGE_cluster_1308,105.163529288,1,*
NC_001491.2,-,CAGE_cluster_1309,111.819300011,1,*
NC_001491.2,-,CAGE_cluster_1310,111.819300011,1,*
NC_001491.2,-,CAGE_cluster_1311,269.1065662,1,*
NC_001491.2,-,CAGE_cluster_1312,155.424308362,1,*
NC_001491.2,-,CAGE_cluster_1313,105.163529288,1,*
NC_001491.2,-,CAGE_cluster_1314,155.424308362,1,*
NC_001491.2,-,CAGE_cluster_1315,105.163529288,1,*
NC_001491.2,-,CAGE_cluster_1316,453.514739229,1,*
NC_001491.2,-,CAGE_cluster_1317,197.745699031,1,*
NC_001491.2,-,CAGE_cluster_1318,105.163529288,1,*
NC_001491.2,-,CAGE_cluster_1319,328.80212931,2,*
NC_001491.2,-,CAGE_cluster_1320,269.1065662,1,*
NC_001491.2,-,CAGE_cluster_1321,328.80212931,2,*
NC_001491.2,-,CAGE_cluster_1322,197.745699031,1,*
NC_001491.2,-,CAGE_cluster_1323,544.365813827,1,*
NC_001491.2,-,CAGE_cluster_1324,197.745699031,1,*
NC_001491.2,-,CAGE_cluster_1325,197.745699031,1,*
NC_001491.2,-,CAGE_cluster_1326,720.758347602,3,**
NC_001491.2,-,CAGE_cluster_1327,668.660595257,3,**
NC_001491.2,-,CAGE_cluster_1328,111.819300011,1,*
NC_001491.2,-,CAGE_cluster_1329,918.200814846,2,*
NC_001491.2,-,CAGE_cluster_1330,111.819300011,1,*
NC_001491.2,-,CAGE_cluster_1331,1900.42957203,5,***
NC_001491.2,-,CAGE_cluster_1332,353.170007393,2,*
NC_001491.2,-,CAGE_cluster_1333,155.424308362,1,*
NC_001491.2,-,CAGE_cluster_1334,374.270095488,2,*
NC_001491.2,-,CAGE_cluster_1335,197.745699031,1,*
NC_001491.2,-,CAGE_cluster_1336,197.745699031,1,*
NC_001491.2,-,CAGE_cluster_1337,197.745699031,1,*
NC_001491.2,-,CAGE_cluster_1338,105.163529288,1,*
NC_001491.2,-,CAGE_cluster_1339,260.58783765,2,*
NC_001491.2,-,CAGE_cluster_1340,1184.016559861,4,**
NC_001491.2,-,CAGE_cluster_1341,544.365813827,1,*
NC_001491.2,-,CAGE_cluster_1342,111.819300011,1,*
NC_001491.2,-,CAGE_cluster_1343,453.514739229,1,*
NC_001491.2,-,CAGE_cluster_1344,309.564999042,2,*
NC_001491.2,-,CAGE_cluster_1345,111.819300011,1,*
NC_001491.2,-,CAGE_cluster_1346,105.163529288,1,*
NC_001491.2,-,CAGE_cluster_1347,544.365813827,1,*
NC_001491.2,-,CAGE_cluster_1348,105.163529288,1,*
NC_001491.2,-,CAGE_cluster_1349,466.852265231,2,*
NC_001491.2,-,CAGE_cluster_1350,309.564999042,2,*
NC_001491.2,-,CAGE_cluster_1351,670.497568528,3,**
NC_001491.2,-,CAGE_cluster_1352,424.530874562,2,*
NC_001491.2,-,CAGE_cluster_1353,216.982829299,2,*
NC_001491.2,-,CAGE_cluster_1354,664.597964262,3,**
NC_001491.2,-,CAGE_cluster_1355,140580.608043472,9,***
NC_001491.2,-,CAGE_cluster_1356,622.276573593,3,**
NC_001491.2,-,CAGE_cluster_1357,197.745699031,1,*
NC_001491.2,-,CAGE_cluster_1358,408.072757607,2,*
NC_001491.2,-,CAGE_cluster_1359,1504.938173968,4,**
NC_001491.2,-,CAGE_cluster_1360,155.424308362,1,*
NC_001491.2,-,CAGE_cluster_1361,1712.321467903,6,***
NC_001491.2,-,CAGE_cluster_1362,111.819300011,1,*
NC_001491.2,-,CAGE_cluster_1363,507.310698073,2,*
NC_001491.2,-,CAGE_cluster_1364,868.243267559,4,**
NC_001491.2,-,CAGE_cluster_1365,155.424308362,1,*
NC_001491.2,-,CAGE_cluster_1366,197.745699031,1,*
NC_001491.2,-,CAGE_cluster_1367,931.085406178,4,**
NC_001491.2,-,CAGE_cluster_1368,183306.123209144,9,***
NC_001491.2,-,CAGE_cluster_1369,197.745699031,1,*
NC_001491.2,-,CAGE_cluster_1370,4624.196614647,7,***
NC_001491.2,-,CAGE_cluster_1371,1037.005101923,5,***
NC_001491.2,-,CAGE_cluster_1372,664.597964262,2,*
NC_001491.2,-,CAGE_cluster_1373,2355.195040295,7,***
NC_001491.2,-,CAGE_cluster_1374,197.745699031,1,*
NC_001491.2,-,CAGE_cluster_1375,3464.48283009,6,***
NC_001491.2,-,CAGE_cluster_1376,105.163529288,1,*
NC_001491.2,-,CAGE_cluster_1377,111.819300011,1,*
NC_001491.2,-,CAGE_cluster_1378,155.424308362,1,*
NC_001491.2,-,CAGE_cluster_1379,197.745699031,1,*
NC_001491.2,-,CAGE_cluster_1380,197.745699031,1,*
NC_001491.2,-,CAGE_cluster_1381,155.424308362,1,*
NC_001491.2,-,CAGE_cluster_1382,269.1065662,1,*
NC_001491.2,-,CAGE_cluster_1383,1051.6765119,4,**
NC_001491.2,-,CAGE_cluster_1384,197.745699031,1,*
NC_001491.2,-,CAGE_cluster_1385,536.350174573,3,**
NC_001491.2,-,CAGE_cluster_1386,1257.134506731,4,**
NC_001491.2,-,CAGE_cluster_1387,197.745699031,1,*
NC_001491.2,-,CAGE_cluster_1388,223.638600022,1,*
NC_001491.2,-,CAGE_cluster_1389,544.365813827,1,*
NC_001491.2,-,CAGE_cluster_1390,1595.371420078,5,***
NC_001491.2,-,CAGE_cluster_1391,269.1065662,1,*
NC_001491.2,-,CAGE_cluster_1392,825.92187689,4,**
NC_001491.2,-,CAGE_cluster_1393,223.638600022,1,*
NC_001491.2,-,CAGE_cluster_1394,155.424308362,1,*
NC_001491.2,-,CAGE_cluster_1395,105.163529288,1,*
NC_001491.2,-,CAGE_cluster_1396,1058.079205463,3,**
NC_001491.2,-,CAGE_cluster_1397,155.424308362,1,*
NC_001491.2,-,CAGE_cluster_1398,197.745699031,1,*
NC_001491.2,-,CAGE_cluster_1399,705.056397104,3,**
NC_001491.2,-,CAGE_cluster_1400,111.819300011,1,*
NC_001491.2,-,CAGE_cluster_1401,155.424308362,1,*
NC_001491.2,-,CAGE_cluster_1402,155.424308362,1,*
NC_001491.2,-,CAGE_cluster_1403,372.407137661,3,**
NC_001491.2,-,CAGE_cluster_1404,989.864913802,4,**
NC_001491.2,-,CAGE_cluster_1405,544.365813827,1,*
NC_001491.2,-,CAGE_cluster_1406,111.819300011,1,*
NC_001491.2,-,CAGE_cluster_1407,105.163529288,1,*
NC_001491.2,-,CAGE_cluster_1408,105.163529288,1,*
NC_001491.2,-,CAGE_cluster_1409,309.564999042,2,*
NC_001491.2,-,CAGE_cluster_1410,111.819300011,1,*
NC_001491.2,-,CAGE_cluster_1411,466.852265231,2,*
NC_001491.2,-,CAGE_cluster_1412,302.909228319,2,*
NC_001491.2,-,CAGE_cluster_1413,267.243608373,2,*
NC_001491.2,-,CAGE_cluster_1414,651.26043826,2,*
NC_001491.2,-,CAGE_cluster_1415,380.925866211,2,*
NC_001491.2,-,CAGE_cluster_1416,1602.035909376,6,***
NC_001491.2,-,CAGE_cluster_1417,18254.315869814,9,***
NC_001491.2,-,CAGE_cluster_1418,155.424308362,1,*
NC_001491.2,-,CAGE_cluster_1419,197.745699031,1,*
NC_001491.2,-,CAGE_cluster_1420,197.745699031,1,*
NC_001491.2,-,CAGE_cluster_1421,269.1065662,1,*
NC_001491.2,-,CAGE_cluster_1422,111.819300011,1,*
NC_001491.2,-,CAGE_cluster_1423,353.170007393,2,*
NC_001491.2,-,CAGE_cluster_1424,867.940035772,2,*
NC_001491.2,-,CAGE_cluster_1425,466.852265231,2,*
NC_001491.2,-,CAGE_cluster_1426,155.424308362,1,*
NC_001491.2,-,CAGE_cluster_1427,804.953651477,3,**
NC_001491.2,-,CAGE_cluster_1428,155.424308362,1,*
NC_001491.2,-,CAGE_cluster_1429,374.270095488,2,*
NC_001491.2,-,CAGE_cluster_1430,105.163529288,1,*
NC_001491.2,-,CAGE_cluster_1431,155.424308362,1,*
NC_001491.2,-,CAGE_cluster_1432,197.745699031,1,*
NC_001491.2,-,CAGE_cluster_1433,395.491398062,1,*
NC_001491.2,-,CAGE_cluster_1434,155.424308362,1,*
NC_001491.2,-,CAGE_cluster_1435,269.1065662,1,*
NC_001491.2,-,CAGE_cluster_1436,453.514739229,1,*
NC_001491.2,-,CAGE_cluster_1437,558.678268517,2,*
NC_001491.2,-,CAGE_cluster_1438,111.819300011,1,*
NC_001491.2,-,CAGE_cluster_1439,105.163529288,1,*
NC_001491.2,-,CAGE_cluster_1440,105.163529288,1,*
NC_001491.2,-,CAGE_cluster_1441,197.745699031,1,*
NC_001491.2,-,CAGE_cluster_1442,269.1065662,1,*
NC_001491.2,-,CAGE_cluster_1443,1547.065164335,4,**
NC_001491.2,-,CAGE_cluster_1444,1192.535288412,4,**
NC_001491.2,-,CAGE_cluster_1445,1240.65040522,5,***
NC_001491.2,-,CAGE_cluster_1446,105.163529288,1,*
NC_001491.2,-,CAGE_cluster_1447,453.514739229,1,*
NC_001491.2,-,CAGE_cluster_1448,453.514739229,1,*
NC_001491.2,-,CAGE_cluster_1449,310.848616724,1,*
NC_001491.2,-,CAGE_cluster_1450,453.514739229,1,*
NC_001491.2,-,CAGE_cluster_1451,507.310698073,2,*
NC_001491.2,-,CAGE_cluster_1452,105.163529288,1,*
NC_001491.2,-,CAGE_cluster_1453,155.424308362,1,*
NC_001491.2,-,CAGE_cluster_1454,197.745699031,1,*
NC_001491.2,-,CAGE_cluster_1455,155.424308362,1,*
NC_001491.2,-,CAGE_cluster_1456,269.1065662,1,*
NC_001491.2,-,CAGE_cluster_1457,155.424308362,1,*
NC_001491.2,-,CAGE_cluster_1458,763.079738271,3,**
NC_001491.2,-,CAGE_cluster_1459,570.152836692,4,**
NC_001491.2,-,CAGE_cluster_1460,408.072757607,2,*
NC_001491.2,-,CAGE_cluster_1461,310.848616724,1,*
NC_001491.2,-,CAGE_cluster_1462,155.424308362,1,*
NC_001491.2,-,CAGE_cluster_1463,111.819300011,1,*
NC_001491.2,-,CAGE_cluster_1464,105.163529288,1,*
NC_001491.2,-,CAGE_cluster_1465,155.424308362,1,*
NC_001491.2,-,CAGE_cluster_1466,664.597964262,2,*
NC_001491.2,-,CAGE_cluster_1467,105.163529288,1,*
NC_001491.2,-,CAGE_cluster_1468,1581.37091575,6,***
NC_001491.2,-,CAGE_cluster_1469,216.982829299,2,*
NC_001491.2,-,CAGE_cluster_1470,718.921374331,3,**
NC_001491.2,-,CAGE_cluster_1471,762.776506484,1,*
NC_001491.2,-,CAGE_cluster_1472,374.270095488,2,*
NC_001491.2,-,CAGE_cluster_1473,3190.138735031,6,***
NC_001491.2,-,CAGE_cluster_1474,197.745699031,1,*
NC_001491.2,-,CAGE_cluster_1475,129341.528625536,9,***
NC_001491.2,-,CAGE_cluster_1476,197.745699031,1,*
NC_001491.2,-,CAGE_cluster_1477,762.776506484,1,*
NC_001491.2,-,CAGE_cluster_1478,774.554306446,4,**
NC_001491.2,-,CAGE_cluster_1479,775.661097816,3,**
NC_001491.2,-,CAGE_cluster_1480,395.491398062,1,*
NC_001491.2,-,CAGE_cluster_1481,105.163529288,1,*
NC_001491.2,-,CAGE_cluster_1482,111.819300011,1,*
NC_001491.2,-,CAGE_cluster_1483,453.514739229,1,*
NC_001491.2,-,CAGE_cluster_1484,111.819300011,1,*
NC_001491.2,-,CAGE_cluster_1485,111.819300011,1,*
NC_001491.2,-,CAGE_cluster_1486,544.365813827,1,*
NC_001491.2,-,CAGE_cluster_1487,105.163529288,1,*
NC_001491.2,-,CAGE_cluster_1488,612.474227361,3,**
NC_001491.2,-,CAGE_cluster_1489,1132.366284979,4,**
NC_001491.2,-,CAGE_cluster_1490,762.776506484,1,*
NC_001491.2,-,CAGE_cluster_1491,544.365813827,1,*
NC_001491.2,-,CAGE_cluster_1492,111.819300011,1,*
NC_001491.2,-,CAGE_cluster_1493,105.163529288,1,*
NC_001491.2,-,CAGE_cluster_1494,1320.677199974,5,***
NC_001491.2,-,CAGE_cluster_1495,197.745699031,1,*
NC_001491.2,-,CAGE_cluster_1496,28888.189070445,9,***
NC_001491.2,-,CAGE_cluster_1497,105.163529288,1,*
NC_001491.2,-,CAGE_cluster_1498,1096.891400917,3,**
NC_001491.2,-,CAGE_cluster_1499,544.365813827,1,*
NC_001491.2,-,CAGE_cluster_1500,538.2131324,1,*
NC_001491.2,-,CAGE_cluster_1501,4426.976824916,6,***
NC_001491.2,-,CAGE_cluster_1502,197.745699031,1,*
NC_001491.2,-,CAGE_cluster_1503,813.472380027,2,*
NC_001491.2,-,CAGE_cluster_1504,210.327058576,1,*
NC_001491.2,-,CAGE_cluster_1505,677.153339251,2,*
NC_001491.2,-,CAGE_cluster_1506,155.424308362,1,*
NC_001491.2,-,CAGE_cluster_1507,2072.223496869,5,***
NC_001491.2,-,CAGE_cluster_1508,570.152836692,4,**
NC_001491.2,-,CAGE_cluster_1509,544.365813827,1,*
NC_001491.2,-,CAGE_cluster_1510,155.424308362,1,*
NC_001491.2,-,CAGE_cluster_1511,197.745699031,1,*
NC_001491.2,-,CAGE_cluster_1512,19588.798271905,9,***
NC_001491.2,-,CAGE_cluster_1513,353.170007393,2,*
NC_001491.2,-,CAGE_cluster_1514,111.819300011,1,*
NC_001491.2,-,CAGE_cluster_1515,105.163529288,1,*
NC_001491.2,-,CAGE_cluster_1516,105.163529288,1,*
NC_001491.2,-,CAGE_cluster_1517,155.424308362,1,*
NC_001491.2,-,CAGE_cluster_1518,105.163529288,1,*
NC_001491.2,-,CAGE_cluster_1519,705.056397104,3,**
NC_001491.2,-,CAGE_cluster_1520,111.819300011,1,*
NC_001491.2,-,CAGE_cluster_1521,105.163529288,1,*
NC_001491.2,-,CAGE_cluster_1522,466.852265231,2,*
NC_001491.2,-,CAGE_cluster_1523,544.365813827,1,*
NC_001491.2,-,CAGE_cluster_1524,111.819300011,1,*
NC_001491.2,-,CAGE_cluster_1525,111.819300011,1,*
NC_001491.2,-,CAGE_cluster_1526,811.6094222,3,**
NC_001491.2,-,CAGE_cluster_1527,269.1065662,1,*
NC_001491.2,-,CAGE_cluster_1528,453.514739229,1,*
NC_001491.2,-,CAGE_cluster_1529,762.776506484,1,*
NC_001491.2,-,CAGE_cluster_1530,196155.685728494,9,***
NC_001491.2,-,CAGE_cluster_1531,414.72852833,3,**
NC_001491.2,-,CAGE_cluster_1532,353.170007393,2,*
NC_001491.2,-,CAGE_cluster_1533,197.745699031,1,*
NC_001491.2,-,CAGE_cluster_1534,267.243608373,2,*
NC_001491.2,-,CAGE_cluster_1535,656.185113838,2,*
NC_001491.2,-,CAGE_cluster_1536,761.348643126,3,**
NC_001491.2,-,CAGE_cluster_1537,380.925866211,2,*
NC_001491.2,-,CAGE_cluster_1538,269.1065662,1,*
NC_001491.2,-,CAGE_cluster_1539,593.237097093,2,*
NC_001491.2,-,CAGE_cluster_1540,1334.212960857,3,**
NC_001491.2,-,CAGE_cluster_1541,105.163529288,1,*
NC_001491.2,-,CAGE_cluster_1542,811.6094222,3,**
NC_001491.2,-,CAGE_cluster_1543,904.085713817,3,**
NC_001491.2,-,CAGE_cluster_1544,105.163529288,1,*
NC_001491.2,-,CAGE_cluster_1545,1289.653551168,5,***
NC_001491.2,-,CAGE_cluster_1546,2280.852348945,5,***
NC_001491.2,-,CAGE_cluster_1547,453.514739229,1,*
NC_001491.2,-,CAGE_cluster_1548,260.58783765,2,*
NC_001491.2,-,CAGE_cluster_1549,269.1065662,1,*
NC_001491.2,-,CAGE_cluster_1550,105.163529288,1,*
NC_001491.2,-,CAGE_cluster_1551,453.514739229,1,*
NC_001491.2,-,CAGE_cluster_1552,1972.715213261,4,**
NC_001491.2,-,CAGE_cluster_1553,544.365813827,1,*
NC_001491.2,-,CAGE_cluster_1554,105.163529288,1,*
NC_001491.2,-,CAGE_cluster_1555,105.163529288,1,*
NC_001491.2,-,CAGE_cluster_1556,197.745699031,1,*
NC_001491.2,-,CAGE_cluster_1557,565.33403924,2,*
NC_001491.2,-,CAGE_cluster_1558,608.939047591,2,*
NC_001491.2,-,CAGE_cluster_1559,269.1065662,1,*
NC_001491.2,-,CAGE_cluster_1560,111.819300011,1,*
NC_001491.2,-,CAGE_cluster_1561,618.399816183,2,*
NC_001491.2,-,CAGE_cluster_1562,453.514739229,1,*
NC_001491.2,-,CAGE_cluster_1563,353.170007393,2,*
NC_001491.2,-,CAGE_cluster_1564,197.745699031,1,*
NC_001491.2,-,CAGE_cluster_1565,197.745699031,1,*
NC_001491.2,-,CAGE_cluster_1566,105.163529288,1,*
NC_001491.2,-,CAGE_cluster_1567,822.801285937,3,**
NC_001491.2,-,CAGE_cluster_1568,111.819300011,1,*
NC_001491.2,-,CAGE_cluster_1569,260.58783765,2,*
NC_001491.2,-,CAGE_cluster_1570,677.153339251,2,*
NC_001491.2,-,CAGE_cluster_1571,3175.032342251,7,***
NC_001491.2,-,CAGE_cluster_1572,105.163529288,1,*
NC_001491.2,-,CAGE_cluster_1573,380.925866211,2,*
NC_001491.2,-,CAGE_cluster_1574,105.163529288,1,*
NC_001491.2,-,CAGE_cluster_1575,1937.737764945,3,**
NC_001491.2,-,CAGE_cluster_1576,197.745699031,1,*
NC_001491.2,-,CAGE_cluster_1577,453.514739229,1,*
NC_001491.2,-,CAGE_cluster_1578,1847.699371554,3,**
NC_001491.2,-,CAGE_cluster_1579,269.1065662,1,*
NC_001491.2,-,CAGE_cluster_1580,111.819300011,1,*
NC_001491.2,-,CAGE_cluster_1581,105.163529288,1,*
NC_001491.2,-,CAGE_cluster_1582,105.163529288,1,*
NC_001491.2,-,CAGE_cluster_1583,105.163529288,1,*
NC_001491.2,-,CAGE_cluster_1584,269.1065662,1,*
NC_001491.2,-,CAGE_cluster_1585,197.745699031,1,*
NC_001491.2,-,CAGE_cluster_1586,105.163529288,1,*
NC_001491.2,-,CAGE_cluster_1587,2068.794195224,5,***
NC_001491.2,-,CAGE_cluster_1588,105.163529288,1,*
NC_001491.2,-,CAGE_cluster_1589,197.745699031,1,*
NC_001491.2,-,CAGE_cluster_1590,1227.765813888,4,**
NC_001491.2,-,CAGE_cluster_1591,105.163529288,1,*
NC_001491.2,-,CAGE_cluster_1592,365.751366938,2,*
NC_001491.2,-,CAGE_cluster_1593,1177.808266601,5,***
NC_001491.2,-,CAGE_cluster_1594,105.163529288,1,*
NC_001491.2,-,CAGE_cluster_1595,197.745699031,1,*
NC_001491.2,-,CAGE_cluster_1596,269.1065662,1,*
NC_001491.2,-,CAGE_cluster_1597,155.424308362,1,*
NC_001491.2,-,CAGE_cluster_1598,111.819300011,1,*
NC_001491.2,-,CAGE_cluster_1599,105.163529288,1,*
NC_001491.2,-,CAGE_cluster_1600,197.745699031,1,*
NC_001491.2,-,CAGE_cluster_1601,960.522205515,2,*
NC_001491.2,-,CAGE_cluster_1602,544.365813827,1,*
NC_001491.2,-,CAGE_cluster_1603,3499.453721938,7,***
NC_001491.2,-,CAGE_cluster_1604,197.745699031,1,*
NC_001491.2,-,CAGE_cluster_1605,111.819300011,1,*
NC_001491.2,-,CAGE_cluster_1606,105.163529288,1,*
NC_001491.2,-,CAGE_cluster_1607,453.514739229,1,*
NC_001491.2,-,CAGE_cluster_1608,1257.078894898,3,**
NC_001491.2,-,CAGE_cluster_1609,1530.857059516,4,**
NC_001491.2,-,CAGE_cluster_1610,578.671565242,3,**
NC_001491.2,-,CAGE_cluster_1611,625.055586906,3,**
NC_001491.2,-,CAGE_cluster_1612,269.1065662,1,*
NC_001491.2,-,CAGE_cluster_1613,1231.215621184,4,**
NC_001491.2,-,CAGE_cluster_1614,544.365813827,1,*
NC_001491.2,-,CAGE_cluster_1615,486.089395499,3,**
NC_001491.2,-,CAGE_cluster_1616,2009.832558625,6,***
NC_001491.2,-,CAGE_cluster_1617,216.982829299,2,*
NC_001491.2,-,CAGE_cluster_1618,421.384299053,2,*
NC_001491.2,-,CAGE_cluster_1619,111.819300011,1,*
NC_001491.2,-,CAGE_cluster_1620,464.989307404,3,**
NC_001491.2,-,CAGE_cluster_1621,105.163529288,1,*
NC_001491.2,-,CAGE_cluster_1622,699.790122189,2,*
NC_001491.2,-,CAGE_cluster_1623,1234.750800954,6,***
NC_001491.2,-,CAGE_cluster_1624,980.06256757,4,**
NC_001491.2,-,CAGE_cluster_1625,656.079235712,3,**
NC_001491.2,-,CAGE_cluster_1626,762.776506484,1,*
NC_001491.2,-,CAGE_cluster_1627,1030.455209326,4,**
NC_001491.2,-,CAGE_cluster_1628,365.751366938,2,*
NC_001491.2,-,CAGE_cluster_1629,105.163529288,1,*
NC_001491.2,-,CAGE_cluster_1630,117024.764956876,9,***
NC_001491.2,-,CAGE_cluster_1631,544.365813827,1,*
NC_001491.2,-,CAGE_cluster_1632,558.678268517,2,*
NC_001491.2,-,CAGE_cluster_1633,9746.277418234,9,***
NC_001491.2,-,CAGE_cluster_1634,1023.364344133,3,**
NC_001491.2,-,CAGE_cluster_1635,544.365813827,1,*
NC_001491.2,-,CAGE_cluster_1636,105.163529288,1,*
NC_001491.2,-,CAGE_cluster_1637,105.163529288,1,*
NC_001491.2,-,CAGE_cluster_1638,453.514739229,1,*
NC_001491.2,-,CAGE_cluster_1639,155.424308362,1,*
NC_001491.2,-,CAGE_cluster_1640,267.243608373,2,*
NC_001491.2,-,CAGE_cluster_1641,223.638600022,1,*
NC_001491.2,-,CAGE_cluster_1642,269.1065662,1,*
NC_001491.2,-,CAGE_cluster_1643,197.745699031,1,*
NC_001491.2,-,CAGE_cluster_1644,216.982829299,2,*
NC_001491.2,-,CAGE_cluster_1645,105.163529288,1,*
NC_001491.2,-,CAGE_cluster_1646,155.424308362,1,*
NC_001491.2,-,CAGE_cluster_1647,197.745699031,1,*
NC_001491.2,-,CAGE_cluster_1648,593.237097093,2,*
NC_001491.2,-,CAGE_cluster_1649,197.745699031,1,*
NC_001491.2,-,CAGE_cluster_1650,111.819300011,1,*
NC_001491.2,-,CAGE_cluster_1651,155.424308362,1,*
NC_001491.2,-,CAGE_cluster_1652,918.200814846,2,*
NC_001491.2,-,CAGE_cluster_1653,111.819300011,1,*
NC_001491.2,-,CAGE_cluster_1654,13512.047141939,9,***
NC_001491.2,-,CAGE_cluster_1655,155.424308362,1,*
NC_001491.2,-,CAGE_cluster_1656,453.514739229,1,*
NC_001491.2,-,CAGE_cluster_1657,105.163529288,1,*
NC_001491.2,-,CAGE_cluster_1658,269.1065662,1,*
NC_001491.2,-,CAGE_cluster_1659,197.745699031,1,*
NC_001491.2,-,CAGE_cluster_1660,197.745699031,1,*
NC_001491.2,-,CAGE_cluster_1661,155.424308362,1,*
NC_001491.2,-,CAGE_cluster_1662,197.745699031,1,*
NC_001491.2,-,CAGE_cluster_1663,105.163529288,1,*
NC_001491.2,-,CAGE_cluster_1664,111.819300011,1,*
NC_001491.2,-,CAGE_cluster_1665,111.819300011,1,*
NC_001491.2,-,CAGE_cluster_1666,111.819300011,1,*
NC_001491.2,-,CAGE_cluster_1667,105.163529288,1,*
NC_001491.2,-,CAGE_cluster_1668,155.424308362,1,*
NC_001491.2,-,CAGE_cluster_1669,155.424308362,1,*
NC_001491.2,-,CAGE_cluster_1670,111.819300011,1,*
NC_001491.2,-,CAGE_cluster_1671,155.424308362,1,*
NC_001491.2,-,CAGE_cluster_1672,453.514739229,1,*
NC_001491.2,-,CAGE_cluster_1673,197.745699031,1,*
NC_001491.2,-,CAGE_cluster_1674,197.745699031,1,*
NC_001491.2,-,CAGE_cluster_1675,269.1065662,1,*
NC_001491.2,-,CAGE_cluster_1676,197.745699031,1,*
NC_001491.2,-,CAGE_cluster_1677,788.972639262,2,*
NC_001491.2,-,CAGE_cluster_1678,155.424308362,1,*
NC_001491.2,-,CAGE_cluster_1679,111.819300011,1,*
NC_001491.2,-,CAGE_cluster_1680,1464.420867925,4,**
NC_001491.2,-,CAGE_cluster_1681,421.384299053,2,*
NC_001491.2,-,CAGE_cluster_1682,155.424308362,1,*
NC_001491.2,-,CAGE_cluster_1683,1143.702372695,3,**
NC_001491.2,-,CAGE_cluster_1684,2444.55438368,6,***
NC_001491.2,-,CAGE_cluster_1685,2622.603399996,6,***
NC_001491.2,-,CAGE_cluster_1686,782.316868539,3,**
NC_001491.2,-,CAGE_cluster_1687,197.745699031,1,*
NC_001491.2,-,CAGE_cluster_1688,2125.065823928,5,***
NC_001491.2,-,CAGE_cluster_1689,6585.117890563,8,***
NC_001491.2,-,CAGE_cluster_1690,466.852265231,2,*
NC_001491.2,-,CAGE_cluster_1691,178356.775404572,9,***
NC_001491.2,-,CAGE_cluster_1692,353.170007393,2,*
NC_001491.2,-,CAGE_cluster_1693,111.819300011,1,*
NC_001491.2,-,CAGE_cluster_1694,822.801285937,4,**
NC_001491.2,-,CAGE_cluster_1695,656.185113838,2,*
NC_001491.2,-,CAGE_cluster_1696,155.424308362,1,*
NC_001491.2,-,CAGE_cluster_1697,267.243608373,2,*
NC_001491.2,-,CAGE_cluster_1698,260.58783765,2,*
NC_001491.2,-,CAGE_cluster_1699,14846.151271311,9,***
NC_001491.2,-,CAGE_cluster_1700,309.564999042,2,*
NC_001491.2,-,CAGE_cluster_1701,111.819300011,1,*
NC_001491.2,-,CAGE_cluster_1702,105.163529288,1,*
NC_001491.2,-,CAGE_cluster_1703,424.530874562,2,*
NC_001491.2,-,CAGE_cluster_1704,918.200814846,2,*
NC_001491.2,-,CAGE_cluster_1705,810.219926392,4,**
NC_001491.2,-,CAGE_cluster_1706,210.327058576,1,*
NC_001491.2,-,CAGE_cluster_1707,565.33403924,2,*
NC_001491.2,-,CAGE_cluster_1708,380.925866211,2,*
NC_001491.2,-,CAGE_cluster_1709,558.678268517,2,*
NC_001491.2,-,CAGE_cluster_1710,769.76149355,4,**
NC_001491.2,-,CAGE_cluster_1711,395.491398062,1,*
NC_001491.2,-,CAGE_cluster_1712,651.26043826,2,*
NC_001491.2,-,CAGE_cluster_1713,105.163529288,1,*
NC_001491.2,-,CAGE_cluster_1714,1653.959788768,6,***
NC_001491.2,-,CAGE_cluster_1715,1002.699350508,4,**
NC_001491.2,-,CAGE_cluster_1716,106959.151707728,9,***
NC_001491.2,-,CAGE_cluster_1717,105.163529288,1,*
NC_001491.2,-,CAGE_cluster_1718,197.745699031,1,*
NC_001491.2,-,CAGE_cluster_1719,269.1065662,1,*
NC_001491.2,-,CAGE_cluster_1720,111.819300011,1,*
NC_001491.2,-,CAGE_cluster_1721,197.745699031,1,*
NC_001491.2,-,CAGE_cluster_1722,197.745699031,1,*
NC_001491.2,-,CAGE_cluster_1723,47799.552804398,9,***
NC_001491.2,-,CAGE_cluster_1724,260.58783765,2,*
NC_001491.2,-,CAGE_cluster_1725,197.745699031,1,*
NC_001491.2,-,CAGE_cluster_1726,111.819300011,1,*
NC_001491.2,-,CAGE_cluster_1727,1794.712687153,5,***
NC_001491.2,-,CAGE_cluster_1728,762.776506484,1,*
NC_001491.2,-,CAGE_cluster_1729,260.58783765,2,*
NC_001491.2,-,CAGE_cluster_1730,111.819300011,1,*
NC_001491.2,-,CAGE_cluster_1731,105.163529288,1,*
NC_001491.2,-,CAGE_cluster_1732,424.530874562,2,*
NC_001491.2,-,CAGE_cluster_1733,464.989307404,3,**
NC_001491.2,-,CAGE_cluster_1734,269.1065662,1,*
NC_001491.2,-,CAGE_cluster_1735,868.243267559,4,**
NC_001491.2,-,CAGE_cluster_1736,111.819300011,1,*
NC_001491.2,-,CAGE_cluster_1737,3163.772483687,7,***
NC_001491.2,-,CAGE_cluster_1738,105.163529288,1,*
NC_001491.2,-,CAGE_cluster_1739,269.1065662,1,*
NC_001491.2,-,CAGE_cluster_1740,1584.044050937,5,***
NC_001491.2,-,CAGE_cluster_1741,155.424308362,1,*
NC_001491.2,-,CAGE_cluster_1742,197.745699031,1,*
NC_001491.2,-,CAGE_cluster_1743,742.111512858,2,*
NC_001491.2,-,CAGE_cluster_1744,56833.789480478,9,***
NC_001491.2,-,CAGE_cluster_1745,105.163529288,1,*
NC_001491.2,-,CAGE_cluster_1746,111.819300011,1,*
NC_001491.2,-,CAGE_cluster_1747,260.58783765,2,*
NC_001491.2,-,CAGE_cluster_1748,111.819300011,1,*
NC_001491.2,-,CAGE_cluster_1749,639.650746034,3,**
NC_001491.2,-,CAGE_cluster_1750,464.989307404,3,**
NC_001491.2,-,CAGE_cluster_1751,4447.052856904,7,***
NC_001491.2,-,CAGE_cluster_1752,4045.2770264,7,***
NC_001491.2,-,CAGE_cluster_1753,395.491398062,1,*
NC_001491.2,-,CAGE_cluster_1754,7269.082918147,9,***
NC_001491.2,-,CAGE_cluster_1755,155.424308362,1,*
NC_001491.2,-,CAGE_cluster_1756,155.424308362,1,*
NC_001491.2,-,CAGE_cluster_1757,105.163529288,1,*
NC_001491.2,-,CAGE_cluster_1758,105.163529288,1,*
NC_001491.2,-,CAGE_cluster_1759,111.819300011,1,*
NC_001491.2,-,CAGE_cluster_1760,269.1065662,1,*
NC_001491.2,-,CAGE_cluster_1761,111.819300011,1,*
NC_001491.2,-,CAGE_cluster_1762,197.745699031,1,*
NC_001491.2,-,CAGE_cluster_1763,302.909228319,2,*
NC_001491.2,-,CAGE_cluster_1764,105.163529288,1,*
NC_001491.2,-,CAGE_cluster_1765,267.243608373,2,*
NC_001491.2,-,CAGE_cluster_1766,105.163529288,1,*
NC_001491.2,-,CAGE_cluster_1767,197.745699031,1,*
NC_001491.2,-,CAGE_cluster_1768,395.491398062,2,*
NC_001491.2,-,CAGE_cluster_1769,762.776506484,1,*
NC_001491.2,-,CAGE_cluster_1770,269.1065662,1,*
NC_001491.2,-,CAGE_cluster_1771,458.333536681,3,**
NC_001491.2,-,CAGE_cluster_1772,421.384299053,2,*
NC_001491.2,-,CAGE_cluster_1773,197.745699031,1,*
NC_001491.2,-,CAGE_cluster_1774,105.163529288,1,*
NC_001491.2,-,CAGE_cluster_1775,11075.494764475,9,***
NC_001491.2,-,CAGE_cluster_1776,453.514739229,1,*
NC_001491.2,-,CAGE_cluster_1777,111.819300011,1,*
NC_001491.2,-,CAGE_cluster_1778,269.1065662,1,*
NC_001491.2,-,CAGE_cluster_1779,197.745699031,1,*
NC_001491.2,-,CAGE_cluster_1780,544.365813827,1,*
NC_001491.2,-,CAGE_cluster_1781,155.424308362,1,*
NC_001491.2,-,CAGE_cluster_1782,6134.170306508,8,***
NC_001491.2,-,CAGE_cluster_1783,732.232915777,3,**
NC_001491.2,-,CAGE_cluster_1784,372.407137661,3,**
NC_001491.2,-,CAGE_cluster_1785,453.514739229,1,*
NC_001491.2,-,CAGE_cluster_1786,216.982829299,2,*
NC_001491.2,-,CAGE_cluster_1787,197.745699031,1,*
NC_001491.2,-,CAGE_cluster_1788,269.1065662,1,*
NC_001491.2,-,CAGE_cluster_1789,466.272925086,1,*
NC_001491.2,-,CAGE_cluster_1790,111.819300011,1,*
NC_001491.2,-,CAGE_cluster_1791,466.852265231,2,*
NC_001491.2,-,CAGE_cluster_1792,197.745699031,1,*
NC_001491.2,-,CAGE_cluster_1793,105.163529288,1,*
NC_001491.2,-,CAGE_cluster_1794,197.745699031,1,*
NC_001491.2,-,CAGE_cluster_1795,111.819300011,1,*
NC_001491.2,-,CAGE_cluster_1796,155.424308362,1,*
NC_001491.2,-,CAGE_cluster_1797,216.982829299,2,*
NC_001491.2,-,CAGE_cluster_1798,197.745699031,1,*
NC_001491.2,-,CAGE_cluster_1799,651.26043826,2,*
NC_001491.2,-,CAGE_cluster_1800,111.819300011,1,*
NC_001491.2,-,CAGE_cluster_1801,453.514739229,1,*
NC_001491.2,-,CAGE_cluster_1802,105.163529288,1,*
NC_001491.2,-,CAGE_cluster_1803,111.819300011,1,*
NC_001491.2,-,CAGE_cluster_1804,2055.550648605,7,***
NC_001491.2,-,CAGE_cluster_1805,2360.237976993,5,***
NC_001491.2,-,CAGE_cluster_1806,8753.131636745,7,***
NC_001491.2,-,CAGE_cluster_1807,302.909228319,2,*
NC_001491.2,-,CAGE_cluster_1808,1734.781424529,4,**
NC_001491.2,-,CAGE_cluster_1809,197.745699031,1,*
NC_001491.2,-,CAGE_cluster_1810,11968.281660042,7,***
NC_001491.2,-,CAGE_cluster_1811,7209.714970452,7,***
NC_001491.2,-,CAGE_cluster_1812,1177.808266601,5,***
NC_001491.2,-,CAGE_cluster_1813,197.745699031,1,*
NC_001491.2,-,CAGE_cluster_1814,599025.292022764,9,***
NC_001491.2,-,CAGE_cluster_1815,111.819300011,1,*
NC_001491.2,-,CAGE_cluster_1816,111.819300011,1,*
NC_001491.2,-,CAGE_cluster_1817,267.243608373,2,*
NC_001491.2,-,CAGE_cluster_1818,105.163529288,1,*
NC_001491.2,-,CAGE_cluster_1819,309.564999042,2,*
NC_001491.2,-,CAGE_cluster_1820,269.1065662,1,*
NC_001491.2,-,CAGE_cluster_1821,613.757845043,3,**
NC_001491.2,-,CAGE_cluster_1822,414.72852833,3,**
NC_001491.2,-,CAGE_cluster_1823,11681.601939274,9,***
NC_001491.2,-,CAGE_cluster_1824,414.72852833,3,**
NC_001491.2,-,CAGE_cluster_1825,910.620270062,4,**
NC_001491.2,-,CAGE_cluster_1826,269.1065662,1,*
NC_001491.2,-,CAGE_cluster_1827,197.745699031,1,*
NC_001491.2,-,CAGE_cluster_1828,197.745699031,1,*
NC_001491.2,-,CAGE_cluster_1829,395.491398062,2,*
NC_001491.2,-,CAGE_cluster_1830,155.424308362,1,*
NC_001491.2,-,CAGE_cluster_1831,620.413615766,3,**
NC_001491.2,-,CAGE_cluster_1832,105.163529288,1,*
NC_001491.2,-,CAGE_cluster_1833,111.819300011,1,*
NC_001491.2,-,CAGE_cluster_1834,544.365813827,1,*
NC_001491.2,-,CAGE_cluster_1835,105.163529288,1,*
NC_001491.2,-,CAGE_cluster_1836,111.819300011,1,*
NC_001491.2,-,CAGE_cluster_1837,424.530874562,2,*
NC_001491.2,-,CAGE_cluster_1838,836.112827383,3,**
NC_001491.2,-,CAGE_cluster_1839,269.1065662,1,*
NC_001491.2,-,CAGE_cluster_1840,155.424308362,1,*
NC_001491.2,-,CAGE_cluster_1841,197.745699031,1,*
NC_001491.2,-,CAGE_cluster_1842,111.819300011,1,*
NC_001491.2,-,CAGE_cluster_1843,267.243608373,2,*
NC_001491.2,-,CAGE_cluster_1844,197.745699031,1,*
NC_001491.2,-,CAGE_cluster_1845,353.170007393,2,*
NC_001491.2,-,CAGE_cluster_1846,197.745699031,1,*
NC_001491.2,-,CAGE_cluster_1847,155.424308362,1,*
NC_001491.2,-,CAGE_cluster_1848,267.243608373,2,*
NC_001491.2,-,CAGE_cluster_1849,1115.946513877,3,**
NC_001491.2,-,CAGE_cluster_1850,453.514739229,1,*
NC_001491.2,-,CAGE_cluster_1851,111.819300011,1,*
NC_001491.2,-,CAGE_cluster_1852,197.745699031,1,*
NC_001491.2,-,CAGE_cluster_1853,105.163529288,1,*
NC_001491.2,-,CAGE_cluster_1854,197.745699031,1,*
NC_001491.2,-,CAGE_cluster_1855,105.163529288,1,*
NC_001491.2,-,CAGE_cluster_1856,395.491398062,2,*
NC_001491.2,-,CAGE_cluster_1857,111.819300011,1,*
NC_001491.2,-,CAGE_cluster_1858,197.745699031,1,*
NC_001491.2,-,CAGE_cluster_1859,105.163529288,1,*
NC_001491.2,-,CAGE_cluster_1860,155.424308362,1,*
NC_001491.2,-,CAGE_cluster_1861,197.745699031,1,*
NC_001491.2,-,CAGE_cluster_1862,197.745699031,1,*
NC_001491.2,-,CAGE_cluster_1863,210.327058576,1,*
NC_001491.2,-,CAGE_cluster_1864,12428.941132688,9,***
NC_001491.2,-,CAGE_cluster_1865,1793.125837684,6,***
NC_001491.2,-,CAGE_cluster_1866,578.671565242,3,**
NC_001491.2,-,CAGE_cluster_1867,424.530874562,2,*
NC_001491.2,-,CAGE_cluster_1868,1307.97462595,3,**
NC_001491.2,-,CAGE_cluster_1869,12391.898973137,9,***
NC_001491.2,-,CAGE_cluster_1870,7121.417696953,8,***
NC_001491.2,-,CAGE_cluster_1871,12115.533886499,8,***
NC_001491.2,-,CAGE_cluster_1872,763.079738271,3,**
NC_001491.2,-,CAGE_cluster_1873,6916.887839442,8,***
NC_001491.2,-,CAGE_cluster_1874,155.424308362,1,*
NC_001491.2,-,CAGE_cluster_1875,1056.242232191,5,***
NC_001491.2,-,CAGE_cluster_1876,2282.554198166,6,***
NC_001491.2,-,CAGE_cluster_1877,155.424308362,1,*
NC_001491.2,-,CAGE_cluster_1878,625.055586906,3,**
NC_001491.2,-,CAGE_cluster_1879,756.423967548,3,**
NC_001491.2,-,CAGE_cluster_1880,1098.56362286,4,**
NC_001491.2,-,CAGE_cluster_1881,111.819300011,1,*
NC_001491.2,-,CAGE_cluster_1882,200987.609388687,9,***
NC_001491.2,-,CAGE_cluster_1883,197.745699031,1,*
NC_001491.2,-,CAGE_cluster_1884,197.745699031,1,*
NC_001491.2,-,CAGE_cluster_1885,210.327058576,1,*
NC_001491.2,-,CAGE_cluster_1886,302.909228319,2,*
NC_001491.2,-,CAGE_cluster_1887,269.1065662,1,*
NC_001491.2,-,CAGE_cluster_1888,663.841797805,2,*
NC_001491.2,-,CAGE_cluster_1889,1877.798246299,5,***
NC_001491.2,-,CAGE_cluster_1890,1833.690148652,5,***
NC_001491.2,-,CAGE_cluster_1891,302.909228319,2,*
NC_001491.2,-,CAGE_cluster_1892,827.784834717,3,**
NC_001491.2,-,CAGE_cluster_1893,197.745699031,1,*
NC_001491.2,-,CAGE_cluster_1894,111.819300011,1,*
NC_001491.2,-,CAGE_cluster_1895,111.819300011,1,*
NC_001491.2,-,CAGE_cluster_1896,24468.663319812,9,***
NC_001491.2,-,CAGE_cluster_1897,827.784834717,3,**
NC_001491.2,-,CAGE_cluster_1898,380.925866211,2,*
NC_001491.2,-,CAGE_cluster_1899,269.1065662,1,*
NC_001491.2,-,CAGE_cluster_1900,453.514739229,1,*
NC_001491.2,-,CAGE_cluster_1901,111.819300011,1,*
NC_001491.2,-,CAGE_cluster_1902,544.365813827,1,*
NC_001491.2,-,CAGE_cluster_1903,105.163529288,1,*
NC_001491.2,-,CAGE_cluster_1904,105.163529288,1,*
NC_001491.2,-,CAGE_cluster_1905,155.424308362,1,*
NC_001491.2,-,CAGE_cluster_1906,197.745699031,1,*
NC_001491.2,-,CAGE_cluster_1907,197.745699031,1,*
NC_001491.2,-,CAGE_cluster_1908,544.365813827,1,*
NC_001491.2,-,CAGE_cluster_1909,155.424308362,1,*
NC_001491.2,-,CAGE_cluster_1910,105.163529288,1,*
NC_001491.2,-,CAGE_cluster_1911,762.776506484,1,*
NC_001491.2,-,CAGE_cluster_1912,466.852265231,2,*
NC_001491.2,-,CAGE_cluster_1913,216.982829299,2,*
NC_001491.2,-,CAGE_cluster_1914,111.819300011,1,*
NC_001491.2,-,CAGE_cluster_1915,197.745699031,1,*
NC_001491.2,-,CAGE_cluster_1916,593.237097093,1,*
NC_001491.2,-,CAGE_cluster_1917,155.424308362,1,*
NC_001491.2,*,CAGE_cluster_1918,1356.004885002,4,**
NC_001491.2,*,CAGE_cluster_1919,3034.835641148,6,***
NC_001491.2,*,CAGE_cluster_1920,267757.493963444,9,***
NC_001491.2,*,CAGE_cluster_1921,2904.915629516,6,***
NC_001491.2,*,CAGE_cluster_1922,6808.692734397,8,***
NC_001491.2,*,CAGE_cluster_1923,44361.423728284,9,***
NC_001491.2,*,CAGE_cluster_1924,315.490587864,1,*
NC_001491.2,*,CAGE_cluster_1925,986.718338293,3,**
NC_001491.2,*,CAGE_cluster_1926,2726.687025388,5,***
NC_001491.2,*,CAGE_cluster_1927,533.203599064,2,*
NC_001491.2,*,CAGE_cluster_1928,787.135665991,4,**
NC_001491.2,*,CAGE_cluster_1929,1714.411518335,5,***
NC_001491.2,*,CAGE_cluster_1930,210.327058576,1,*
NC_001491.2,*,CAGE_cluster_1931,3924.524430719,7,***
NC_001491.2,*,CAGE_cluster_1932,9742.951264058,9,***
NC_001491.2,*,CAGE_cluster_1933,365.751366938,2,*
NC_001491.2,*,CAGE_cluster_1934,3322.790845022,7,***
NC_001491.2,*,CAGE_cluster_1935,1582.790060532,5,***
NC_001491.2,*,CAGE_cluster_1936,2475.401206174,6,***
NC_001491.2,*,CAGE_cluster_1937,2298.202239649,6,***
NC_001491.2,*,CAGE_cluster_1938,43341.514183029,9,***
NC_001491.2,*,CAGE_cluster_1939,2546.403229722,6,***
NC_001491.2,*,CAGE_cluster_1940,2143.028055088,5,***
NC_001491.2,*,CAGE_cluster_1941,6841.449407974,8,***
NC_001491.2,*,CAGE_cluster_1942,1768.757959601,5,***
NC_001491.2,*,CAGE_cluster_1943,28809.925906019,9,***
NC_001491.2,*,CAGE_cluster_1944,2514.631633167,6,***
NC_001491.2,*,CAGE_cluster_1945,1529.750268145,5,***
NC_001491.2,*,CAGE_cluster_1946,4936.039526836,8,***
NC_001491.2,*,CAGE_cluster_1947,11910.93690954,9,***
NC_001491.2,*,CAGE_cluster_1948,867.01526171,3,**
NC_001491.2,*,CAGE_cluster_1949,365.751366938,2,*
NC_001491.2,*,CAGE_cluster_1950,41732.064500077,9,***
NC_001491.2,*,CAGE_cluster_1951,5873.518792858,7,***
NC_001491.2,*,CAGE_cluster_1952,4868.222558012,8,***
NC_001491.2,*,CAGE_cluster_1953,41732.064500077,9,***
NC_001491.2,*,CAGE_cluster_1954,365.751366938,2,*
NC_001491.2,*,CAGE_cluster_1955,867.01526171,3,**
