gene	Kinetic_class	hpi	Time	cell_line	mean	sd	varcoeff	cluster
ORF1	unknown	1h	1	RK-13	0	0		cluster_1
ORF1	unknown	2h	2	RK-13	0.00999143412164292	0.00157711870173098	0.157847080061781	cluster_1
ORF1	unknown	4h	4	RK-13	0.0108740905859607	0.00105080315333299	0.0966336582380196	cluster_1
ORF1	unknown	6h	6	RK-13	0.00603140296110465	0.000586209199273208	0.0971928427023626	cluster_1
ORF1	unknown	8h	8	RK-13	0.00497433648786039	0.000290180347553621	0.0583354882127077	cluster_1
ORF1	unknown	12h	12	RK-13	0.00385762072767087	0.000197581083322359	0.0512183797399007	cluster_1
ORF1	unknown	18h	18	RK-13	0.00251136778859926	0.000141719769757815	0.0564313082301896	cluster_1
ORF1	unknown	24h	24	RK-13	0.00233964842732467	6.53420621904843e-05	0.0279281542591428	cluster_1
ORF1	unknown	48h	48	RK-13	0.00271798744335756	9.52471808066516e-05	0.0350432747728193	cluster_1
ORF2	unknown	1h	1	RK-13	0	0		cluster_2
ORF2	unknown	2h	2	RK-13	0.000196119097779379	0.000206437972980241	1.05261535117029	cluster_2
ORF2	unknown	4h	4	RK-13	0.000934001639483209	0.000278865537015317	0.298570714682702	cluster_2
ORF2	unknown	6h	6	RK-13	0.00660942728397357	9.27637213256157e-05	0.0140350619410774	cluster_2
ORF2	unknown	8h	8	RK-13	0.0130731033771998	7.76270816689424e-05	0.00593792303396974	cluster_2
ORF2	unknown	12h	12	RK-13	0.0105085607219926	0.000362861970981523	0.0345301302986352	cluster_2
ORF2	unknown	18h	18	RK-13	0.00431340916170442	0.00017212430712889	0.0399044701478948	cluster_2
ORF2	unknown	24h	24	RK-13	0.00312043928750142	2.24537193503075e-05	0.00719569178616725	cluster_2
ORF2	unknown	48h	48	RK-13	0.00386462460612873	0.000303667473475341	0.0785761890026184	cluster_2
ORF3	L	1h	1	RK-13	0	0		cluster_2
ORF3	L	2h	2	RK-13	0.00027363847762434	0.000122618542382466	0.448104168123611	cluster_2
ORF3	L	4h	4	RK-13	0.00214039745417682	0.000316770020724722	0.147995887449114	cluster_2
ORF3	L	6h	6	RK-13	0.0111519597268926	0.00010937897384045	0.00980804957326788	cluster_2
ORF3	L	8h	8	RK-13	0.0112528482920042	0.000247563614613103	0.0220000846175995	cluster_2
ORF3	L	12h	12	RK-13	0.0074282263400376	0.000303013288065059	0.0407921452839744	cluster_2
ORF3	L	18h	18	RK-13	0.00376379392997043	6.98719905947648e-05	0.0185642444551458	cluster_2
ORF3	L	24h	24	RK-13	0.00333106943757038	0.000133278510009293	0.0400107270374118	cluster_2
ORF3	L	48h	48	RK-13	0.00407419353518466	3.38778370286795e-05	0.00831522526755567	cluster_2
ORF4	unknown	1h	1	RK-13	0.0114942528735632	0.0199086299720561	1.73205080756888	cluster_3
ORF4	unknown	2h	2	RK-13	0.00688136364247921	0.00144726792014504	0.210317023679862	cluster_3
ORF4	unknown	4h	4	RK-13	0.00660674130780102	0.00107220561180335	0.162289631431055	cluster_3
ORF4	unknown	6h	6	RK-13	0.0067019615117596	0.00069467885791306	0.103653065851563	cluster_3
ORF4	unknown	8h	8	RK-13	0.00454829182046245	0.000250676607005249	0.0551144510731418	cluster_3
ORF4	unknown	12h	12	RK-13	0.00246289906248181	5.47524996222572e-05	0.0222309149637193	cluster_3
ORF4	unknown	18h	18	RK-13	0.00120976161848144	9.71934466442443e-05	0.0803409904558278	cluster_3
ORF4	unknown	24h	24	RK-13	0.000984538261843715	0.000100489791495513	0.102067939246291	cluster_3
ORF4	unknown	48h	48	RK-13	0.00114611588327463	6.55958875183563e-05	0.0572332069344842	cluster_3
ORF7,  ORF6,  ORF5	E/L	1h	1	RK-13	0.0170940170940171	0.0148038530561443	0.866025403784439	cluster_1
ORF7,  ORF6,  ORF5	E/L	2h	2	RK-13	0.0734784768661629	0.00381952862905614	0.051981597767918	cluster_1
ORF7,  ORF6,  ORF5	E/L	4h	4	RK-13	0.0579859181950238	0.00026950073927941	0.0046476928824857	cluster_1
ORF7,  ORF6,  ORF5	E/L	6h	6	RK-13	0.0243750132825782	0.000946288453121723	0.0388220692293151	cluster_1
ORF7,  ORF6,  ORF5	E/L	8h	8	RK-13	0.0146286082905863	0.000133631118878022	0.00913491674830168	cluster_1
ORF7,  ORF6,  ORF5	E/L	12h	12	RK-13	0.0121113236936567	0.000191915006459354	0.0158459150555005	cluster_1
ORF7,  ORF6,  ORF5	E/L	18h	18	RK-13	0.0106035408521889	0.000189125606598453	0.0178360803466336	cluster_1
ORF7,  ORF6,  ORF5	E/L	24h	24	RK-13	0.0128188718993363	0.000324402901760012	0.0253066653842455	cluster_1
ORF7,  ORF6,  ORF5	E/L	48h	48	RK-13	0.00985207396936524	0.000423279424188584	0.0429634841866555	cluster_1
ORF8	L	1h	1	RK-13	0	0		cluster_2
ORF8	L	2h	2	RK-13	0	0		cluster_2
ORF8	L	4h	4	RK-13	0.00103500229870348	0.000172614788085125	0.166777202622017	cluster_2
ORF8	L	6h	6	RK-13	0.0032978772118821	0.000152489272587772	0.0462386143542154	cluster_2
ORF8	L	8h	8	RK-13	0.00505209651835052	0.000342898966965525	0.0678726080786517	cluster_2
ORF8	L	12h	12	RK-13	0.00585203829049782	0.00030600061013815	0.0522895775707783	cluster_2
ORF8	L	18h	18	RK-13	0.00467769624975138	0.00026242780866966	0.0561019345118034	cluster_2
ORF8	L	24h	24	RK-13	0.00434199303629992	0.000301179314881738	0.0693643016844614	cluster_2
ORF8	L	48h	48	RK-13	0.00553091914116352	0.000351351399199871	0.0635249567445237	cluster_2
ORF9	L	1h	1	RK-13	0	0		cluster_2
ORF9	L	2h	2	RK-13	0.00333154450918566	0.000544022971091827	0.163294522883263	cluster_2
ORF9	L	4h	4	RK-13	0.00578576316495707	0.00064722725476482	0.111865494025907	cluster_2
ORF9	L	6h	6	RK-13	0.0100892307059078	0.000402540903886632	0.0398980770308801	cluster_2
ORF9	L	8h	8	RK-13	0.00820993080439076	0.000474298382813501	0.0577713008932842	cluster_2
ORF9	L	12h	12	RK-13	0.00493934341766508	0.000350122776144946	0.0708844772551684	cluster_2
ORF9	L	18h	18	RK-13	0.00339011907130019	8.07481818943376e-05	0.0238186860685601	cluster_2
ORF9	L	24h	24	RK-13	0.00307801657381593	7.59510172253597e-05	0.0246753113259557	cluster_2
ORF9	L	48h	48	RK-13	0.00433120036958143	0.000156778409502272	0.0361974501580085	cluster_2
ORF10, ORF11	L	1h	1	RK-13	0	0		unclustered
ORF10, ORF11	L	2h	2	RK-13	0.0292812345492853	0.0042977533509139	0.146775005120773	unclustered
ORF10, ORF11	L	4h	4	RK-13	0.0170461412519203	0.00115155820328897	0.0675553596717525	unclustered
ORF10, ORF11	L	6h	6	RK-13	0.0233781624156064	0.000485675478163447	0.0207747499366857	unclustered
ORF10, ORF11	L	8h	8	RK-13	0.0244415185323478	0.00118506658328866	0.048485800165004	unclustered
ORF10, ORF11	L	12h	12	RK-13	0.0199479212386209	9.60756210234196e-05	0.004816322456568	unclustered
ORF10, ORF11	L	18h	18	RK-13	0.0175647603078098	0.000257933534553529	0.0146847170148313	unclustered
ORF10, ORF11	L	24h	24	RK-13	0.0148878500402786	0.000443302081211849	0.0297760979599143	unclustered
ORF10, ORF11	L	48h	48	RK-13	0.0131778549512702	0.000458795429585262	0.0348156381506566	unclustered
ORF12, ORF13, ORF14	L	1h	1	RK-13	0	0		cluster_2
ORF12, ORF13, ORF14	L	2h	2	RK-13	0.00863324357903942	0.000782318995017679	0.0906170418864429	cluster_2
ORF12, ORF13, ORF14	L	4h	4	RK-13	0.020162692681278	0.00168384735281527	0.0835130197852397	cluster_2
ORF12, ORF13, ORF14	L	6h	6	RK-13	0.0407019809702076	0.000748488049670435	0.0183894747093096	cluster_2
ORF12, ORF13, ORF14	L	8h	8	RK-13	0.0391277976117554	0.00136885213513473	0.0349841345203514	cluster_2
ORF12, ORF13, ORF14	L	12h	12	RK-13	0.0329194931742683	0.000315591716318849	0.00958677324247305	cluster_2
ORF12, ORF13, ORF14	L	18h	18	RK-13	0.0423145970904502	0.00141127392949767	0.0333519406194742	cluster_2
ORF12, ORF13, ORF14	L	24h	24	RK-13	0.0411625341947053	0.000990617503099316	0.0240659989108916	cluster_2
ORF12, ORF13, ORF14	L	48h	48	RK-13	0.0324275961060166	0.000445896946599678	0.0137505396681855	cluster_2
ORF18, ORF17, ORF16, ORF15	L	1h	1	RK-13	0	0		cluster_4
ORF18, ORF17, ORF16, ORF15	L	2h	2	RK-13	0.000232558139534884	0.000402802513388111	1.73205080756888	cluster_4
ORF18, ORF17, ORF16, ORF15	L	4h	4	RK-13	7.47423774876237e-05	7.80102461503891e-05	1.04372176498274	cluster_4
ORF18, ORF17, ORF16, ORF15	L	6h	6	RK-13	0.000754154899391579	4.9973874150178e-05	0.0662647344603805	cluster_4
ORF18, ORF17, ORF16, ORF15	L	8h	8	RK-13	0.00288545345839185	0.000238539468840767	0.0826696643285011	cluster_4
ORF18, ORF17, ORF16, ORF15	L	12h	12	RK-13	0.0677324497781694	0.00120703317092247	0.017820604080845	cluster_4
ORF18, ORF17, ORF16, ORF15	L	18h	18	RK-13	0.129028288211111	0.00189238984561327	0.0146664725375339	cluster_4
ORF18, ORF17, ORF16, ORF15	L	24h	24	RK-13	0.128954966770242	0.000749344852642726	0.00581090338286719	cluster_4
ORF18, ORF17, ORF16, ORF15	L	48h	48	RK-13	0.0739628710740654	4.48348898758043e-05	0.000606181036846275	cluster_4
ORF17	L	1h	1	RK-13	0	0		cluster_1
ORF17	L	2h	2	RK-13	0.00788664812009729	0.00121660289430684	0.154261084782851	cluster_1
ORF17	L	4h	4	RK-13	0.00661488738561446	0.000524046621088355	0.0792223042569116	cluster_1
ORF17	L	6h	6	RK-13	0.00409240650224322	0.000407890770765371	0.0996701502017918	cluster_1
ORF17	L	8h	8	RK-13	0.00382357308420343	0.000215733875541223	0.0564220614567296	cluster_1
ORF17	L	12h	12	RK-13	0.00284651722796949	0.000116797749688868	0.0410318084644736	cluster_1
ORF17	L	18h	18	RK-13	0.00199705267298242	6.38486693027249e-05	0.031971449810271	cluster_1
ORF17	L	24h	24	RK-13	0.00118340463777047	2.15799895911524e-05	0.0182355120999095	cluster_1
ORF17	L	48h	48	RK-13	0.000833814471646549	7.69771699966809e-05	0.0923193019721434	cluster_1
ORF18	L	1h	1	RK-13	0.00854700854700855	0.0148038530561443	1.73205080756888	cluster_2
ORF18	L	2h	2	RK-13	0.011816245451043	0.0034780273165548	0.294342846123579	cluster_2
ORF18	L	4h	4	RK-13	0.0226900896902629	0.000843999737104839	0.037196844464966	cluster_2
ORF18	L	6h	6	RK-13	0.0411492566879917	0.00128801674617914	0.0313010938677542	cluster_2
ORF18	L	8h	8	RK-13	0.0454038854986628	0.00150540016810939	0.0331557564198713	cluster_2
ORF18	L	12h	12	RK-13	0.0269962220754525	0.00103213902201769	0.0382327208278602	cluster_2
ORF18	L	18h	18	RK-13	0.012996770834516	0.000157781264632199	0.0121400359090101	cluster_2
ORF18	L	24h	24	RK-13	0.0083087107993472	0.000172949709133942	0.0208154686461744	cluster_2
ORF18	L	48h	48	RK-13	0.00718195919287998	0.000224846955389455	0.0313071892154947	cluster_2
ORF19	L	1h	1	RK-13	0	0		cluster_4
ORF19	L	2h	2	RK-13	0	0		cluster_4
ORF19	L	4h	4	RK-13	0.000605926101269252	0.000328421348452688	0.54201551602536	cluster_4
ORF19	L	6h	6	RK-13	0.00267458545561582	0.000141183882283827	0.0527872018399649	cluster_4
ORF19	L	8h	8	RK-13	0.00429900190133553	0.000290364562834769	0.0675423201707738	cluster_4
ORF19	L	12h	12	RK-13	0.00598833999875147	0.000137460183856822	0.0229546391630204	cluster_4
ORF19	L	18h	18	RK-13	0.00972602031236798	0.00013787422677586	0.0141758111075024	cluster_4
ORF19	L	24h	24	RK-13	0.0100178211383658	0.000302215598012716	0.0301677973521909	cluster_4
ORF19	L	48h	48	RK-13	0.0122910273145795	0.000656182086150187	0.0533870822475377	cluster_4
ORF22, ORF21, ORF20	E	1h	1	RK-13	0.00854700854700855	0.0148038530561443	1.73205080756888	cluster_1
ORF22, ORF21, ORF20	E	2h	2	RK-13	0.0313532378520944	0.000871808706372161	0.0278060183284683	cluster_1
ORF22, ORF21, ORF20	E	4h	4	RK-13	0.0325871519624516	0.000893724291674917	0.0274256643447917	cluster_1
ORF22, ORF21, ORF20	E	6h	6	RK-13	0.0327728056696183	0.000445058305781386	0.0135801099932672	cluster_1
ORF22, ORF21, ORF20	E	8h	8	RK-13	0.0295613914587183	0.000129962362332002	0.00439635470182421	cluster_1
ORF22, ORF21, ORF20	E	12h	12	RK-13	0.0185546990109839	0.000561777945308418	0.0302768557428962	cluster_1
ORF22, ORF21, ORF20	E	18h	18	RK-13	0.00997192022616017	0.000152684658406997	0.0153114600743041	cluster_1
ORF22, ORF21, ORF20	E	24h	24	RK-13	0.00693724153249482	0.000423541823994302	0.0610533483677027	cluster_1
ORF22, ORF21, ORF20	E	48h	48	RK-13	0.00643383848886553	0.00010643725282533	0.0165433516880369	cluster_1
ORF22	L	1h	1	RK-13	0	0		cluster_2
ORF22	L	2h	2	RK-13	0.00359341093310026	0.000660931586788823	0.183928751566021	cluster_2
ORF22	L	4h	4	RK-13	0.00670971866330131	0.000789695714806757	0.117694310959114	cluster_2
ORF22	L	6h	6	RK-13	0.0122426172594956	0.000535854250004704	0.0437695828144171	cluster_2
ORF22	L	8h	8	RK-13	0.0141502320245737	0.00153211204891662	0.10827469445419	cluster_2
ORF22	L	12h	12	RK-13	0.0140332676855685	0.000538340566058159	0.0383617399824688	cluster_2
ORF22	L	18h	18	RK-13	0.0165732024411285	0.000299736382301858	0.0180856043583963	cluster_2
ORF22	L	24h	24	RK-13	0.0138330405324906	0.000633540812267292	0.0457991004059628	cluster_2
ORF22	L	48h	48	RK-13	0.014522451663228	0.000125798054910275	0.00866231527757846	cluster_2
ORF23	L	1h	1	RK-13	0	0		cluster_2
ORF23	L	2h	2	RK-13	0.000322941145062384	0.000180253335286247	0.558161566100308	cluster_2
ORF23	L	4h	4	RK-13	0.00163033051630956	0.00022318673005317	0.13689661563741	cluster_2
ORF23	L	6h	6	RK-13	0.0104158202448203	0.000464341827141659	0.0445804378558254	cluster_2
ORF23	L	8h	8	RK-13	0.0143840232362377	0.000207754428994516	0.01444341583592	cluster_2
ORF23	L	12h	12	RK-13	0.0118822254313901	0.000381395287151747	0.0320979676201217	cluster_2
ORF23	L	18h	18	RK-13	0.012797791485045	0.000736660922350825	0.0575615662445868	cluster_2
ORF23	L	24h	24	RK-13	0.010187200120153	0.000477062682543672	0.0468296172566508	cluster_2
ORF23	L	48h	48	RK-13	0.00710896472131224	1.08894852132052e-05	0.00153179620944794	cluster_2
ORF24	L	1h	1	RK-13	0.00854700854700855	0.0148038530561443	1.73205080756888	unclustered
ORF24	L	2h	2	RK-13	0.000351867802341532	0.000424295857643673	1.20583882588905	unclustered
ORF24	L	4h	4	RK-13	0.000657731832026843	0.000264563659546274	0.402236362395604	unclustered
ORF24	L	6h	6	RK-13	0.00396866203990903	7.60091651235585e-05	0.0191523400983019	unclustered
ORF24	L	8h	8	RK-13	0.00768866097716076	0.000293286416406392	0.0381453177968963	unclustered
ORF24	L	12h	12	RK-13	0.0082757739824697	0.000259318857010272	0.0313346954084993	unclustered
ORF24	L	18h	18	RK-13	0.0106278763667365	0.000423047909017734	0.0398054977701663	unclustered
ORF24	L	24h	24	RK-13	0.00687655177352232	0.000321302467373212	0.0467243580729464	unclustered
ORF24	L	48h	48	RK-13	0.00603628409586959	0.000303112269632929	0.050215043695564	unclustered
ORF27, ORF26, ORF25	L	1h	1	RK-13	0.0371352785145889	0.0385300770459787	1.037559931881	unclustered
ORF27, ORF26, ORF25	L	2h	2	RK-13	0.00113099295225287	0.000555984858182042	0.491590028986967	unclustered
ORF27, ORF26, ORF25	L	4h	4	RK-13	0.00341908280688707	0.000330675846157565	0.0967147813710399	unclustered
ORF27, ORF26, ORF25	L	6h	6	RK-13	0.0415696211100336	0.00179529027136198	0.0431875543587442	unclustered
ORF27, ORF26, ORF25	L	8h	8	RK-13	0.0903517853179886	0.00412835147516423	0.045691974548535	unclustered
ORF27, ORF26, ORF25	L	12h	12	RK-13	0.123573339101383	0.0069788111296694	0.056475055059763	unclustered
ORF27, ORF26, ORF25	L	18h	18	RK-13	0.0826640640506277	0.0018797103559299	0.0227391476274221	unclustered
ORF27, ORF26, ORF25	L	24h	24	RK-13	0.0924911600957785	0.00280302973994702	0.0303059204473634	unclustered
ORF27, ORF26, ORF25	L	48h	48	RK-13	0.0927289667860947	0.0064455211118699	0.0695092519119544	unclustered
ORF28, ORF29	L	1h	1	RK-13	0	0		cluster_2
ORF28, ORF29	L	2h	2	RK-13	0.000469757575403719	0.000311891206182125	0.663940769691856	cluster_2
ORF28, ORF29	L	4h	4	RK-13	0.00202713701330165	0.000338439018038919	0.166954189982302	cluster_2
ORF28, ORF29	L	6h	6	RK-13	0.0125564630388092	0.000550639164035682	0.0438530470191949	cluster_2
ORF28, ORF29	L	8h	8	RK-13	0.0129425317933883	0.000808492176641397	0.0624678532413892	cluster_2
ORF28, ORF29	L	12h	12	RK-13	0.00900778339095407	0.000501747034470486	0.0557014986588551	cluster_2
ORF28, ORF29	L	18h	18	RK-13	0.00370275673921669	0.000408827668390278	0.110411700574412	cluster_2
ORF28, ORF29	L	24h	24	RK-13	0.0034219894703138	0.000233917923608479	0.0683572891260325	cluster_2
ORF28, ORF29	L	48h	48	RK-13	0.00197757447423456	0.000377424381927814	0.19085217110415	cluster_2
ORF30	E	1h	1	RK-13	0	0		cluster_1
ORF30	E	2h	2	RK-13	0.0242775346280054	0.000510515117915055	0.0210282932652539	cluster_1
ORF30	E	4h	4	RK-13	0.0254757244115566	0.00137014404316262	0.0537823388661357	cluster_1
ORF30	E	6h	6	RK-13	0.00595795559205012	0.000152240070577094	0.0255524010249813	cluster_1
ORF30	E	8h	8	RK-13	0.00276423736908617	0.0002585520620537	0.0935346815527548	cluster_1
ORF30	E	12h	12	RK-13	0.00305420411626119	0.000136398398533727	0.0446592281791236	cluster_1
ORF30	E	18h	18	RK-13	0.00396921559630877	3.26973649097378e-05	0.00823773970356894	cluster_1
ORF30	E	24h	24	RK-13	0.00345505679985875	6.23161159875385e-05	0.0180362059431515	cluster_1
ORF30	E	48h	48	RK-13	0.00390258560678836	0.000110408188801007	0.0282910357197437	cluster_1
ORF31	E	1h	1	RK-13	0.0114942528735632	0.0199086299720561	1.73205080756888	cluster_1
ORF31	E	2h	2	RK-13	0.0418348055592999	0.00203089846658048	0.0485456652523873	cluster_1
ORF31	E	4h	4	RK-13	0.054156116042898	0.00565992550145062	0.104511289121386	cluster_1
ORF31	E	6h	6	RK-13	0.0369524041858111	0.00106223258409024	0.0287459668049991	cluster_1
ORF31	E	8h	8	RK-13	0.0232500898658891	0.000674604245732707	0.0290151242263558	cluster_1
ORF31	E	12h	12	RK-13	0.0127933233387822	0.000593725178552103	0.0464089871591271	cluster_1
ORF31	E	18h	18	RK-13	0.00611016148448445	0.000250749881893509	0.0410381759189571	cluster_1
ORF31	E	24h	24	RK-13	0.00447268882556693	0.000292245626964542	0.0653400311003077	cluster_1
ORF31	E	48h	48	RK-13	0.00435080632124105	0.00017121261960442	0.0393519285766741	cluster_1
ORF32, ORF33, ORF34	E/L	1h	1	RK-13	0	0		cluster_1
ORF32, ORF33, ORF34	E/L	2h	2	RK-13	0.0674702430287687	0.00437264548937139	0.0648085036170232	cluster_1
ORF32, ORF33, ORF34	E/L	4h	4	RK-13	0.0501699346408346	0.00445237717758387	0.0887459234192417	cluster_1
ORF32, ORF33, ORF34	E/L	6h	6	RK-13	0.0672904492240684	0.00222265992942825	0.0330308380321119	cluster_1
ORF32, ORF33, ORF34	E/L	8h	8	RK-13	0.0594279161303945	0.000520790369337901	0.00876339611497066	cluster_1
ORF32, ORF33, ORF34	E/L	12h	12	RK-13	0.0479571195920302	0.00102927017210214	0.0214623017574473	cluster_1
ORF32, ORF33, ORF34	E/L	18h	18	RK-13	0.0291897435727001	0.000533975762447787	0.0182932666440821	cluster_1
ORF32, ORF33, ORF34	E/L	24h	24	RK-13	0.0218159250693681	0.00061139285843797	0.0280250714326312	cluster_1
ORF32, ORF33, ORF34	E/L	48h	48	RK-13	0.0201518383365875	0.000477796201198522	0.0237098071758069	cluster_1
ORF37, ORF36, ORF35, ORF35.5	L	1h	1	RK-13	0	0		unclustered
ORF37, ORF36, ORF35, ORF35.5	L	2h	2	RK-13	0.000282570751845159	0.000158749299235049	0.561803718886092	unclustered
ORF37, ORF36, ORF35, ORF35.5	L	4h	4	RK-13	0.00151192961323737	0.00043389282312187	0.28697951235495	unclustered
ORF37, ORF36, ORF35, ORF35.5	L	6h	6	RK-13	0.0147072796175778	0.000292642002944024	0.0198977656339834	unclustered
ORF37, ORF36, ORF35, ORF35.5	L	8h	8	RK-13	0.0312012677741786	0.00102604522388915	0.0328847286371576	unclustered
ORF37, ORF36, ORF35, ORF35.5	L	12h	12	RK-13	0.0335058129927913	0.000416315496009588	0.0124251721962144	unclustered
ORF37, ORF36, ORF35, ORF35.5	L	18h	18	RK-13	0.0385929652186731	0.000324036372361784	0.0083962548750983	unclustered
ORF37, ORF36, ORF35, ORF35.5	L	24h	24	RK-13	0.0400862542829856	0.000832506758254538	0.0207678859785084	unclustered
ORF37, ORF36, ORF35, ORF35.5	L	48h	48	RK-13	0.0281129695661799	0.000783274824110537	0.027861689326937	unclustered
ORF36	L	1h	1	RK-13	0	0		cluster_2
ORF36	L	2h	2	RK-13	0.000245421765217423	0.000267466504907633	1.08982389834366	cluster_2
ORF36	L	4h	4	RK-13	0.00103350052451652	0.000587827442495468	0.568773240604263	cluster_2
ORF36	L	6h	6	RK-13	0.00406173832603332	5.67452541720083e-05	0.0139706819142693	cluster_2
ORF36	L	8h	8	RK-13	0.0061659955630893	0.000687813441009682	0.111549454418529	cluster_2
ORF36	L	12h	12	RK-13	0.00621923268981207	6.1404570052056e-05	0.00987333536380538	cluster_2
ORF36	L	18h	18	RK-13	0.00445536808993106	4.14469300230301e-05	0.0093026949034129	cluster_2
ORF36	L	24h	24	RK-13	0.00407565956871844	0.000215330574055939	0.0528333072047152	cluster_2
ORF36	L	48h	48	RK-13	0.00463513587928809	3.81531245753564e-05	0.00823128503003375	cluster_2
ORF37	L	1h	1	RK-13	0	0		cluster_2
ORF37	L	2h	2	RK-13	0.000127531992155236	0.000111388934112185	0.873419541479434	cluster_2
ORF37	L	4h	4	RK-13	0.000865428643529016	0.000210236967522114	0.242928136356588	cluster_2
ORF37	L	6h	6	RK-13	0.00170095542053492	8.62381574604118e-05	0.0506998339987601	cluster_2
ORF37	L	8h	8	RK-13	0.00141363684630585	8.56962921683626e-05	0.0606211506104315	cluster_2
ORF37	L	12h	12	RK-13	0.00080241884870027	3.82138141276257e-05	0.0476232757861098	cluster_2
ORF37	L	18h	18	RK-13	0.000629396345163641	6.85971629380593e-05	0.108988816768906	cluster_2
ORF37	L	24h	24	RK-13	0.000643019089409701	4.02265438117084e-05	0.0625588640745282	cluster_2
ORF37	L	48h	48	RK-13	0.000881544226252624	3.60626889802669e-05	0.0409085419724959	cluster_2
ORF38	L	1h	1	RK-13	0	0		cluster_2
ORF38	L	2h	2	RK-13	0.0054606691810054	0.000630696492025657	0.115498022517001	cluster_2
ORF38	L	4h	4	RK-13	0.0109977919812963	0.00121409921659168	0.110394815491734	cluster_2
ORF38	L	6h	6	RK-13	0.0133576846231569	0.000285416075809622	0.0213671818029619	cluster_2
ORF38	L	8h	8	RK-13	0.010855837097325	0.000230317437460546	0.0212159997792616	cluster_2
ORF38	L	12h	12	RK-13	0.00811689720232721	0.000212341008585465	0.0261603668609458	cluster_2
ORF38	L	18h	18	RK-13	0.0062482851242101	0.000200650950726827	0.0321129632752143	cluster_2
ORF38	L	24h	24	RK-13	0.00556327712365197	1.57414708274743e-05	0.00282953203257667	cluster_2
ORF38	L	48h	48	RK-13	0.00493422274008808	9.37209646766826e-05	0.0189940684913242	cluster_2
ORF39	L	1h	1	RK-13	0.00854700854700855	0.0148038530561443	1.73205080756888	cluster_5
ORF39	L	2h	2	RK-13	0.000387596899224806	0.000671337522313518	1.73205080756888	cluster_5
ORF39	L	4h	4	RK-13	0.000399891187758801	0.000200393091226712	0.501119047783521	cluster_5
ORF39	L	6h	6	RK-13	0.00197905659146563	0.000135100849054968	0.0682652783339139	cluster_5
ORF39	L	8h	8	RK-13	0.00587680396299706	0.000236750592030747	0.0402856031137729	cluster_5
ORF39	L	12h	12	RK-13	0.00704691182077324	0.000234805829170713	0.0333203870209558	cluster_5
ORF39	L	18h	18	RK-13	0.00412767305828106	1.72003677711144e-05	0.00416708579585936	cluster_5
ORF39	L	24h	24	RK-13	0.00412694965101365	3.77162947191156e-05	0.00913902468130471	cluster_5
ORF39	L	48h	48	RK-13	0.00469983289270112	0.000292270339352694	0.0621873896424258	cluster_5
CTO	unknown	1h	1	RK-13	0	0		cluster_2
CTO	unknown	2h	2	RK-13	0.00813313945661209	0.00195518966469426	0.240397902325986	cluster_2
CTO	unknown	4h	4	RK-13	0.0107160636250142	0.000610265599751269	0.0569486726755468	cluster_2
CTO	unknown	6h	6	RK-13	0.0212703550099081	0.000250538001213111	0.0117787409329279	cluster_2
CTO	unknown	8h	8	RK-13	0.0498583156421038	0.00344649470197741	0.0691257748600507	cluster_2
CTO	unknown	12h	12	RK-13	0.0665212041709703	0.0053939384093151	0.0810860007201884	cluster_2
CTO	unknown	18h	18	RK-13	0.0374662136470832	0.00159718049577063	0.0426298881124053	cluster_2
CTO	unknown	24h	24	RK-13	0.0390838771815359	0.000890780066945515	0.022791496933839	cluster_2
CTO	unknown	48h	48	RK-13	0.04506303981048	0.00258898040983307	0.057452413790136	cluster_2
ORF40	L	1h	1	RK-13	0	0		cluster_2
ORF40	L	2h	2	RK-13	0	0		cluster_2
ORF40	L	4h	4	RK-13	0.000390637115458655	0.000157201345198307	0.402422962328435	cluster_2
ORF40	L	6h	6	RK-13	0.00221877784853294	0.00013159383109464	0.0593091512886927	cluster_2
ORF40	L	8h	8	RK-13	0.00439814974090664	0.000274776749148932	0.0624755329708919	cluster_2
ORF40	L	12h	12	RK-13	0.00399948095774422	0.000138700464328992	0.0346796161287944	cluster_2
ORF40	L	18h	18	RK-13	0.00221600250979134	1.92533719504727e-05	0.00868833490278204	cluster_2
ORF40	L	24h	24	RK-13	0.0017106745837941	0.0001198968414641	0.0700874629224812	cluster_2
ORF40	L	48h	48	RK-13	0.00141494947830646	1.94637387002659e-05	0.0137557835093603	cluster_2
ORF41, ORF42, OF43	L	1h	1	RK-13	0	0		unclustered
ORF41, ORF42, OF43	L	2h	2	RK-13	0.00254919795268484	0.000953246678231669	0.373939841442168	unclustered
ORF41, ORF42, OF43	L	4h	4	RK-13	0.00261257817995227	0.000104790153242867	0.0401098631409306	unclustered
ORF41, ORF42, OF43	L	6h	6	RK-13	0.00917856249307149	0.000132431936838304	0.0144283962699248	unclustered
ORF41, ORF42, OF43	L	8h	8	RK-13	0.021990303255131	0.000961700980742659	0.0437329567302927	unclustered
ORF41, ORF42, OF43	L	12h	12	RK-13	0.027970338856487	0.000916059363816997	0.032751099960469	unclustered
ORF41, ORF42, OF43	L	18h	18	RK-13	0.02620273800849	0.000114869242467028	0.00438386409961468	unclustered
ORF41, ORF42, OF43	L	24h	24	RK-13	0.0284907567708493	0.000602215987952154	0.0211372408530867	unclustered
ORF41, ORF42, OF43	L	48h	48	RK-13	0.0265925804686819	0.000301365418428544	0.011332688032418	unclustered
ORF44	L	1h	1	RK-13	0	0		cluster_2
ORF44	L	2h	2	RK-13	0.00178722740634291	0.000516673712236213	0.289092317185002	cluster_2
ORF44	L	4h	4	RK-13	0.00218698158034459	0.000548972948677462	0.251018551601593	cluster_2
ORF44	L	6h	6	RK-13	0.00330766870400265	2.6440214003576e-05	0.00799361011324391	cluster_2
ORF44	L	8h	8	RK-13	0.00425330811784353	0.000131995317056758	0.0310335657327551	cluster_2
ORF44	L	12h	12	RK-13	0.00547862441410968	0.000304874944297397	0.0556480826669228	cluster_2
ORF44	L	18h	18	RK-13	0.00581161919592068	5.82406761008125e-05	0.0100214198723986	cluster_2
ORF44	L	24h	24	RK-13	0.00521750479764806	0.000173698786162621	0.0332915431608076	cluster_2
ORF44	L	48h	48	RK-13	0.00486644022282535	0.000249082237176483	0.0511836631647499	cluster_2
ORF45, ORF46	L	1h	1	RK-13	0.00854700854700855	0.0148038530561443	1.73205080756888	cluster_5
ORF45, ORF46	L	2h	2	RK-13	0.000664456783438636	0.000238069781916529	0.358292349254819	cluster_5
ORF45, ORF46	L	4h	4	RK-13	0.00214727766841796	0.000371602863891663	0.173057667090371	cluster_5
ORF45, ORF46	L	6h	6	RK-13	0.00732936361711913	0.000329338916657315	0.0449341762616445	cluster_5
ORF45, ORF46	L	8h	8	RK-13	0.014385575676481	0.000839189248453523	0.0583354651441246	cluster_5
ORF45, ORF46	L	12h	12	RK-13	0.0153905731978086	0.000934720586096888	0.0607333186414383	cluster_5
ORF45, ORF46	L	18h	18	RK-13	0.0124886764225331	0.000285147205104381	0.0228324600187331	cluster_5
ORF45, ORF46	L	24h	24	RK-13	0.0106378201145161	0.000382296569007692	0.0359374914119876	cluster_5
ORF45, ORF46	L	48h	48	RK-13	0.0102840660852733	0.000124730942029008	0.0121285628655793	cluster_5
ORF48, ORF49, ORF50, ORF51	E/L	1h	1	RK-13	0	0		cluster_2
ORF48, ORF49, ORF50, ORF51	E/L	2h	2	RK-13	0.0147333429290125	0.00220908889588558	0.149938062700997	cluster_2
ORF48, ORF49, ORF50, ORF51	E/L	4h	4	RK-13	0.0184566730441584	0.00241530907949553	0.130863730083791	cluster_2
ORF48, ORF49, ORF50, ORF51	E/L	6h	6	RK-13	0.0267925208404389	0.00120075012051226	0.0448166160871255	cluster_2
ORF48, ORF49, ORF50, ORF51	E/L	8h	8	RK-13	0.0195844096842213	0.00121932187601932	0.0622598227712577	cluster_2
ORF48, ORF49, ORF50, ORF51	E/L	12h	12	RK-13	0.0148061202356255	0.000517757382050099	0.0349691461240674	cluster_2
ORF48, ORF49, ORF50, ORF51	E/L	18h	18	RK-13	0.0126243426183009	0.000321928035037793	0.0255005781109829	cluster_2
ORF48, ORF49, ORF50, ORF51	E/L	24h	24	RK-13	0.00957363682277717	0.00041487498836844	0.043335150063494	cluster_2
ORF48, ORF49, ORF50, ORF51	E/L	48h	48	RK-13	0.0102099666356785	0.000335420298509751	0.0328522423704728	cluster_2
ORF52	L	1h	1	RK-13	0	0		cluster_4
ORF52	L	2h	2	RK-13	0.000428677237314262	0.000260843293874835	0.608484125513786	cluster_4
ORF52	L	4h	4	RK-13	0.00120655377751754	0.000275958452006663	0.228716247173368	cluster_4
ORF52	L	6h	6	RK-13	0.00879711497753577	7.98299045722868e-05	0.0090745550985908	cluster_4
ORF52	L	8h	8	RK-13	0.0139465810555965	0.000278290487695718	0.0199540293485797	cluster_4
ORF52	L	12h	12	RK-13	0.0201845249611498	0.000458834387542746	0.0227319884131972	cluster_4
ORF52	L	18h	18	RK-13	0.0384994552957877	0.000580852397438184	0.0150872887155298	cluster_4
ORF52	L	24h	24	RK-13	0.0412146323702795	0.00134781767780406	0.032702406895081	cluster_4
ORF52	L	48h	48	RK-13	0.0477566320599388	0.00147145622836436	0.0308115577856821	cluster_4
ORF53, ORF54	E	1h	1	RK-13	0.00854700854700855	0.0148038530561443	1.73205080756888	cluster_4
ORF53, ORF54	E	2h	2	RK-13	0.0234548176782873	0.00117089377069878	0.0499212480249933	cluster_4
ORF53, ORF54	E	4h	4	RK-13	0.00923711783326712	0.00151036470686305	0.163510386478295	cluster_4
ORF53, ORF54	E	6h	6	RK-13	0.00379958058728273	0.000112925699483387	0.0297205696495427	cluster_4
ORF53, ORF54	E	8h	8	RK-13	0.00628931676321073	0.00023116747621582	0.0367555785340676	cluster_4
ORF53, ORF54	E	12h	12	RK-13	0.0181767996985569	0.000998247237859603	0.0549187565696098	cluster_4
ORF53, ORF54	E	18h	18	RK-13	0.0583351783944088	0.000566545585950391	0.00971190286108206	cluster_4
ORF53, ORF54	E	24h	24	RK-13	0.0919515799345507	0.00245275041782187	0.0266743694841099	cluster_4
ORF53, ORF54	E	48h	48	RK-13	0.129471187260242	0.000211021448429328	0.00162987188806083	cluster_4
ORF57, ORF58	L	1h	1	RK-13	0	0		cluster_4
ORF57, ORF58	L	2h	2	RK-13	0.00148466227143943	0.000217351202544724	0.146397740904398	cluster_4
ORF57, ORF58	L	4h	4	RK-13	0.000957096249037176	0.000243422710462769	0.254334619645253	cluster_4
ORF57, ORF58	L	6h	6	RK-13	0.00170453772734481	0.00025325327997311	0.148575931122163	cluster_4
ORF57, ORF58	L	8h	8	RK-13	0.00446583637480132	0.000263962338723688	0.0591070331669801	cluster_4
ORF57, ORF58	L	12h	12	RK-13	0.0200079003487414	0.001464741549096	0.0732081589554766	cluster_4
ORF57, ORF58	L	18h	18	RK-13	0.0741761461689114	0.00104775418989016	0.0141252173913733	cluster_4
ORF57, ORF58	L	24h	24	RK-13	0.0637608852981199	0.00126282004676083	0.0198055601150518	cluster_4
ORF57, ORF58	L	48h	48	RK-13	0.0838846960370505	0.000185446009187549	0.00221072517334557	cluster_4
ORF62, ORF61, ORF60,ORF59	E/L	1h	1	RK-13	0.0114942528735632	0.0199086299720561	1.73205080756888	cluster_4
ORF62, ORF61, ORF60,ORF59	E/L	2h	2	RK-13	0.0126232056862607	0.00175806710934813	0.139272634308862	cluster_4
ORF62, ORF61, ORF60,ORF59	E/L	4h	4	RK-13	0.0165277702734157	0.0013647039530358	0.0825703606995844	cluster_4
ORF62, ORF61, ORF60,ORF59	E/L	6h	6	RK-13	0.0305498262639866	0.00133576012820005	0.0437239844396334	cluster_4
ORF62, ORF61, ORF60,ORF59	E/L	8h	8	RK-13	0.0381259038677693	0.000616977827550053	0.0161826413267445	cluster_4
ORF62, ORF61, ORF60,ORF59	E/L	12h	12	RK-13	0.06104428275579	0.000996610666457665	0.0163260279499826	cluster_4
ORF62, ORF61, ORF60,ORF59	E/L	18h	18	RK-13	0.0765915480691009	0.0021217078202428	0.0277015920650749	cluster_4
ORF62, ORF61, ORF60,ORF59	E/L	24h	24	RK-13	0.102522950458173	0.000549564082158341	0.00536040057082193	cluster_4
ORF62, ORF61, ORF60,ORF59	E/L	48h	48	RK-13	0.106120019376992	0.000398042021262015	0.00375086645855169	cluster_4
ORF63	E	1h	1	RK-13	0.00854700854700855	0.0148038530561443	1.73205080756888	cluster_1
ORF63	E	2h	2	RK-13	0.0746255421579904	0.00267617380824567	0.0358613650347748	cluster_1
ORF63	E	4h	4	RK-13	0.0382201855578619	0.00176301659779477	0.0461278921612173	cluster_1
ORF63	E	6h	6	RK-13	0.00915526310638819	0.000263641403414864	0.0287967041854761	cluster_1
ORF63	E	8h	8	RK-13	0.0035832955295108	0.000187943772407367	0.0524499782001026	cluster_1
ORF63	E	12h	12	RK-13	0.00334687795277422	6.35778626944997e-05	0.0189961700401415	cluster_1
ORF63	E	18h	18	RK-13	0.00414115924128894	9.73889375819804e-05	0.023517312884512	cluster_1
ORF63	E	24h	24	RK-13	0.00540772812041734	0.000199685231574446	0.0369259006976547	cluster_1
ORF63	E	48h	48	RK-13	0.0100212545609418	8.43259923048011e-05	0.0084147141250622	cluster_1
ORF64_1	IE	1h	1	RK-13	0.519893899204244	0.0833752448037226	0.160369731076548	unclustered
ORF64_1	IE	2h	2	RK-13	0.0216790340078825	0.000454061135662152	0.0209447125502481	unclustered
ORF64_1	IE	4h	4	RK-13	0.00952762092405632	0.000567862336329792	0.0596016928943925	unclustered
ORF64_1	IE	6h	6	RK-13	0.00455193453070431	0.000272390427038183	0.059840585404034	unclustered
ORF64_1	IE	8h	8	RK-13	0.00495650385244774	0.000997272758535539	0.201204879129276	unclustered
ORF64_1	IE	12h	12	RK-13	0.00333886454382627	0.000373482943026864	0.111859267761387	unclustered
ORF64_1	IE	18h	18	RK-13	0.00167318738354539	0.000156501916142237	0.0935351997518762	unclustered
ORF64_1	IE	24h	24	RK-13	0.00131749310264473	2.00360086190541e-05	0.0152076762897915	unclustered
ORF64_1	IE	48h	48	RK-13	0.00139468234725047	1.48938087147364e-05	0.0106789970806604	unclustered
NOIR_1	unknown	1h	1	RK-13	0	0		cluster_1
NOIR_1	unknown	2h	2	RK-13	0.00526203862150876	0.00088102542525817	0.167430436876109	cluster_1
NOIR_1	unknown	4h	4	RK-13	0.00164709778150616	0.000357527848579474	0.217065345235629	cluster_1
NOIR_1	unknown	6h	6	RK-13	0.00222014228630745	0.00013420721236136	0.0604498248554032	cluster_1
NOIR_1	unknown	8h	8	RK-13	0.00280079187194087	7.16880499844887e-05	0.0255956362565458	cluster_1
NOIR_1	unknown	12h	12	RK-13	0.00312316242594228	0.000144206980165064	0.0461733846972611	cluster_1
NOIR_1	unknown	18h	18	RK-13	0.00256126749227417	8.02552577421914e-05	0.0313341960510857	cluster_1
NOIR_1	unknown	24h	24	RK-13	0.00214570243790038	0.000112903090181526	0.0526182420205496	cluster_1
NOIR_1	unknown	48h	48	RK-13	0.00387813100622206	1.4521295073147e-05	0.00374440550096144	cluster_1
ORF65_1	E	1h	1	RK-13	0.0486295313881521	0.0217837046768434	0.447952181627452	cluster_1
ORF65_1	E	2h	2	RK-13	0.159848584582316	0.00771273184179704	0.0482502354459402	cluster_1
ORF65_1	E	4h	4	RK-13	0.108871706656881	0.00680057615714575	0.0624641274208953	cluster_1
ORF65_1	E	6h	6	RK-13	0.0490550820792151	0.0013991831274596	0.0285226946557784	cluster_1
ORF65_1	E	8h	8	RK-13	0.0212352710238839	0.0024837935956474	0.116965476581571	cluster_1
ORF65_1	E	12h	12	RK-13	0.00839829294711693	0.000938614525427636	0.11176253690339	cluster_1
ORF65_1	E	18h	18	RK-13	0.00348753323109057	0.000193392794490414	0.0554526026494489	cluster_1
ORF65_1	E	24h	24	RK-13	0.00233380617980081	0.000264300787247917	0.113248816262229	cluster_1
ORF65_1	E	48h	48	RK-13	0.00387050075219651	0.000408346085435817	0.105502133077763	cluster_1
ORF66_1	unknown	1h	1	RK-13	0	0		cluster_2
ORF66_1	unknown	2h	2	RK-13	0.000155038759689923	0.000268535008925407	1.73205080756888	cluster_2
ORF66_1	unknown	4h	4	RK-13	0.000465537455770215	0.000131307681626741	0.282056105259023	cluster_2
ORF66_1	unknown	6h	6	RK-13	0.00243375947752068	0.000137207733339175	0.0563768665747332	cluster_2
ORF66_1	unknown	8h	8	RK-13	0.00260476794631988	0.000179813681353926	0.0690325146268689	cluster_2
ORF66_1	unknown	12h	12	RK-13	0.00179847852398511	0.000260369153855399	0.144771900460878	cluster_2
ORF66_1	unknown	18h	18	RK-13	0.000899910874934732	0.000144623592280713	0.160708794958392	cluster_2
ORF66_1	unknown	24h	24	RK-13	0.000558347723586327	6.58173895946036e-05	0.117878853650287	cluster_2
ORF66_1	unknown	48h	48	RK-13	0.000376262777145245	2.61813683460015e-05	0.0695826691777565	cluster_2
ORF68, ORF67_1	L	1h	1	RK-13	0.0772178013557324	0.0260843610924556	0.337802432010313	cluster_1
ORF68, ORF67_1	L	2h	2	RK-13	0.131472055038244	0.00147075684880762	0.0111868400351679	cluster_1
ORF68, ORF67_1	L	4h	4	RK-13	0.174347679552986	0.00383900746550678	0.0220192633211391	cluster_1
ORF68, ORF67_1	L	6h	6	RK-13	0.13200299965676	0.00207415155426313	0.0157129122796938	cluster_1
ORF68, ORF67_1	L	8h	8	RK-13	0.0827636188326471	0.00351184348026922	0.0424322127258642	cluster_1
ORF68, ORF67_1	L	12h	12	RK-13	0.0444590992678297	0.000935039889407867	0.0210314627333095	cluster_1
ORF68, ORF67_1	L	18h	18	RK-13	0.0220411058684525	0.000224588185529938	0.0101895153024691	cluster_1
ORF68, ORF67_1	L	24h	24	RK-13	0.0129982833378816	0.000316195457489159	0.024325939762188	cluster_1
ORF68, ORF67_1	L	48h	48	RK-13	0.0172779743828129	0.000788328328320694	0.0456262007834017	cluster_1
ORF69, ORF70	E/L	1h	1	RK-13	0.0972590627763041	0.0352229607197915	0.36215607794622	cluster_3
ORF69, ORF70	E/L	2h	2	RK-13	0.0578006398642592	0.00379911390494577	0.0657278866439493	cluster_3
ORF69, ORF70	E/L	4h	4	RK-13	0.0415212679117962	0.00210326132849042	0.0506550361843089	cluster_3
ORF69, ORF70	E/L	6h	6	RK-13	0.0215407883300333	0.000626802268175517	0.0290983903918501	cluster_3
ORF69, ORF70	E/L	8h	8	RK-13	0.0207902985376795	0.000841951606481322	0.0404973312410787	cluster_3
ORF69, ORF70	E/L	12h	12	RK-13	0.0195173023520021	0.000245313965569127	0.0125690508424163	cluster_3
ORF69, ORF70	E/L	18h	18	RK-13	0.00917361072485414	0.000126696252645856	0.0138109471227722	cluster_3
ORF69, ORF70	E/L	24h	24	RK-13	0.00553955583445003	0.000150744315435449	0.0272123469715719	cluster_3
ORF69, ORF70	E/L	48h	48	RK-13	0.00512213976026137	0.000485959401733734	0.094874295602769	cluster_3
ORF71, ORF72, ORF73	L	1h	1	RK-13	0	0		cluster_4
ORF71, ORF72, ORF73	L	2h	2	RK-13	0.000254354039438242	0.000265922759113917	1.04548274405716	cluster_4
ORF71, ORF72, ORF73	L	4h	4	RK-13	0.000751456242586564	0.000165799709847804	0.220637876767262	cluster_4
ORF71, ORF72, ORF73	L	6h	6	RK-13	0.00424002834530873	0.000286602278809779	0.0675944251945585	cluster_4
ORF71, ORF72, ORF73	L	8h	8	RK-13	0.00688816036459918	0.00055070922417664	0.0799501165807549	cluster_4
ORF71, ORF72, ORF73	L	12h	12	RK-13	0.013340799689386	0.000368204517653235	0.0275998835321828	cluster_4
ORF71, ORF72, ORF73	L	18h	18	RK-13	0.0213234753716401	0.000656349973287164	0.0307806284786063	cluster_4
ORF71, ORF72, ORF73	L	24h	24	RK-13	0.0184799598107339	0.000240228473670247	0.0129994045512324	cluster_4
ORF71, ORF72, ORF73	L	48h	48	RK-13	0.0171427786784186	0.000241773935634163	0.0141035441318821	cluster_4
ORF74, ORF75, ORF76, ORF67 _2	L	1h	1	RK-13	0.0371352785145889	0.0385300770459787	1.037559931881	cluster_1
ORF74, ORF75, ORF76, ORF67 _2	L	2h	2	RK-13	0.0828783415958562	0.00166887906784051	0.020136492064218	cluster_1
ORF74, ORF75, ORF76, ORF67 _2	L	4h	4	RK-13	0.153160578980851	0.00731742706561057	0.0477761778801153	cluster_1
ORF74, ORF75, ORF76, ORF67 _2	L	6h	6	RK-13	0.121364348246813	0.00138718775958651	0.0114299444575392	cluster_1
ORF74, ORF75, ORF76, ORF67 _2	L	8h	8	RK-13	0.0646631007167397	0.00192963446520664	0.0298413537831957	cluster_1
ORF74, ORF75, ORF76, ORF67 _2	L	12h	12	RK-13	0.0341672905357635	0.0007713245285403	0.022574939845843	cluster_1
ORF74, ORF75, ORF76, ORF67 _2	L	18h	18	RK-13	0.0205548343987702	0.000415553163051194	0.0202168090965528	cluster_1
ORF74, ORF75, ORF76, ORF67 _2	L	24h	24	RK-13	0.0116896715956788	0.000395941369677371	0.0338710430345825	cluster_1
ORF74, ORF75, ORF76, ORF67 _2	L	48h	48	RK-13	0.014506964737312	0.000579715636319035	0.0399611942826334	cluster_1
NOIR_2	unknown	1h	1	RK-13	0	0		cluster_1
NOIR_2	unknown	2h	2	RK-13	0.00526203862150876	0.000881025425258169	0.167430436876109	cluster_1
NOIR_2	unknown	4h	4	RK-13	0.00164709778150616	0.000357527848579474	0.217065345235629	cluster_1
NOIR_2	unknown	6h	6	RK-13	0.00222014228630745	0.00013420721236136	0.0604498248554033	cluster_1
NOIR_2	unknown	8h	8	RK-13	0.00279580536045445	6.43823115829941e-05	0.0230281808932969	cluster_1
NOIR_2	unknown	12h	12	RK-13	0.00312150863404553	0.00014282013045119	0.0457535593185572	cluster_1
NOIR_2	unknown	18h	18	RK-13	0.00256270022400561	8.55924354339801e-05	0.0333993163274461	cluster_1
NOIR_2	unknown	24h	24	RK-13	0.00214570243790038	0.000112903090181526	0.0526182420205496	cluster_1
NOIR_2	unknown	48h	48	RK-13	0.00387387208057865	8.49826466708814e-06	0.00219373910400747	cluster_1
