seqnames	strand	gene_cluster	gene	Kinetic_class	EHV-1_12h_1	EHV-1_12h_2	EHV-1_12h_3	EHV-1_18h_1	EHV-1_18h_2	EHV-1_18h_3	EHV-1_1h_1	EHV-1_1h_2	EHV-1_1h_3	EHV-1_24h_1	EHV-1_24h_2	EHV-1_24h_3	EHV-1_2h_1	EHV-1_2h_2	EHV-1_2h_3	EHV-1_48h_1	EHV-1_48h_2	EHV-1_48h_3	EHV-1_4h_1	EHV-1_4h_2	EHV-1_4h_3	EHV-1_6h_1	EHV-1_6h_2	EHV-1_6h_3	EHV-1_8h_1	EHV-1_8h_2	EHV-1_8h_3
NC_001491.2	+				22524	14836	17928	30592	25503	23202	6	5	6	16075	14031	11720	245	205	176	22711	19330	17992	637	671	807	5481	5328	5424	6925	9030	11975
NC_001491.2	+		NOIR_1	unknown	3	2	2	2	2	3	0	0	0	1	2	0	1	0	0	3	6	3	0	0	0	0	0	1	1	1	0
NC_001491.2	+		ORF1	unknown	17	15	16	6	7	6	0	0	0	8	1	4	1	2	3	18	13	3	2	2	2	0	4	6	7	8	8
NC_001491.2	+		ORF10	L	49	36	37	44	22	22	0	0	0	68	54	57	4	8	4	141	105	115	1	4	4	3	8	3	7	18	27
NC_001491.2	+		ORF11	L	278	197	184	57	51	31	0	0	0	55	37	39	1	0	0	111	99	105	0	0	4	22	24	29	66	117	147
NC_001491.2	+		ORF12	L	861	513	518	648	497	457	0	0	0	1332	933	768	1	1	0	1504	1115	924	1	0	2	14	14	15	70	72	129
NC_001491.2	+		ORF13	L	279	196	209	240	150	130	0	0	0	600	428	382	1	1	0	687	472	449	0	2	1	1	0	0	22	21	20
NC_001491.2	+		ORF14	L	31	28	29	21	7	5	0	0	0	11	8	3	0	0	0	17	8	12	0	0	0	3	3	2	14	14	27
NC_001491.2	+		ORF19	L	12	4	8	7	1	2	0	0	0	5	2	3	0	0	0	7	7	9	0	0	0	2	0	2	4	5	5
NC_001491.2	+		ORF23	L	27	19	18	7	6	4	0	0	0	19	13	10	0	0	0	17	14	9	0	0	1	1	1	0	5	9	14
NC_001491.2	+		ORF24	L	16	10	11	4	2	2	0	0	0	8	6	6	0	0	0	23	12	9	0	0	0	0	0	0	3	6	6
NC_001491.2	+		ORF28	L	1	2	2	1	1	1	0	0	0	1	0	0	0	0	0	1	0	0	0	0	1	0	1	0	1	1	0
NC_001491.2	+		ORF29	L	109	73	58	61	29	33	0	0	0	37	37	33	0	0	0	47	31	27	1	3	3	29	23	23	42	52	52
NC_001491.2	+		ORF3	L	15	15	18	4	9	1	0	0	0	7	1	5	0	0	0	5	5	4	2	0	0	5	3	3	4	13	11
NC_001491.2	+		ORF31	E	165	123	107	31	21	11	0	0	0	45	25	25	17	11	11	30	24	20	21	41	26	30	20	31	91	104	107
NC_001491.2	+		ORF32	E	5	1	4	1	0	0	0	0	0	0	2	0	0	1	0	0	2	1	0	0	0	1	0	0	4	2	10
NC_001491.2	+		ORF33	L	267	177	189	91	55	41	0	0	0	204	125	124	0	1	1	204	150	132	3	9	2	5	12	7	59	84	90
NC_001491.2	+		ORF34	unknown	189	135	128	72	59	31	0	0	0	47	44	26	9	7	7	60	39	38	17	9	12	39	44	33	61	85	126
NC_001491.2	+		ORF38	L	18	10	16	3	3	5	0	0	0	2	1	4	0	1	0	2	2	4	2	3	0	3	6	1	5	12	9
NC_001491.2	+		ORF39	L	44	25	19	2	1	5	0	0	0	5	3	6	0	0	0	10	3	8	1	1	0	1	2	2	5	8	11
NC_001491.2	+		ORF41	L	33	18	10	25	12	19	0	0	0	37	27	29	0	0	0	31	14	12	0	0	0	0	0	0	2	6	8
NC_001491.2	+		ORF42	L	3417	2211	1950	720	477	356	0	0	0	1458	982	905	6	5	5	1247	756	745	9	7	10	49	54	56	745	1090	1237
NC_001491.2	+		ORF43	L	127	79	74	47	33	37	0	0	0	71	41	44	0	0	1	117	63	36	1	0	2	1	1	8	23	26	45
NC_001491.2	+		ORF45	L	2	0	0	0	0	0	0	0	0	0	0	0	0	0	0	1	0	0	0	0	0	0	0	0	0	0	0
NC_001491.2	+		ORF46	L	31	24	24	11	5	7	0	0	0	13	9	12	0	0	0	42	21	5	0	1	0	1	1	2	7	7	12
NC_001491.2	+		ORF48	L	16	8	12	7	6	6	0	0	0	9	11	14	0	0	0	18	14	12	0	0	0	0	1	0	1	6	3
NC_001491.2	+		ORF49	L	8	3	5	3	4	1	0	0	0	3	1	0	0	0	0	13	6	5	0	0	0	1	0	2	4	3	2
NC_001491.2	+		ORF50	L	11	7	7	4	1	2	0	0	0	2	3	2	0	0	0	1	0	3	2	0	0	1	1	0	6	7	8
NC_001491.2	+		ORF51	E	20	12	18	19	16	18	0	0	0	11	9	7	1	0	0	28	14	8	1	3	2	10	20	25	10	10	11
NC_001491.2	+		ORF53	E	13	10	10	5	2	5	0	0	0	2	3	7	20	11	8	9	4	3	11	8	14	5	4	4	6	6	12
NC_001491.2	+		ORF54	E	312	199	188	822	425	376	0	0	0	1415	988	968	0	0	0	2160	1312	556	1	0	0	2	1	1	14	14	26
NC_001491.2	+		ORF57	L	7	3	1	2	3	2	0	0	0	1	3	5	0	0	0	5	7	2	0	0	0	0	0	1	1	4	2
NC_001491.2	+		ORF58	L	36	23	21	21	22	12	0	0	0	17	8	14	0	0	0	59	39	24	1	0	0	4	6	3	5	7	9
NC_001491.2	+		ORF64_2	IE	21	29	19	6	4	0	4	5	6	3	2	1	10	9	9	9	7	8	4	1	4	2	4	3	9	15	23
NC_001491.2	+		ORF65_1	E	117	52	37	20	13	9	0	0	0	13	9	14	60	40	35	27	19	19	29	73	78	106	81	96	65	105	87
NC_001491.2	+		ORF66_1	unknown	18	5	3	5	2	2	0	0	0	6	3	3	0	0	0	0	1	1	0	0	0	4	3	5	8	5	5
NC_001491.2	+		ORF67_2	L	217	134	130	45	38	35	0	0	0	27	25	29	29	17	22	120	79	81	15	20	31	53	40	54	67	110	211
NC_001491.2	+		ORF69	E	15	13	15	5	0	1	0	0	0	3	2	3	12	6	7	2	1	2	5	12	12	6	9	8	14	14	21
NC_001491.2	+		ORF70	L	42	33	24	12	6	10	0	0	0	6	2	7	1	0	0	11	7	2	0	2	1	1	1	0	10	15	15
NC_001491.2	+		ORF71	unknown	296	192	172	232	142	117	0	0	0	415	297	264	0	0	0	368	260	274	0	0	0	0	0	1	7	6	3
NC_001491.2	+		ORF72	L	40	21	25	23	14	10	0	0	0	37	23	32	0	0	0	63	53	33	0	0	1	0	1	0	1	2	2
NC_001491.2	+		ORF73	L	15	15	20	12	7	4	0	0	0	8	3	1	0	0	0	8	8	3	0	1	0	1	2	1	4	3	14
NC_001491.2	+		ORF74	L	281	157	170	37	31	22	0	0	0	43	37	34	4	5	3	56	42	49	0	3	3	8	5	8	44	68	77
NC_001491.2	+		ORF75	unknown	1157	770	857	320	228	173	0	0	2	118	98	72	107	121	84	194	135	102	90	118	150	521	519	465	456	697	890
NC_001491.2	+		ORF76	L	23	8	10	1	4	9	0	0	0	6	0	3	0	0	0	11	1	8	1	0	1	0	2	2	5	12	7
NC_001491.2	+		ORF8	L	16	18	8	6	5	2	0	0	0	6	4	9	0	0	0	10	4	11	0	1	0	1	2	0	6	5	3
NC_001491.2	+	NOIR_1			750	530	642	734	685	611	0	0	0	358	351	295	26	23	27	899	809	963	17	17	30	139	129	128	191	238	324
NC_001491.2	+	NOIR_1	NOIR_1	unknown	4	8	4	7	5	6	0	0	0	6	6	3	1	0	0	14	14	11	2	1	0	5	1	4	1	0	4
NC_001491.2	+	ORF1			608	430	533	572	488	517	0	0	0	319	294	246	22	19	14	499	404	516	78	96	114	262	313	312	230	252	352
NC_001491.2	+	ORF1	ORF1	unknown	322	222	281	164	141	124	0	0	0	90	94	71	35	37	22	155	160	56	46	49	56	67	65	84	124	175	202
NC_001491.2	+	ORF10, ORF11			3789	2520	3140	4821	4313	4015	0	0	0	2349	2188	1708	108	127	105	2364	2305	2254	198	214	206	1280	1333	1327	1325	1567	2022
NC_001491.2	+	ORF10, ORF11	ORF10	L	168	104	114	119	86	88	0	0	0	139	138	104	27	28	22	250	217	297	15	14	19	9	15	7	31	43	97
NC_001491.2	+	ORF10, ORF11	ORF11	L	1144	703	778	240	197	174	0	0	0	209	160	121	3	3	6	404	351	553	5	6	7	102	101	102	329	574	583
NC_001491.2	+	ORF12, ORF13, ORF14			7775	5112	6345	12035	11247	10203	0	0	0	6912	6319	4982	42	37	40	7203	6717	6950	278	241	280	2477	2532	2386	2402	3360	4414
NC_001491.2	+	ORF12, ORF13, ORF14	ORF12	L	2	0	0	2	0	1	0	0	0	6	6	3	0	0	0	8	4	10	0	0	0	0	0	0	0	0	0
NC_001491.2	+	ORF12, ORF13, ORF14	ORF13	L	297	158	142	71	56	56	0	0	0	522	394	325	0	0	0	239	185	516	0	0	1	1	0	1	15	12	15
NC_001491.2	+	ORF12, ORF13, ORF14	ORF14	L	332	195	207	72	41	34	0	0	0	92	63	54	4	3	1	90	61	88	5	3	2	15	19	15	102	152	172
NC_001491.2	+	ORF19			1416	961	1185	2848	2526	2358	0	0	0	1754	1669	1304	0	0	0	2745	2694	3249	6	3	8	149	143	151	243	340	480
NC_001491.2	+	ORF19	ORF19	L	78	41	51	25	14	11	0	0	0	25	15	14	0	0	0	32	20	43	1	1	6	15	13	18	22	51	41
NC_001491.2	+	ORF23			2958	1824	2349	3556	3442	3155	0	0	0	1634	1623	1322	1	0	0	1577	1444	1575	17	20	26	601	640	649	919	1223	1611
NC_001491.2	+	ORF23	ORF23	L	130	95	89	19	19	18	0	0	0	108	92	66	2	1	1	94	67	70	1	1	1	3	7	5	30	51	69
NC_001491.2	+	ORF24			2055	1363	1722	3065	2763	2659	1	0	0	1174	1128	958	0	4	1	1367	1330	1462	6	7	14	245	247	234	533	672	859
NC_001491.2	+	ORF24	ORF24	L	10	5	6	1	0	0	0	0	0	4	1	1	0	0	0	0	0	1	0	0	0	0	0	0	0	0	6
NC_001491.2	+	ORF28, ORF29			907	580	701	806	646	566	0	0	0	256	241	169	0	2	0	269	211	357	10	15	13	506	496	475	326	483	669
NC_001491.2	+	ORF28, ORF29	ORF28	L	8	2	4	0	0	0	0	0	0	2	0	0	0	0	0	1	0	2	0	0	0	0	0	0	2	1	1
NC_001491.2	+	ORF28, ORF29	ORF29	L	1415	1000	999	443	268	260	0	0	0	408	299	267	2	2	1	257	153	231	11	13	20	281	241	297	510	726	784
NC_001491.2	+	ORF3			1502	893	1144	986	867	826	0	0	0	533	470	376	1	1	1	847	796	805	19	26	18	574	614	577	585	769	1042
NC_001491.2	+	ORF3	ORF3	L	481	318	325	146	98	91	0	0	0	85	81	50	0	1	0	104	76	103	5	6	12	100	83	92	155	237	264
NC_001491.2	+	ORF31			2149	1411	1768	1742	1598	1361	0	0	0	644	560	440	66	74	71	904	804	858	454	510	554	2097	2163	2181	1235	1517	2118
NC_001491.2	+	ORF31	ORF31	E	1243	759	679	97	62	41	0	0	1	223	150	129	171	139	100	146	96	118	160	248	256	104	94	119	371	471	567
NC_001491.2	+	ORF32, ORF33, ORF34			7164	4666	6001	7060	6036	5583	0	0	0	2816	2524	2034	112	82	104	3194	3015	3644	367	389	483	2892	3022	3049	2307	3007	3919
NC_001491.2	+	ORF32, ORF33, ORF34	ORF32	E	7	5	4	0	0	1	0	0	0	0	2	0	0	0	0	1	0	0	0	1	0	0	0	0	1	3	3
NC_001491.2	+	ORF32, ORF33, ORF34	ORF33	L	414	214	246	50	58	33	0	0	0	259	196	184	0	0	0	250	150	139	0	0	1	2	3	1	50	50	83
NC_001491.2	+	ORF32, ORF33, ORF34	ORF34	unknown	4805	2959	3528	1808	1482	1299	0	0	0	990	752	670	274	223	203	1366	1051	681	220	252	314	1188	1003	1145	1576	2161	2970
NC_001491.2	+	ORF38			1842	1168	1445	1778	1573	1522	0	0	0	984	875	727	21	18	16	1113	1034	1022	115	139	132	784	769	772	648	832	1005
NC_001491.2	+	ORF38	ORF38	L	285	160	186	48	41	32	0	0	0	23	26	19	12	5	9	30	30	44	20	20	15	45	38	35	93	115	239
NC_001491.2	+	ORF39			1649	1044	1283	1225	1070	981	0	1	0	711	636	538	0	0	5	1027	1032	909	3	8	5	109	124	122	364	491	606
NC_001491.2	+	ORF39	ORF39	L	217	112	114	15	11	5	0	0	0	30	31	21	0	0	0	28	12	34	0	0	0	2	2	3	34	38	51
NC_001491.2	+	ORF41, ORF42, OF43			5128	3289	4167	7079	6360	5816	0	0	0	3881	3820	2961	7	14	8	4942	4575	5146	32	26	31	498	513	495	1189	1384	1912
NC_001491.2	+	ORF41, ORF42, OF43	ORF41	L	6	2	3	1	0	0	0	0	0	8	8	6	0	0	0	6	3	3	0	0	0	0	0	0	0	0	2
NC_001491.2	+	ORF41, ORF42, OF43	ORF42	L	581	303	318	64	47	45	0	0	0	363	298	229	0	0	2	221	151	183	0	0	0	0	1	1	45	87	112
NC_001491.2	+	ORF41, ORF42, OF43	ORF43	L	1675	966	1104	661	481	428	0	0	0	797	609	605	2	3	1	1125	884	755	3	7	6	52	61	58	293	356	571
NC_001491.2	+	ORF45, ORF46			3476	2085	2870	3514	3207	2847	0	1	0	1647	1568	1315	4	1	2	2050	1954	2513	33	23	28	444	451	406	821	1107	1635
NC_001491.2	+	ORF45, ORF46	ORF46	L	552	317	366	159	147	123	0	0	0	201	167	159	1	1	1	344	253	282	0	2	0	16	11	13	91	133	156
NC_001491.2	+	ORF48, ORF49, ORF50, ORF51			3338	2019	2622	3491	2987	2766	0	0	0	1463	1464	1109	64	59	39	1982	1818	2056	222	206	182	1337	1390	1416	1184	1441	1983
NC_001491.2	+	ORF48, ORF49, ORF50, ORF51	ORF48	L	62	30	24	10	8	6	0	0	0	51	25	27	0	0	0	39	30	12	0	0	0	1	0	1	2	3	4
NC_001491.2	+	ORF48, ORF49, ORF50, ORF51	ORF49	L	32	14	17	1	3	1	0	0	0	13	11	7	1	0	0	7	9	12	1	0	0	1	3	1	10	5	11
NC_001491.2	+	ORF48, ORF49, ORF50, ORF51	ORF50	L	101	62	66	11	14	9	0	0	0	19	14	17	6	5	3	24	10	31	7	8	9	15	23	12	32	43	57
NC_001491.2	+	ORF48, ORF49, ORF50, ORF51	ORF51	E	369	268	264	375	255	193	0	0	0	138	119	92	15	17	11	401	255	81	32	32	39	204	238	258	175	163	145
NC_001491.2	+	ORF53, ORF54			4025	2372	3191	16170	14594	13452	1	0	0	12419	12110	10150	94	92	89	25016	24087	27112	107	135	117	239	229	222	392	517	735
NC_001491.2	+	ORF53, ORF54	ORF53	E	25	10	10	1	2	1	0	0	0	12	6	6	31	25	15	9	4	5	2	6	3	0	1	0	1	8	5
NC_001491.2	+	ORF53, ORF54	ORF54	E	794	480	522	1090	746	634	0	0	0	3753	2778	2514	0	0	0	5410	3426	2762	0	0	0	0	2	2	14	19	26
NC_001491.2	+	ORF57, ORF58			4808	2770	3852	21969	19376	17253	0	0	0	11334	10324	8171	9	6	7	19287	17458	21349	11	10	18	106	99	75	242	301	457
NC_001491.2	+	ORF57, ORF58	ORF57	L	8	8	6	8	11	8	0	0	0	27	15	15	0	0	0	27	16	21	0	0	0	0	0	0	0	1	3
NC_001491.2	+	ORF57, ORF58	ORF58	L	501	294	346	309	257	256	0	0	0	247	166	167	0	0	0	413	347	306	0	0	0	11	10	11	52	68	97
NC_001491.2	+	ORF64_2			740	582	681	552	401	394	17	24	15	234	218	176	125	96	85	323	297	457	119	113	141	281	293	256	297	367	680
NC_001491.2	+	ORF64_2	ORF64_2	IE	3	21	28	0	0	0	2	0	1	0	0	1	0	1	4	2	1	8	8	0	2	0	1	0	4	4	34
NC_001491.2	+	ORF65_1			1182	917	959	1034	845	792	0	1	1	412	371	250	380	311	315	796	829	1501	954	856	1024	2484	2509	2376	856	1048	1636
NC_001491.2	+	ORF65_1	ORF65_1	E	747	662	697	75	29	28	2	0	1	40	30	22	572	434	364	45	56	284	490	442	622	576	540	489	538	606	1161
NC_001491.2	+	ORF66_1			231	197	224	235	219	145	0	0	0	77	85	55	0	0	0	76	71	100	5	5	8	113	99	105	110	110	152
NC_001491.2	+	ORF66_1	ORF66_1	unknown	154	141	153	63	35	31	0	0	0	18	18	14	0	0	2	8	13	16	0	0	1	42	42	44	78	108	141
NC_001491.2	+	ORF69, ORF70			3534	2366	2915	2471	2215	2091	1	0	4	819	770	595	179	173	158	909	944	790	434	439	496	1193	1289	1187	1196	1472	1798
NC_001491.2	+	ORF69, ORF70	ORF69	E	176	121	109	14	6	7	0	1	0	12	13	12	146	91	60	17	12	12	63	106	107	64	68	63	81	117	152
NC_001491.2	+	ORF69, ORF70	ORF70	L	1268	745	959	223	179	134	2	2	0	165	143	117	18	24	12	196	207	259	5	11	11	30	19	28	161	242	376
NC_001491.2	+	ORF71, ORF72, ORF73			2839	1784	2250	5904	5480	5097	0	0	0	2849	2630	2118	2	0	1	3471	3294	3925	10	8	8	230	261	224	337	513	725
NC_001491.2	+	ORF71, ORF72, ORF73	ORF71	unknown	26	17	21	4	1	3	0	0	0	43	36	16	0	0	0	42	25	55	0	0	0	0	0	0	1	0	1
NC_001491.2	+	ORF71, ORF72, ORF73	ORF72	L	269	169	196	140	89	61	0	0	0	334	316	289	0	0	0	357	268	260	0	0	0	1	2	0	8	14	15
NC_001491.2	+	ORF71, ORF72, ORF73	ORF73	L	336	197	253	110	77	74	0	0	0	67	59	54	1	0	0	115	97	123	2	1	1	21	19	18	72	99	106
NC_001491.2	+	ORF74, ORF75, ORF76, ORF67 _2			8535	5607	7009	6028	5364	5033	3	0	1	2019	1938	1593	458	409	358	3308	3172	3502	2056	1961	2131	7423	7553	7212	4443	5616	7314
NC_001491.2	+	ORF74, ORF75, ORF76, ORF67 _2	ORF67_2	L	2596	1551	2018	543	321	291	2	1	1	223	176	164	285	226	200	580	580	1002	229	282	351	717	647	613	851	1564	2760
NC_001491.2	+	ORF74, ORF75, ORF76, ORF67 _2	ORF74	L	2	4	3	0	0	0	0	0	0	0	0	0	0	0	0	0	0	2	0	0	0	0	0	0	0	1	1
NC_001491.2	+	ORF74, ORF75, ORF76, ORF67 _2	ORF75	unknown	4	6	2	0	0	0	0	0	0	2	0	0	0	0	0	2	0	2	0	0	0	0	0	0	2	1	0
NC_001491.2	+	ORF74, ORF75, ORF76, ORF67 _2	ORF76	L	37	54	51	7	3	4	0	0	0	7	1	2	0	0	1	0	2	45	3	0	0	5	2	6	9	15	35
NC_001491.2	+	ORF8			1175	764	860	1304	1053	1029	0	0	0	688	584	448	0	0	0	1138	998	1127	11	10	11	140	148	158	249	321	398
NC_001491.2	+	ORF8	ORF8	L	382	232	251	169	99	101	0	0	0	153	116	96	0	0	0	219	126	153	1	2	7	65	45	47	106	131	148
NC_001491.2	-				6088	4515	4471	7361	5036	4495	4	3	3	4989	3576	3268	105	100	70	9555	6390	4934	264	286	309	1360	1292	1327	1645	2131	2602
NC_001491.2	-		CTO	unknown	683	486	493	411	322	301	0	0	0	392	260	292	1	1	1	617	434	346	4	12	5	36	61	66	143	198	217
NC_001491.2	-		NOIR_2	unknown	61	45	64	39	26	37	1	0	0	42	23	12	5	5	3	78	70	86	3	6	5	18	26	26	23	37	32
NC_001491.2	-		ORF15	unknown	389	299	232	523	321	285	0	0	0	450	347	321	0	0	0	352	219	164	0	0	0	0	0	0	3	0	6
NC_001491.2	-		ORF16	L	129	101	70	113	60	64	0	0	0	230	136	147	0	0	0	218	136	113	0	0	0	0	0	0	2	0	3
NC_001491.2	-		ORF17	L	9	5	5	4	1	1	0	0	0	1	3	0	1	2	1	7	3	2	1	0	1	2	2	2	4	7	6
NC_001491.2	-		ORF18	L	115	52	70	16	14	8	0	0	0	8	10	8	4	1	0	17	14	9	7	2	5	10	8	7	34	43	94
NC_001491.2	-		ORF2	unknown	33	24	22	9	5	2	0	0	0	6	2	3	0	0	0	7	14	12	0	0	0	3	3	4	13	20	18
NC_001491.2	-		ORF20	E	45	48	27	16	11	5	0	0	0	11	7	9	10	6	4	22	12	9	2	5	3	16	14	15	24	32	55
NC_001491.2	-		ORF21	E	41	30	24	4	1	4	0	0	0	9	2	4	1	2	2	8	9	3	1	4	2	2	2	0	12	19	34
NC_001491.2	-		ORF22	L	62	41	34	49	16	21	0	0	0	37	22	23	0	0	0	65	48	18	0	2	2	3	1	3	17	20	24
NC_001491.2	-		ORF25	L	568	482	379	410	317	243	0	0	0	399	256	243	0	0	0	597	367	116	0	0	0	31	32	39	90	138	161
NC_001491.2	-		ORF26	L	5	5	8	1	1	2	0	0	0	3	1	0	0	0	0	6	4	6	0	0	0	1	5	2	3	1	12
NC_001491.2	-		ORF27	L	1	2	1	1	1	1	0	0	0	4	2	0	0	0	0	2	1	1	0	0	0	0	0	0	0	0	1
NC_001491.2	-		ORF30	E	3	2	1	0	2	1	0	0	0	0	1	0	8	1	4	1	1	0	7	6	6	5	3	2	4	4	3
NC_001491.2	-		ORF35	L	0	0	0	0	3	1	0	0	0	3	1	1	0	0	0	8	1	3	0	0	0	0	0	0	0	0	0
NC_001491.2	-		ORF35.5	L	230	168	156	147	107	91	0	0	0	186	138	126	0	0	0	133	90	99	0	1	0	12	8	13	46	61	96
NC_001491.2	-		ORF36	L	51	48	34	23	10	8	0	0	0	32	13	25	0	0	0	26	21	18	1	0	0	4	2	0	15	22	17
NC_001491.2	-		ORF37	L	11	1	4	4	1	2	0	0	0	7	1	1	0	0	0	8	1	8	1	0	0	2	2	3	1	4	5
NC_001491.2	-		ORF4	unknown	11	12	7	3	0	1	0	0	0	1	1	1	3	0	1	5	4	2	1	2	1	7	14	9	7	3	10
NC_001491.2	-		ORF40	L	36	35	38	49	22	27	0	0	0	50	36	40	0	0	0	33	28	33	0	1	0	0	0	1	9	10	11
NC_001491.2	-		ORF44	L	11	3	5	5	0	3	0	0	0	3	2	1	0	0	0	2	1	4	0	0	0	0	0	0	3	3	1
NC_001491.2	-		ORF5	E	21	16	10	3	1	4	0	0	0	7	3	1	25	12	17	5	2	3	18	12	32	13	18	10	9	12	17
NC_001491.2	-		ORF52	L	34	29	37	43	21	21	0	0	0	87	48	45	0	0	0	214	116	84	0	0	0	0	0	0	1	1	8
NC_001491.2	-		ORF55	L	71	56	78	9	11	3	0	0	0	0	4	4	4	1	0	2	4	6	10	4	9	20	31	28	43	55	87
NC_001491.2	-		ORF56	L	29	13	20	3	2	1	0	0	0	10	2	5	1	0	0	10	3	9	2	1	0	2	0	1	2	5	7
NC_001491.2	-		ORF59	L	0	0	2	1	0	1	0	0	0	0	0	1	0	0	0	1	1	0	0	0	0	0	0	0	1	1	0
NC_001491.2	-		ORF6	L	45	35	32	55	29	21	0	0	0	93	48	48	0	0	0	74	54	62	0	0	0	1	2	1	10	7	15
NC_001491.2	-		ORF60	L	95	52	52	64	45	40	0	0	0	111	49	64	0	0	1	150	64	96	0	0	0	1	0	0	2	2	1
NC_001491.2	-		ORF61	E	26	22	20	7	5	4	0	0	0	7	5	4	3	1	0	10	11	3	4	13	5	11	1	8	20	26	19
NC_001491.2	-		ORF62	L	109	92	85	72	45	40	0	0	0	88	76	73	0	0	0	179	104	61	0	0	0	2	5	5	18	16	30
NC_001491.2	-		ORF63	E	21	14	13	4	4	6	0	0	0	4	3	1	64	65	47	7	3	2	25	32	45	17	17	19	14	25	23
NC_001491.2	-		ORF64_1	IE	21	29	19	6	4	0	4	5	6	3	2	1	10	9	9	9	7	8	4	1	4	2	4	3	9	15	23
NC_001491.2	-		ORF65_2	E	117	52	37	20	13	9	0	0	0	13	9	14	58	39	33	25	20	19	28	74	78	107	81	97	63	105	88
NC_001491.2	-		ORF66_2	unknown	18	5	3	5	2	2	0	0	0	6	3	3	0	0	0	0	1	1	0	0	0	4	3	5	8	5	5
NC_001491.2	-		ORF67_1	L	217	134	130	45	38	35	0	0	0	27	25	29	29	17	22	120	79	81	15	20	31	53	40	54	67	110	211
NC_001491.2	-		ORF68	L	33	23	15	6	11	6	0	0	0	17	3	15	0	0	0	34	14	12	0	0	0	1	1	2	6	7	14
NC_001491.2	-		ORF7	E	2	1	2	0	1	0	0	0	0	0	0	0	0	0	0	0	1	1	0	0	0	0	2	0	0	0	2
NC_001491.2	-		ORF9	L	16	19	11	3	3	5	0	0	0	3	1	1	2	2	1	6	5	4	1	4	5	8	13	5	4	16	19
NC_001491.2	-	CTO			3207	2319	2616	3425	2890	2738	0	0	0	1987	1598	1300	10	8	10	2397	2346	2886	36	27	30	337	332	321	690	827	1084
NC_001491.2	-	CTO	CTO	unknown	12239	9603	11072	8272	6507	6238	0	0	0	5239	4616	3924	39	21	32	7754	7632	7643	106	115	116	962	995	944	2891	3468	4391
NC_001491.2	-	NOIR_2			550	409	490	654	604	549	0	0	0	291	279	229	9	8	6	722	680	816	13	8	14	95	80	83	122	147	223
NC_001491.2	-	NOIR_2	NOIR_2	unknown	204	129	155	86	88	68	0	0	0	73	78	69	18	15	21	189	143	158	6	10	16	49	50	49	69	91	105
NC_001491.2	-	ORF17			689	412	516	587	517	450	0	0	0	202	190	146	38	23	24	172	185	225	88	76	92	256	219	250	254	301	384
NC_001491.2	-	ORF17	ORF17	L	58	43	68	26	11	12	0	0	0	11	6	10	14	10	9	11	4	8	4	3	3	10	5	8	18	25	45
NC_001491.2	-	ORF18			5360	3437	4498	3729	3284	2952	0	0	0	1312	1251	1017	49	24	30	1441	1387	1237	258	254	266	2339	2320	2430	2565	3036	4323
NC_001491.2	-	ORF18	ORF18	L	1498	927	1161	180	148	123	1	0	0	152	115	110	38	17	20	208	175	305	45	33	56	135	163	138	461	799	1177
NC_001491.2	-	ORF18, ORF17, ORF16, ORF15			10758	7082	8799	30728	28730	26365	0	0	0	15687	14973	11895	0	0	3	11986	11733	14534	0	2	1	43	45	40	161	207	326
NC_001491.2	-	ORF18, ORF17, ORF16, ORF15	ORF15	unknown	5373	3736	3849	6695	5038	4326	0	0	0	5969	4514	4156	0	0	0	3938	2999	3189	0	0	0	5	3	2	23	28	39
NC_001491.2	-	ORF18, ORF17, ORF16, ORF15	ORF16	L	1215	716	737	558	420	393	0	0	0	1778	1366	1199	0	0	0	1450	999	1258	0	0	0	0	0	0	1	3	5
NC_001491.2	-	ORF2			2076	1308	1694	1185	965	922	0	0	0	496	449	374	1	2	0	693	711	871	8	12	16	353	358	356	709	918	1171
NC_001491.2	-	ORF2	ORF2	unknown	620	389	490	160	122	108	0	0	0	68	54	47	0	0	0	164	157	300	0	1	1	55	50	37	163	217	370
NC_001491.2	-	ORF22			2822	1668	2314	4665	3991	3633	0	0	0	1967	1738	1527	15	8	12	2773	2652	3250	80	55	68	700	671	640	702	964	1525
NC_001491.2	-	ORF22	ORF22	L	859	583	557	393	328	282	0	0	0	543	401	407	6	6	6	616	457	353	16	21	30	81	58	89	155	240	328
NC_001491.2	-	ORF22, ORF21, ORF20			3523	2330	3028	2770	2502	2231	0	1	0	1006	1008	850	83	77	75	1220	1179	1114	366	332	366	1792	1864	1790	1588	1986	2640
NC_001491.2	-	ORF22, ORF21, ORF20	ORF20	E	847	539	641	195	124	115	0	0	0	114	92	92	64	67	45	224	178	143	47	65	76	158	173	176	327	442	684
NC_001491.2	-	ORF22, ORF21, ORF20	ORF21	E	309	171	199	24	22	8	0	0	0	51	37	40	26	13	14	49	28	21	17	19	22	16	15	11	71	142	131
NC_001491.2	-	ORF27, ORF26, ORF25			8243	5514	6369	8017	7439	6775	0	0	0	3844	3534	2978	2	4	5	5402	5139	4298	39	38	37	1403	1499	1484	2459	2924	4165
NC_001491.2	-	ORF27, ORF26, ORF25	ORF25	L	22892	16296	17054	17292	13955	12705	0	3	1	13198	10941	9535	1	2	1	17379	13559	11727	8	4	6	998	1003	1118	3766	4927	5669
NC_001491.2	-	ORF27, ORF26, ORF25	ORF26	L	217	124	136	63	48	18	0	0	0	29	27	23	0	0	1	59	57	129	1	1	2	38	34	24	56	105	218
NC_001491.2	-	ORF27, ORF26, ORF25	ORF27	L	8	9	6	4	1	2	0	0	0	8	6	5	0	0	0	3	6	5	0	1	0	1	0	0	1	0	1
NC_001491.2	-	ORF30			802	489	589	1188	1046	944	0	0	0	624	548	469	85	80	72	895	846	1012	304	320	319	350	378	350	161	248	332
NC_001491.2	-	ORF30	ORF30	E	17	9	12	1	1	0	0	0	0	3	2	1	49	39	34	3	1	7	20	26	34	6	1	5	4	3	13
NC_001491.2	-	ORF36			1319	828	1043	1253	1132	1010	0	0	0	658	555	463	1	1	0	974	928	1186	7	16	8	226	232	223	301	446	690
NC_001491.2	-	ORF36	ORF36	L	283	205	210	78	46	50	0	0	0	122	81	72	2	0	0	108	64	99	2	6	2	24	20	18	63	98	108
NC_001491.2	-	ORF37			181	111	138	196	141	141	0	0	0	105	106	79	0	0	0	185	185	266	4	11	10	85	88	81	74	75	139
NC_001491.2	-	ORF37	ORF37	L	31	26	15	14	7	8	0	0	0	7	6	4	1	1	0	16	8	19	4	2	4	21	11	25	18	43	38
NC_001491.2	-	ORF37, ORF36, ORF35, ORF35.5			5805	3774	4688	9801	8787	8273	0	0	0	4996	4729	3942	0	1	1	5161	4599	4894	19	13	9	734	761	755	1468	2001	2451
NC_001491.2	-	ORF37, ORF36, ORF35, ORF35.5	ORF35	L	8	3	4	3	2	2	0	0	0	10	9	8	0	0	0	10	4	12	0	0	0	0	0	0	0	0	0
NC_001491.2	-	ORF37, ORF36, ORF35, ORF35.5	ORF35.5	L	2852	1816	1998	1742	1230	1063	0	0	0	2178	1669	1549	1	0	1	1560	1261	1413	2	11	6	143	148	149	551	812	1196
NC_001491.2	-	ORF4			385	243	315	294	266	286	0	0	0	176	142	101	15	21	20	236	193	224	52	48	67	325	302	251	162	250	326
NC_001491.2	-	ORF4	ORF4	unknown	227	176	187	48	39	31	0	0	1	22	13	20	16	12	16	44	41	29	22	32	47	130	99	119	123	163	218
NC_001491.2	-	ORF40			780	461	584	582	521	478	0	0	0	242	208	176	0	0	0	276	252	294	2	3	5	112	125	111	220	269	420
NC_001491.2	-	ORF40	ORF40	L	276	187	221	78	56	59	0	0	0	88	50	54	0	0	0	53	52	78	1	2	3	16	21	21	86	87	111
NC_001491.2	-	ORF44			1362	852	1151	1750	1521	1377	0	0	0	894	855	702	7	11	8	1174	994	996	35	21	32	202	203	199	282	374	477
NC_001491.2	-	ORF44	ORF44	L	26	19	18	4	4	2	0	0	0	12	12	8	0	0	0	10	4	3	0	0	0	1	0	0	3	8	5
NC_001491.2	-	ORF52			4562	2991	3783	10828	9656	9001	0	0	0	6107	5959	4862	1	2	3	9221	8988	7956	18	17	13	534	536	529	879	1195	1603
NC_001491.2	-	ORF52	ORF52	L	496	366	390	532	401	384	0	0	0	1053	868	762	0	0	0	1748	1395	1383	0	0	0	4	2	4	32	32	53
NC_001491.2	-	ORF56, ORF55			10	8	10	7	3	2	0	0	0	31	25	29	0	0	0	68	43	19	0	0	0	0	0	0	1	0	0
NC_001491.2	-	ORF62, ORF61, ORF60,ORF59			12434	8221	9902	22467	18784	17687	0	0	1	16145	15119	12278	39	33	30	22322	20732	24290	149	165	199	1707	1886	1788	2318	3011	3974
NC_001491.2	-	ORF62, ORF61, ORF60,ORF59	ORF59	L	30	19	21	42	34	35	0	0	0	15	12	8	0	0	1	32	38	45	0	1	0	6	8	5	5	7	13
NC_001491.2	-	ORF62, ORF61, ORF60,ORF59	ORF60	L	1877	1251	1298	789	509	469	0	0	0	1426	1027	956	0	1	0	1677	1303	2055	1	2	1	6	7	6	35	60	64
NC_001491.2	-	ORF62, ORF61, ORF60,ORF59	ORF61	E	321	211	205	46	27	21	0	0	0	68	33	41	41	18	25	55	37	58	41	57	46	42	49	44	83	134	169
NC_001491.2	-	ORF62, ORF61, ORF60,ORF59	ORF62	L	1047	636	646	223	153	142	0	0	0	762	557	451	0	0	0	765	530	485	1	1	2	10	12	13	119	158	164
NC_001491.2	-	ORF63			758	521	612	1219	1105	970	1	0	0	982	894	691	189	190	168	2329	2132	2725	402	338	425	507	528	483	205	229	340
NC_001491.2	-	ORF63	ORF63	E	77	48	68	9	8	6	0	0	0	5	11	4	216	177	162	10	13	19	99	127	149	55	51	51	46	66	83
NC_001491.2	-	ORF64_1			739	581	681	551	401	395	16	24	13	234	217	176	123	102	91	323	297	456	118	114	142	282	294	256	298	367	680
NC_001491.2	-	ORF64_1	ORF64_1	IE	3	21	28	0	0	0	2	0	1	0	0	1	0	1	4	2	2	8	8	0	2	0	1	0	4	4	34
NC_001491.2	-	ORF65_2			1183	919	960	1033	844	791	0	1	1	411	368	250	380	310	315	796	828	1501	953	856	1022	2484	2509	2377	857	1048	1635
NC_001491.2	-	ORF65_2	ORF65_2	E	747	661	697	75	29	28	2	0	1	40	30	22	573	435	365	45	56	284	488	443	622	574	540	490	538	606	1162
NC_001491.2	-	ORF66_2			231	197	225	235	219	145	0	0	0	77	85	55	0	0	0	76	71	100	5	5	8	113	99	105	110	110	152
NC_001491.2	-	ORF66_2	ORF66_2	unknown	154	141	154	63	35	31	0	0	0	18	18	14	0	0	2	8	13	16	0	0	1	42	42	44	78	108	141
NC_001491.2	-	ORF68, ORF67_1			8605	5656	7051	6041	5383	5045	1	1	2	2041	1951	1596	467	406	365	3333	3197	3722	2051	1961	2133	7421	7540	7204	4439	5602	7310
NC_001491.2	-	ORF68, ORF67_1	ORF67_1	L	2595	1552	2018	543	321	291	2	1	1	222	176	163	285	226	200	580	580	1003	229	284	351	717	649	612	851	1564	2761
NC_001491.2	-	ORF68, ORF67_1	ORF68	L	92	109	96	14	6	5	0	0	0	18	10	11	0	0	0	13	18	68	0	0	0	1	1	2	22	18	52
NC_001491.2	-	ORF7,  ORF6,  ORF5			2228	1447	1897	2902	2644	2320	0	1	0	1663	1602	1252	192	170	129	1838	1841	2284	570	550	584	1300	1376	1239	763	985	1373
NC_001491.2	-	ORF7,  ORF6,  ORF5	ORF5	E	346	259	264	53	29	37	0	0	0	32	20	21	223	203	170	53	39	23	167	193	266	167	188	173	162	205	245
NC_001491.2	-	ORF7,  ORF6,  ORF5	ORF6	L	489	294	315	201	158	150	1	0	0	654	490	394	0	0	0	351	278	437	0	0	0	7	5	5	60	74	84
NC_001491.2	-	ORF7,  ORF6,  ORF5	ORF7	E	7	7	9	0	0	0	0	0	0	0	0	1	2	2	0	1	2	1	3	1	0	0	0	0	3	3	5
NC_001491.2	-	ORF9			939	539	688	966	838	728	0	0	0	506	452	387	6	6	4	968	847	1039	34	36	46	435	428	432	334	367	622
NC_001491.2	-	ORF9	ORF9	L	421	243	284	62	62	63	0	0	0	49	36	36	10	13	10	75	51	65	32	38	48	163	183	204	224	303	385
