seqnames	strand	transcript_id	exon_number	start.TR	end.TR	start.exon	end.exon	start	end	prime5.TR	prime5.ex	prime3.TR	prime3.ex	last_exon	source	CAGE.cluster.start	CAGE.cluster.end	CAGE_ID	support	score	CAGE_significance	thick.start	thick.end
NC_001491.2	+	CTO-S-AS	1	73856	74182	73856	74182	73856	74182	73856	73856	74182	74182	TRUE	Torma_et_al								
NC_001491.2	+	NOIR-Canonic	1	118878	119857	118878	119857	118878	119857	118878	118878	119857	119857	TRUE	Torma_et_al	118852	118905	CAGE_cluster_835	9	24468.663319812	***	118878	118878
NC_001491.2	+	NOIR-ORF65-PC-Canonic	1	118811	122451	118811	122451	118811	122451	118811	118811	122451	122451	TRUE	Torma_et_al	118807	118812	CAGE_cluster_834	3	827.784834717	***	118810	118810
NC_001491.2	+	ORF1	1	1252	1923	1252	1923	1252	1923	1252	1252	1923	1923	TRUE	Torma_et_al	1249	1257	CAGE_cluster_5	9	46113.869491894	***	1252	1252
NC_001491.2	+	ORF1-ORF2-ORF3-CX-Canonic	1	1252	3632	1252	3632	1252	3632	1252	1252	3632	3632	TRUE	Torma_et_al	1249	1257	CAGE_cluster_5	9	46113.869491894	***	1252	1252
NC_001491.2	+	ORF1-ORF2-ORF3-CX-Long	1	989	3632	989	3632	989	3632	989	989	3632	3632	TRUE	Torma_et_al	988	989	CAGE_cluster_3	3	1583.62946212	***	989	989
NC_001491.2	+	ORF10-ORF11-ORF12-PC-Canonic	1	11990	14971	11990	14971	11990	14971	11990	11990	14971	14971	TRUE	Torma_et_al	11986	11998	CAGE_cluster_68	9	122249.795999919	***	11990	11990
NC_001491.2	+	ORF10-ORF11-PC-Canonic	1	11990	13520	11990	13520	11990	13520	11990	11990	13520	13520	TRUE	Torma_et_al	11986	11998	CAGE_cluster_68	9	122249.795999919	***	11990	11990
NC_001491.2	+	ORF11	1	12468	13520	12468	13520	12468	13520	12468	12468	13520	13520	TRUE	Torma_et_al								
NC_001491.2	+	ORF11-ORF12-PC-Canonic	1	12156	14971	12156	14971	12156	14971	12156	12156	14971	14971	TRUE	Torma_et_al								
NC_001491.2	+	ORF11-ORF12-PC-Short	1	12468	14971	12468	14971	12468	14971	12468	12468	14971	14971	TRUE	Torma_et_al								
NC_001491.2	+	ORF11.5	1	12875	13520	12875	13520	12875	13520	12875	12875	13520	13520	TRUE	Torma_et_al								
NC_001491.2	+	ORF12	1	13528	14971	13528	14971	13528	14971	13528	13528	14971	14971	TRUE	Torma_et_al	13493	13528	CAGE_cluster_83	9	20551.839035505	***	13528	13528
NC_001491.2	+	ORF12-AT	1	13528	16341	13528	16341	13528	16341	13528	13528	16341	16341	TRUE	Torma_et_al	13493	13528	CAGE_cluster_83	9	20551.839035505	***	13528	13528
NC_001491.2	+	ORF12-L1	1	12661	14971	12661	14971	12661	14971	12661	12661	14971	14971	TRUE	Torma_et_al								
NC_001491.2	+	ORF12-L2	1	12875	14971	12875	14971	12875	14971	12875	12875	14971	14971	TRUE	Torma_et_al								
NC_001491.2	+	ORF12-ORF13-ORF14-PC-Canonic	1	13528	20385	13528	20385	13528	20385	13528	13528	20385	20385	TRUE	Torma_et_al	13493	13528	CAGE_cluster_83	9	20551.839035505	***	13528	13528
NC_001491.2	+	ORF13-ORF14-PC-Canonic	1	15234	20385	15234	20385	15234	20385	15234	15234	20385	20385	TRUE	Torma_et_al	15187	15263	CAGE_cluster_101	9	49270.838652001	***	15236	15236
NC_001491.2	+	ORF13-ORF14-PC-Long	1	15083	20385	15083	20385	15083	20385	15083	15083	20385	20385	TRUE	Torma_et_al	15077	15115	CAGE_cluster_99	9	55963.691315395	***	15083	15083
NC_001491.2	+	ORF14	1	17985	20385	17985	20385	17985	20385	17985	17985	20385	20385	TRUE	Torma_et_al	17951	18020	CAGE_cluster_138	9	63752.914516575	***	17985	17985
NC_001491.2	+	ORF14-L1	1	15647	20385	15647	20385	15647	20385	15647	15647	20385	20385	TRUE	Torma_et_al	15629	15647	CAGE_cluster_110	2	322.146358587	*	15629	15629
NC_001491.2	+	ORF14-L2	1	15982	20385	15982	20385	15982	20385	15982	15982	20385	20385	TRUE	Torma_et_al								
NC_001491.2	+	ORF14-L3	1	16505	20385	16505	20385	16505	20385	16505	16505	20385	20385	TRUE	Torma_et_al								
NC_001491.2	+	ORF14-L4	1	16796	20385	16796	20385	16796	20385	16796	16796	20385	20385	TRUE	Torma_et_al								
NC_001491.2	+	ORF14-L5	1	17231	20385	17231	20385	17231	20385	17231	17231	20385	20385	TRUE	Torma_et_al	17222	17231	CAGE_cluster_128	8	3600.301543071	***	17231	17231
NC_001491.2	+	ORF14-L6	1	17484	20385	17484	20385	17484	20385	17484	17484	20385	20385	TRUE	Torma_et_al								
NC_001491.2	+	ORF14-L7	1	17716	20385	17716	20385	17716	20385	17716	17716	20385	20385	TRUE	Torma_et_al								
NC_001491.2	+	ORF14.5	1	19661	20385	19661	20385	19661	20385	19661	19661	20385	20385	TRUE	Torma_et_al	19628	19686	CAGE_cluster_163	9	77902.069581753	***	19661	19661
NC_001491.2	+	ORF16-ORF17-ORF18-ORF19-CX-Canonic	1	21328	27784	21328	27784	21328	27784	21328	21328	27784	27784	TRUE	Torma_et_al								
NC_001491.2	+	ORF17-ORF18-ORF19-CX-Canonic	1	21474	27784	21474	27784	21474	27784	21474	21474	27784	27784	TRUE	Torma_et_al								
NC_001491.2	+	ORF17-ORF18-ORF19-CX-Short	1	21493	27784	21493	27784	21493	27784	21493	21493	27784	27784	TRUE	Torma_et_al								
NC_001491.2	+	ORF17-ORF18-ORF19-CX-Short-2	1	22580	27784	22580	27784	22580	27784	22580	22580	27784	27784	TRUE	Torma_et_al	22580	22580	CAGE_cluster_176	6	2188.578868196	***	22580	22580
NC_001491.2	+	ORF18-ORF19-CX-Canonic	1	23099	27784	23099	27784	23099	27784	23099	23099	27784	27784	TRUE	Torma_et_al								
NC_001491.2	+	ORF18-ORF19-CX-Long	1	23079	27784	23079	27784	23079	27784	23079	23079	27784	27784	TRUE	Torma_et_al	23079	23079	CAGE_cluster_182	2	309.564999042	*	23079	23079
NC_001491.2	+	ORF18-ORF19-CX-Short	1	23686	27784	23686	27784	23686	27784	23686	23686	27784	27784	TRUE	Torma_et_al								
NC_001491.2	+	ORF18-ORF19-CX-Short-2	1	23857	27784	23857	27784	23857	27784	23857	23857	27784	27784	TRUE	Torma_et_al								
NC_001491.2	+	ORF19	1	26161	27784	26161	27784	26161	27784	26161	26161	27784	27784	TRUE	Torma_et_al								
NC_001491.2	+	ORF19-L1	1	24861	27784	24861	27784	24861	27784	24861	24861	27784	27784	TRUE	Torma_et_al	24861	24861	CAGE_cluster_190	2	867.940035772	*	24861	24861
NC_001491.2	+	ORF19-L2	1	25481	27784	25481	27784	25481	27784	25481	25481	27784	27784	TRUE	Torma_et_al								
NC_001491.2	+	ORF21-ORF22-ORF23-CX-Canonic	1	28668	36380	28668	36380	28668	36380	28668	28668	36380	36380	TRUE	Torma_et_al	28667	28668	CAGE_cluster_198	4	954.169666579	**	28668	28668
NC_001491.2	+	ORF21-ORF22-ORF23-CX-Long	1	28131	36380	28131	36380	28131	36380	28131	28131	36380	36380	TRUE	Torma_et_al								
NC_001491.2	+	ORF23	1	33237	36380	33237	36380	33237	36380	33237	33237	36380	36380	TRUE	Torma_et_al	33216	33240	CAGE_cluster_214	8	11862.110589904	***	33238	33238
NC_001491.2	+	ORF23-L1	1	32802	36380	32802	36380	32802	36380	32802	32802	36380	36380	TRUE	Torma_et_al								
NC_001491.2	+	ORF23.5	1	35814	36380	35814	36380	35814	36380	35814	35814	36380	36380	TRUE	Torma_et_al	35811	35814	CAGE_cluster_238	9	18095.726569057	***	35814	35814
NC_001491.2	+	ORF24	1	36497	46890	36497	46890	36497	46890	36497	36497	46890	46890	TRUE	Torma_et_al	36468	36504	CAGE_cluster_245	9	18947.390946037	***	36500	36500
NC_001491.2	+	ORF24.5	1	45197	46890	45197	46890	45197	46890	45197	45197	46890	46890	TRUE	Torma_et_al								
NC_001491.2	+	ORF24.6	1	45483	46890	45483	46890	45483	46890	45483	45483	46890	46890	TRUE	Torma_et_al	45479	45486	CAGE_cluster_315	8	10025.662746044	***	45483	45483
NC_001491.2	+	ORF24.7	1	45800	46890	45800	46890	45800	46890	45800	45800	46890	46890	TRUE	Torma_et_al	45784	45803	CAGE_cluster_317	6	1854.987590409	***	45800	45800
NC_001491.2	+	ORF24.8	1	46066	46890	46066	46890	46066	46890	46066	46066	46890	46890	TRUE	Torma_et_al	46064	46066	CAGE_cluster_320	4	1651.013070769	**	46066	46066
NC_001491.2	+	ORF25-ORF26-ORF27-ORF28-ORF29-CX	1	47036	51686	47036	51686	47036	51686	47036	47036	51686	51686	TRUE	Torma_et_al	47033	47036	CAGE_cluster_328	3	458.333536681	**	47033	47033
NC_001491.2	+	ORF27-ORF28-ORF29-ORF30-ORF3-CX-Canonic1	1	48073	59182	48073	59182	48073	59182	48073	48073	59182	59182	TRUE	Torma_et_al								
NC_001491.2	+	ORF28-ORF29-PC-Canonic	1	48421	51693	48421	51693	48421	51693	48421	48421	51693	51693	TRUE	Torma_et_al	48408	48423	CAGE_cluster_334	8	8237.944903407	***	48421	48421
NC_001491.2	+	ORF28-ORF29-PC-Short	1	48558	51693	48558	51693	48558	51693	48558	48558	51693	51693	TRUE	Torma_et_al	48529	48568	CAGE_cluster_335	6	2831.970866237	***	48536	48536
NC_001491.2	+	ORF29	1	50573	51693	50573	51693	50573	51693	50573	50573	51693	51693	TRUE	Torma_et_al	50570	50578	CAGE_cluster_345	9	109215.339810069	***	50573	50573
NC_001491.2	+	ORF29-ORF30-ORF31-CX-Canonic	1	50573	59182	50573	59182	50573	59182	50573	50573	59182	59182	TRUE	Torma_et_al	50570	50578	CAGE_cluster_345	9	109215.339810069	***	50573	50573
NC_001491.2	+	ORF3	1	2669	3632	2669	3632	2669	3632	2669	2669	3632	3632	TRUE	Torma_et_al	2650	2702	CAGE_cluster_17	9	46784.823665342	***	2669	2669
NC_001491.2	+	ORF3-ORF4-ORF5-ORF6-ORF7-ORF8-ORF9-ORF10-ORF11-CX-Canonic	1	2669	13520	2669	13520	2669	13520	2669	2669	13520	13520	TRUE	Torma_et_al	2650	2702	CAGE_cluster_17	9	46784.823665342	***	2669	2669
NC_001491.2	+	ORF31	1	55322	59182	55322	59182	55322	59182	55322	55322	59182	59182	TRUE	Torma_et_al	55308	55358	CAGE_cluster_374	9	296182.372347441	***	55322	55322
NC_001491.2	+	ORF31-L1	1	55046	59182	55046	59182	55046	59182	55046	55046	59182	59182	TRUE	Torma_et_al	55044	55053	CAGE_cluster_372	6	1621.576271431	***	55044	55044
NC_001491.2	+	ORF31-ORF32-ORF33-ORF34-PC-Canonic	1	52456	65086	52456	65086	52456	65086	52456	52456	65086	65086	TRUE	Torma_et_al								
NC_001491.2	+	ORF32-ORF33-ORF34-PC-Canonic	1	59209	65093	59209	65093	59209	65093	59209	59209	65093	65093	TRUE	Torma_et_al	59205	59232	CAGE_cluster_418	9	19717.570999825	***	59209	59209
NC_001491.2	+	ORF32-ORF33-PC-Canonic	1	59209	64402	59209	64402	59209	64402	59209	59209	64402	64402	TRUE	Torma_et_al	59205	59232	CAGE_cluster_418	9	19717.570999825	***	59209	59209
NC_001491.2	+	ORF33	1	61312	64402	61312	64402	61312	64402	61312	61312	64402	64402	TRUE	Torma_et_al	61307	61316	CAGE_cluster_427	9	175245.507895459	***	61312	61312
NC_001491.2	+	ORF33-L1	1	59993	64402	59993	64402	59993	64402	59993	59993	64402	64402	TRUE	Torma_et_al								
NC_001491.2	+	ORF33-L2	1	60473	64402	60473	64402	60473	64402	60473	60473	64402	64402	TRUE	Torma_et_al	60471	60473	CAGE_cluster_423	5	1715.138827069	**	60471	60471
NC_001491.2	+	ORF33-ORF34-ORF35-CX-Canonic	1	61312	67178	61312	67178	61312	67178	61312	61312	67178	67178	TRUE	Torma_et_al	61307	61316	CAGE_cluster_427	9	175245.507895459	***	61312	61312
NC_001491.2	+	ORF33-ORF34-PC-Canonic	1	61312	65093	61312	65093	61312	65093	61312	61312	65093	65093	TRUE	Torma_et_al	61307	61316	CAGE_cluster_427	9	175245.507895459	***	61312	61312
NC_001491.2	+	ORF33-ORF34-PC-Long	1	61255	65093	61255	65093	61255	65093	61255	61255	65093	65093	TRUE	Torma_et_al	61255	61258	CAGE_cluster_426	5	3064.399227314	**	61255	61255
NC_001491.2	+	ORF33-ORF34-PC-Long-1	1	59993	65093	59993	65093	59993	65093	59993	59993	65093	65093	TRUE	Torma_et_al								
NC_001491.2	+	ORF33-ORF34-PC-Long-2	1	60473	65093	60473	65093	60473	65093	60473	60473	65093	65093	TRUE	Torma_et_al	60471	60473	CAGE_cluster_423	5	1715.138827069	**	60471	60471
NC_001491.2	+	ORF34	1	64488	65093	64488	65093	64488	65093	64488	64488	65093	65093	TRUE	Torma_et_al	64483	64515	CAGE_cluster_465	9	678167.34293243	***	64488	64488
NC_001491.2	+	ORF34-L1	1	61608	65093	61608	65093	61608	65093	61608	61608	65093	65093	TRUE	Torma_et_al								
NC_001491.2	+	ORF34-ORF35.5-ORF35-CX-Canonic	1	64488	67175	64488	67175	64488	67175	64488	64488	67175	67175	TRUE	Torma_et_al	64483	64515	CAGE_cluster_465	9	678167.34293243	***	64488	64488
NC_001491.2	+	ORF34-ORF35.5-ORF35-ORF36-ORF37-ORF38-CX-Canonic	1	64488	71034	64488	71034	64488	71034	64488	64488	71034	71034	TRUE	Torma_et_al	64483	64515	CAGE_cluster_465	9	678167.34293243	***	64488	64488
NC_001491.2	+	ORF35.5-ORF35-ORF36-ORF37-ORF38-CX-Canonic	1	64686	71034	64686	71034	64686	71034	64686	64686	71034	71034	TRUE	Torma_et_al	64623	64708	CAGE_cluster_467	9	64267.893626209	***	64691	64691
NC_001491.2	+	ORF36-ORF37-ORF38-CX-Canonic	1	66315	71034	66315	71034	66315	71034	66315	66315	71034	71034	TRUE	Torma_et_al	66315	66318	CAGE_cluster_477	3	1030.020114857	***	66315	66315
NC_001491.2	+	ORF36-ORF37-ORF38-CX-Short	1	66600	71034	66600	71034	66600	71034	66600	66600	71034	71034	TRUE	Torma_et_al								
NC_001491.2	+	ORF36-ORF37-ORF38-CX-Short-2	1	66701	71034	66701	71034	66701	71034	66701	66701	71034	71034	TRUE	Torma_et_al								
NC_001491.2	+	ORF37-ORF38-CX-Canonic	1	69019	71034	69019	71034	69019	71034	69019	69019	71034	71034	TRUE	Torma_et_al	69016	69019	CAGE_cluster_486	6	1552.07836209	***	69019	69019
NC_001491.2	+	ORF37-ORF38-CX-Long	1	68916	71034	68916	71034	68916	71034	68916	68916	71034	71034	TRUE	Torma_et_al								
NC_001491.2	+	ORF37-ORF38-CX-Long-1	1	67656	71034	67656	71034	67656	71034	67656	67656	71034	71034	TRUE	Torma_et_al								
NC_001491.2	+	ORF37-ORF38-CX-Long-2	1	68373	71034	68373	71034	68373	71034	68373	68373	71034	71034	TRUE	Torma_et_al								
NC_001491.2	+	ORF38	1	69782	71034	69782	71034	69782	71034	69782	69782	71034	71034	TRUE	Torma_et_al	69778	69815	CAGE_cluster_495	9	47409.336119868	***	69780	69780
NC_001491.2	+	ORF39	1	71119	73833	71119	73833	71119	73833	71119	71119	73833	73833	TRUE	Torma_et_al	71118	71124	CAGE_cluster_510	9	28089.55076049	***	71119	71119
NC_001491.2	+	ORF39-L1	1	70672	73833	70672	73833	70672	73833	70672	70672	73833	73833	TRUE	Torma_et_al	70669	70675	CAGE_cluster_507	5	1987.459501051	**	70669	70669
NC_001491.2	+	ORF39-L2	1	70903	73833	70903	73833	70903	73833	70903	70903	73833	73833	TRUE	Torma_et_al								
NC_001491.2	+	ORF39.5	1	73393	73833	73393	73833	73393	73833	73393	73393	73833	73833	TRUE	Torma_et_al								
NC_001491.2	+	ORF4-ORF5-ORF6-ORF7-ORF8-CX	1	3296	11072	3296	11072	3296	11072	3296	3296	11072	11072	TRUE	Torma_et_al	3293	3296	CAGE_cluster_23	7	3123.211837139	***	3296	3296
NC_001491.2	+	ORF40-ORF41-ORF42-CX	1	74435	81892	74435	81892	74435	81892	74435	74435	81892	81892	TRUE	Torma_et_al								
NC_001491.2	+	ORF41-ORF42-ORF43-PC-Canonic	1	76722	83096	76722	83096	76722	83096	76722	76722	83096	83096	TRUE	Torma_et_al	76719	76728	CAGE_cluster_541	8	8719.130416886	***	76727	76727
NC_001491.2	+	ORF41-ORF42-ORF43-PC-Long	1	76515	83096	76515	83096	76515	83096	76515	76515	83096	83096	TRUE	Torma_et_al								
NC_001491.2	+	ORF41-ORF42-ORF43-PC-Long-2	1	76649	83096	76649	83096	76649	83096	76649	76649	83096	83096	TRUE	Torma_et_al								
NC_001491.2	+	ORF41-ORF42-PC-Canonic	1	76515	81894	76515	81894	76515	81894	76515	76515	81894	81894	TRUE	Torma_et_al								
NC_001491.2	+	ORF41-ORF42-PC-Short	1	76649	81894	76649	81894	76649	81894	76649	76649	81894	81894	TRUE	Torma_et_al								
NC_001491.2	+	ORF41-ORF42-PC-Short-2	1	76722	81894	76722	81894	76722	81894	76722	76722	81894	81894	TRUE	Torma_et_al	76719	76728	CAGE_cluster_541	8	8719.130416886	***	76727	76727
NC_001491.2	+	ORF42	1	77591	81894	77591	81894	77591	81894	77591	77591	81894	81894	TRUE	Torma_et_al	77588	77665	CAGE_cluster_548	9	157052.196791096	***	77591	77591
NC_001491.2	+	ORF42-L1	1	77081	81894	77081	81894	77081	81894	77081	77081	81894	81894	TRUE	Torma_et_al								
NC_001491.2	+	ORF42-L2	1	77362	81894	77362	81894	77362	81894	77362	77362	81894	81894	TRUE	Torma_et_al	77356	77372	CAGE_cluster_543	9	47023.292115728	***	77362	77362
NC_001491.2	+	ORF42-ORF43-ORF45-ORF46-PC-Canonic	1	77591	87824	77591	87824	77591	87824	77591	77591	87824	87824	TRUE	Torma_et_al	77588	77665	CAGE_cluster_548	9	157052.196791096	***	77591	77591
NC_001491.2	+	ORF42-ORF43-PC-Canonic	1	77591	83096	77591	83096	77591	83096	77591	77591	83096	83096	TRUE	Torma_et_al	77588	77665	CAGE_cluster_548	9	157052.196791096	***	77591	77591
NC_001491.2	+	ORF42-ORF43-PC-Long	1	77505	83096	77505	83096	77505	83096	77505	77505	83096	83096	TRUE	Torma_et_al	77505	77507	CAGE_cluster_547	5	2081.460815577	**	77505	77505
NC_001491.2	+	ORF42-ORF43-PC-Long-1	1	77081	83096	77081	83096	77081	83096	77081	77081	83096	83096	TRUE	Torma_et_al								
NC_001491.2	+	ORF42-ORF43-PC-Long-2	1	77362	83096	77362	83096	77362	83096	77362	77362	83096	83096	TRUE	Torma_et_al	77356	77372	CAGE_cluster_543	9	47023.292115728	***	77362	77362
NC_001491.2	+	ORF43	1	81905	83096	81905	83096	81905	83096	81905	81905	83096	83096	TRUE	Torma_et_al	81892	81934	CAGE_cluster_612	9	169952.732015682	***	81902	81902
NC_001491.2	+	ORF43-L1	1	78636	83096	78636	83096	78636	83096	78636	78636	83096	83096	TRUE	Torma_et_al								
NC_001491.2	+	ORF43-L2	1	79161	83096	79161	83096	79161	83096	79161	79161	83096	83096	TRUE	Torma_et_al	79129	79164	CAGE_cluster_569	7	2180.507617109	***	79164	79164
NC_001491.2	+	ORF43-L3	1	79666	83096	79666	83096	79666	83096	79666	79666	83096	83096	TRUE	Torma_et_al	79605	79686	CAGE_cluster_580	6	1503.278027009	***	79686	79686
NC_001491.2	+	ORF43-L4	1	79946	83096	79946	83096	79946	83096	79946	79946	83096	83096	TRUE	Torma_et_al	79917	79998	CAGE_cluster_584	6	3838.637537626	***	79982	79982
NC_001491.2	+	ORF43-L5	1	80246	83096	80246	83096	80246	83096	80246	80246	83096	83096	TRUE	Torma_et_al								
NC_001491.2	+	ORF43-L6	1	80796	83096	80796	83096	80796	83096	80796	80796	83096	83096	TRUE	Torma_et_al								
NC_001491.2	+	ORF43-L7	1	81008	83096	81008	83096	81008	83096	81008	81008	83096	83096	TRUE	Torma_et_al	80994	81016	CAGE_cluster_601	5	1651.342287112	**	81010	81010
NC_001491.2	+	ORF43-ORF45-ORF46-PC-Canonic	1	81905	87824	81905	87824	81905	87824	81905	81905	87824	87824	TRUE	Torma_et_al	81892	81934	CAGE_cluster_612	9	169952.732015682	***	81902	81902
NC_001491.2	+	ORF45-ORF46-ORF48-ORF49-ORF50-ORF51-PC-Canonic	1	84369	93028	84369	93028	84369	93028	84369	84369	93028	93028	TRUE	Torma_et_al	84364	84369	CAGE_cluster_627	9	9882.10484979	***	84367	84367
NC_001491.2	+	ORF45-ORF46-PC-Canonic	1	84369	87824	84369	87824	84369	87824	84369	84369	87824	87824	TRUE	Torma_et_al	84364	84369	CAGE_cluster_627	9	9882.10484979	***	84367	84367
NC_001491.2	+	ORF45-ORF46-PC-Long-1	1	82842	87824	82842	87824	82842	87824	82842	82842	87824	87824	TRUE	Torma_et_al	82839	82842	CAGE_cluster_625	5	767.898535723	**	82842	82842
NC_001491.2	+	ORF45-ORF46-PC-Long-2	1	84189	87824	84189	87824	84189	87824	84189	84189	87824	87824	TRUE	Torma_et_al								
NC_001491.2	+	ORF45-ORF46-PC-Long-3	1	84295	87824	84295	87824	84295	87824	84295	84295	87824	87824	TRUE	Torma_et_al								
NC_001491.2	+	ORF46	1	86362	87824	86362	87824	86362	87824	86362	86362	87824	87824	TRUE	Torma_et_al	86360	86393	CAGE_cluster_644	9	86536.604073751	***	86362	86362
NC_001491.2	+	ORF46-L1	1	84815	87824	84815	87824	84815	87824	84815	84815	87824	87824	TRUE	Torma_et_al	84815	84819	CAGE_cluster_633	3	1498.735337916	***	84819	84819
NC_001491.2	+	ORF46-ORF48-ORF49-ORF50	1	84907	93028	84907	93028	84907	93028	84907	84907	93028	93028	TRUE	Torma_et_al								
NC_001491.2	+	ORF46-ORF48-ORF49-ORF50-ORF51-ORF52-ORF53-CX-Canonic	1	86362	98004	86362	98004	86362	98004	86362	86362	98004	98004	TRUE	Torma_et_al	86360	86393	CAGE_cluster_644	9	86536.604073751	***	86362	86362
NC_001491.2	+	ORF46-ORF48-ORF49-ORF50-ORF51-PC-Canonic	1	86362	93028	86362	93028	86362	93028	86362	86362	93028	93028	TRUE	Torma_et_al	86360	86393	CAGE_cluster_644	9	86536.604073751	***	86362	86362
NC_001491.2	+	ORF48-ORF49-ORF50-ORF51-ORF52-ORF53-ORF54	1	87844	99343	87844	99343	87844	99343	87844	87844	99343	99343	TRUE	Torma_et_al								
NC_001491.2	+	ORF48-ORF49-ORF50-ORF51-PC-Canonic	1	88589	93028	88589	93028	88589	93028	88589	88589	93028	93028	TRUE	Torma_et_al	88588	88591	CAGE_cluster_666	5	2154.911733178	**	88591	88591
NC_001491.2	+	ORF48-ORF49-ORF50-ORF51-PC-Long	1	88429	93028	88429	93028	88429	93028	88429	88429	93028	93028	TRUE	Torma_et_al	88428	88431	CAGE_cluster_663	9	10382.903119899	***	88428	88428
NC_001491.2	+	ORF48-ORF49-ORF50-ORF51-PC-Long-1	1	87846	93028	87846	93028	87846	93028	87846	87846	93028	93028	TRUE	Torma_et_al								
NC_001491.2	+	ORF48-ORF49-ORF50-ORF51-PC-Long-2	1	88297	93028	88297	93028	88297	93028	88297	88297	93028	93028	TRUE	Torma_et_al	88295	88302	CAGE_cluster_661	8	8784.304399365	***	88297	88297
NC_001491.2	+	ORF49-ORF50-ORF51-PC-Canonic	1	89351	93028	89351	93028	89351	93028	89351	89351	93028	93028	TRUE	Torma_et_al	89341	89355	CAGE_cluster_673	9	15996.985830107	***	89351	89351
NC_001491.2	+	ORF49-ORF50-ORF51-PC-Long	1	89189	93028	89189	93028	89189	93028	89189	89189	93028	93028	TRUE	Torma_et_al								
NC_001491.2	+	ORF5-ORF6-ORF7-ORF8-CX-Canonic	1	3872	11067	3872	11067	3872	11067	3872	3872	11067	11067	TRUE	Torma_et_al								
NC_001491.2	+	ORF50-ORF51-Canonic	1	90722	93028	90722	93028	90722	93028	90722	90722	93028	93028	TRUE	Torma_et_al	90621	90748	CAGE_cluster_685	9	97815.579059717	***	90683	90683
NC_001491.2	+	ORF50-ORF51-PC-Long	1	90586	93028	90586	93028	90586	93028	90586	90586	93028	93028	TRUE	Torma_et_al	90585	90589	CAGE_cluster_684	8	3920.396308745	***	90586	90586
NC_001491.2	+	ORF50-ORF51-PC-Long-1	1	90226	93028	90226	93028	90226	93028	90226	90226	93028	93028	TRUE	Torma_et_al								
NC_001491.2	+	ORF50-ORF51-PC-Long-2	1	90686	93028	90686	93028	90686	93028	90686	90686	93028	93028	TRUE	Torma_et_al	90621	90748	CAGE_cluster_685	9	97815.579059717	***	90683	90683
NC_001491.2	+	ORF51	1	92730	93028	92730	93028	92730	93028	92730	92730	93028	93028	TRUE	Torma_et_al	92719	92734	CAGE_cluster_711	2	466.852265231	*	92734	92734
NC_001491.2	+	ORF51-ORF52-ORF53-ORF54-CX-Canonic	1	92409	99345	92409	99345	92409	99345	92409	92409	99345	99345	TRUE	Torma_et_al	92370	92459	CAGE_cluster_705	9	52428.621414893	***	92409	92409
NC_001491.2	+	ORF52-ORF53-ORF54-CX-Canonic	1	92786	99345	92786	99345	92786	99345	92786	92786	99345	99345	TRUE	Torma_et_al								
NC_001491.2	+	ORF53-Canonic	1	94358	98004	94358	98004	94358	98004	94358	94358	98004	98004	TRUE	Torma_et_al	94352	94360	CAGE_cluster_721	9	14069.896737759	***	94356	94356
NC_001491.2	+	ORF53-ORF54-ORF55-ORF56-ORF57-ORF58	1	94358	105827	94358	105827	94358	105827	94358	94358	105827	105827	TRUE	Torma_et_al	94352	94360	CAGE_cluster_721	9	14069.896737759	***	94356	94356
NC_001491.2	+	ORF53-ORF54-PC-Canonic	1	94358	99345	94358	99345	94358	99345	94358	94358	99345	99345	TRUE	Torma_et_al	94352	94360	CAGE_cluster_721	9	14069.896737759	***	94356	94356
NC_001491.2	+	ORF53.5	1	95968	98004	95968	98004	95968	98004	95968	95968	98004	98004	TRUE	Torma_et_al	95963	95972	CAGE_cluster_732	8	8228.51011937	***	95968	95968
NC_001491.2	+	ORF54	1	96454	99345	96454	99345	96454	99345	96454	96454	99345	99345	TRUE	Torma_et_al	96453	96458	CAGE_cluster_734	9	43094.303212475	***	96454	96454
NC_001491.2	+	ORF54-L1	1	94861	99345	94861	99345	94861	99345	94861	94861	99345	99345	TRUE	Torma_et_al								
NC_001491.2	+	ORF54-L2	1	95199	99345	95199	99345	95199	99345	95199	95199	99345	99345	TRUE	Torma_et_al								
NC_001491.2	+	ORF54-L3	1	95968	99345	95968	99345	95968	99345	95968	95968	99345	99345	TRUE	Torma_et_al	95963	95972	CAGE_cluster_732	8	8228.51011937	***	95968	95968
NC_001491.2	+	ORF54-ORF55-ORF56-ORF57-CX-Canonic	1	96454	105147	96454	105147	96454	105147	96454	96454	105147	105147	TRUE	Torma_et_al	96453	96458	CAGE_cluster_734	9	43094.303212475	***	96454	96454
NC_001491.2	+	ORF54-ORF55-ORF56-ORF57-ORF58-CX-Canonic	1	96454	105836	96454	105836	96454	105836	96454	96454	105836	105836	TRUE	Torma_et_al	96453	96458	CAGE_cluster_734	9	43094.303212475	***	96454	96454
NC_001491.2	+	ORF54-S	1	96925	99345	96925	99345	96925	99345	96925	96925	99345	99345	TRUE	Torma_et_al	96925	96927	CAGE_cluster_740	7	4439.455067837	***	96925	96925
NC_001491.2	+	ORF55-ORF56-ORF57-ORF58-CX-Canonic	1	98261	105836	98261	105836	98261	105836	98261	98261	105836	105836	TRUE	Torma_et_al								
NC_001491.2	+	ORF55-ORF56-ORF57-ORF58-CX-Long	1	98162	105836	98162	105836	98162	105836	98162	98162	105836	105836	TRUE	Torma_et_al								
NC_001491.2	+	ORF55-ORF56-ORF57-ORF58-CX-Long-1	1	97150	105836	97150	105836	97150	105836	97150	97150	105836	105836	TRUE	Torma_et_al								
NC_001491.2	+	ORF55-ORF56-ORF57-ORF58-CX-Long-2	1	97642	105836	97642	105836	97642	105836	97642	97642	105836	105836	TRUE	Torma_et_al								
NC_001491.2	+	ORF55-ORF56-ORF57-ORF58-CX-Short-1	1	98789	105836	98789	105836	98789	105836	98789	98789	105836	105836	TRUE	Torma_et_al								
NC_001491.2	+	ORF55-ORF56-ORF57-ORF58-CX-Short-2	1	99014	105836	99014	105836	99014	105836	99014	99014	105836	105836	TRUE	Torma_et_al								
NC_001491.2	+	ORF55-ORF56-ORF57-ORF58-CX-Short-3	1	99095	105836	99095	105836	99095	105836	99095	99095	105836	105836	TRUE	Torma_et_al								
NC_001491.2	+	ORF55-ORF56-ORF57-ORF58-CX-Short-4	1	99177	105836	99177	105836	99177	105836	99177	99177	105836	105836	TRUE	Torma_et_al								
NC_001491.2	+	ORF55-ORF56-ORF57-ORF58-CX-Short-5	1	98304	105836	98304	105836	98304	105836	98304	98304	105836	105836	TRUE	Torma_et_al								
NC_001491.2	+	ORF55-ORF56-ORF57-ORF58-CX-Short-6	1	98413	105836	98413	105836	98413	105836	98413	98413	105836	105836	TRUE	Torma_et_al								
NC_001491.2	+	ORF56-ORF57-ORF58-CX-Canonic	1	99648	105836	99648	105836	99648	105836	99648	99648	105836	105836	TRUE	Torma_et_al								
NC_001491.2	+	ORF56-ORF57-ORF58-CX-Long	1	99583	105836	99583	105836	99583	105836	99583	99583	105836	105836	TRUE	Torma_et_al								
NC_001491.2	+	ORF56-ORF57-ORF58-CX-Short	1	100129	105836	100129	105836	100129	105836	100129	100129	105836	105836	TRUE	Torma_et_al	100129	100131	CAGE_cluster_766	2	302.909228319	*	100129	100129
NC_001491.2	+	ORF56-ORF57-ORF58-CX-Short-1	1	99859	105836	99859	105836	99859	105836	99859	99859	105836	105836	TRUE	Torma_et_al	99857	99862	CAGE_cluster_761	2	328.80212931	*	99860	99860
NC_001491.2	+	ORF56-ORF57-ORF58-CX-Short-2	1	100060	105836	100060	105836	100060	105836	100060	100060	105836	105836	TRUE	Torma_et_al								
NC_001491.2	+	ORF57	1	102277	105147	102277	105147	102277	105147	102277	102277	105147	105147	TRUE	Torma_et_al	102277	102284	CAGE_cluster_770	7	3594.735700787	***	102278	102278
NC_001491.2	+	ORF57-ORF58-PC-Canonic	1	101606	105836	101606	105836	101606	105836	101606	101606	105836	105836	TRUE	Torma_et_al								
NC_001491.2	+	ORF57-ORF58-PC-Long-1	1	100852	105836	100852	105836	100852	105836	100852	100852	105836	105836	TRUE	Torma_et_al								
NC_001491.2	+	ORF57-ORF58-PC-Long-2	1	101126	105836	101126	105836	101126	105836	101126	101126	105836	105836	TRUE	Torma_et_al								
NC_001491.2	+	ORF57-ORF58-PC-Long-3	1	101331	105836	101331	105836	101331	105836	101331	101331	105836	105836	TRUE	Torma_et_al								
NC_001491.2	+	ORF57-ORF58-PC-Short	1	101690	105836	101690	105836	101690	105836	101690	101690	105836	105836	TRUE	Torma_et_al								
NC_001491.2	+	ORF57-ORF58-PC-Short-2	1	102277	105836	102277	105836	102277	105836	102277	102277	105836	105836	TRUE	Torma_et_al	102277	102284	CAGE_cluster_770	7	3594.735700787	***	102278	102278
NC_001491.2	+	ORF57-ORF58-PC-Short-3	1	102368	105836	102368	105836	102368	105836	102368	102368	105836	105836	TRUE	Torma_et_al								
NC_001491.2	+	ORF57.5	1	103733	105147	103733	105147	103733	105147	103733	103733	105147	105147	TRUE	Torma_et_al	103733	103736	CAGE_cluster_779	8	5103.352589142	***	103733	103733
NC_001491.2	+	ORF57.6	1	104496	105147	104496	105147	104496	105147	104496	104496	105147	105147	TRUE	Torma_et_al	104495	104503	CAGE_cluster_787	7	2318.55775303	***	104496	104496
NC_001491.2	+	ORF57.7	1	104814	105147	104814	105147	104814	105147	104814	104814	105147	105147	TRUE	Torma_et_al								
NC_001491.2	+	ORF58	1	105006	105836	105006	105836	105006	105836	105006	105006	105836	105836	TRUE	Torma_et_al	105003	105009	CAGE_cluster_792	9	17647.951411701	***	105007	105007
NC_001491.2	+	ORF58-L1	1	102672	105836	102672	105836	102672	105836	102672	102672	105836	105836	TRUE	Torma_et_al								
NC_001491.2	+	ORF58-L2	1	103143	105836	103143	105836	103143	105836	103143	103143	105836	105836	TRUE	Torma_et_al								
NC_001491.2	+	ORF58-L3	1	103399	105836	103399	105836	103399	105836	103399	103399	105836	105836	TRUE	Torma_et_al								
NC_001491.2	+	ORF58-L4	1	103733	105836	103733	105836	103733	105836	103733	103733	105836	105836	TRUE	Torma_et_al	103733	103736	CAGE_cluster_779	8	5103.352589142	***	103733	103733
NC_001491.2	+	ORF58.5	1	105456	105836	105456	105836	105456	105836	105456	105456	105836	105836	TRUE	Torma_et_al								
NC_001491.2	+	ORF6-ORF7-ORF8-ORF9-ORF10-ORF11	1	5397	13517	5397	13517	5397	13517	5397	5397	13517	13517	TRUE	Torma_et_al								
NC_001491.2	+	ORF64.1-L1	1	143946	149339	143946	149339	143946	149339	143946	143946	149339	149339	TRUE	Torma_et_al								
NC_001491.2	+	ORF64_2	1	144404	149339	144404	149339	144404	149339	144404	144404	149339	149339	TRUE	Torma_et_al	144378	144404	CAGE_cluster_1039	8	6134.170306508	***	144404	144404
NC_001491.2	+	ORF65	1	121002	122451	121002	122451	121002	122451	121002	121002	122451	122451	TRUE	Torma_et_al	120998	121035	CAGE_cluster_849	9	201992.674786318	***	121002	121002
NC_001491.2	+	ORF65-L1	1	120072	122451	120072	122451	120072	122451	120072	120072	122451	122451	TRUE	Torma_et_al	120065	120072	CAGE_cluster_843	2	663.841797805	*	120067	120067
NC_001491.2	+	ORF65-ORF66-PC	1	120997	123600	120997	123600	120997	123600	120997	120997	123600	123600	TRUE	Torma_et_al								
NC_001491.2	+	ORF65-S	1	121300	122451	121300	122451	121300	122451	121300	121300	122451	122451	TRUE	Torma_et_al	121291	121302	CAGE_cluster_851	4	1098.56362286	**	121291	121291
NC_001491.2	+	ORF66	1	122825	123602	122825	123602	122825	123602	122825	122825	123602	123602	TRUE	Torma_et_al	122821	122826	CAGE_cluster_867	9	12428.941132688	***	122825	122825
NC_001491.2	+	ORF67-ORF68-ORF69-ORF70-ORF71	1	124305	131598	124305	131598	124305	131598	124305	124305	131598	131598	TRUE	Torma_et_al								
NC_001491.2	+	ORF67.1	1	137825	138877	137825	138877	137825	138877	137825	137825	138877	138877	TRUE	Torma_et_al	137801	137970	CAGE_cluster_1007	9	598827.546323734	***	137825	137825
NC_001491.2	+	ORF69	1	126338	127862	126338	127862	126338	127862	126338	126338	127862	127862	TRUE	Torma_et_al	126333	126348	CAGE_cluster_880	9	107934.137304618	***	126338	126338
NC_001491.2	+	ORF69-ORF70-ORF71-PC-Canonic	1	126338	131601	126338	131601	126338	131601	126338	126338	131601	131601	TRUE	Torma_et_al	126333	126348	CAGE_cluster_880	9	107934.137304618	***	126338	126338
NC_001491.2	+	ORF69-ORF70-PC-Canonic	1	126338	128944	126338	128944	126338	128944	126338	126338	128944	128944	TRUE	Torma_et_al	126333	126348	CAGE_cluster_880	9	107934.137304618	***	126338	126338
NC_001491.2	+	ORF7-ORF8-CX-Canonic	1	6466	11067	6466	11067	6466	11067	6466	6466	11067	11067	TRUE	Torma_et_al								
NC_001491.2	+	ORF7-ORF8-CX-Long	1	6149	11067	6149	11067	6149	11067	6149	6149	11067	11067	TRUE	Torma_et_al								
NC_001491.2	+	ORF70	1	127634	128944	127634	128944	127634	128944	127634	127634	128944	128944	TRUE	Torma_et_al	127618	127660	CAGE_cluster_898	9	152043.7160722	***	127634	127634
NC_001491.2	+	ORF70-L1	1	126413	128944	126413	128944	126413	128944	126413	126413	128944	128944	TRUE	Torma_et_al	126412	126416	CAGE_cluster_882	5	1778.254570198	**	126414	126414
NC_001491.2	+	ORF70-L2	1	126875	128944	126875	128944	126875	128944	126875	126875	128944	128944	TRUE	Torma_et_al	126872	126875	CAGE_cluster_890	4	902.101541511	**	126874	126874
NC_001491.2	+	ORF70-ORF71-ORF72-ORF73-PC-Canonic	1	127634	134249	127634	134249	127634	134249	127634	127634	134249	134249	TRUE	Torma_et_al	127618	127660	CAGE_cluster_898	9	152043.7160722	***	127634	127634
NC_001491.2	+	ORF71	1	129051	131601	129051	131601	129051	131601	129051	129051	131601	131601	TRUE	Torma_et_al	129047	129053	CAGE_cluster_919	8	6139.972751222	***	129051	129051
NC_001491.2	+	ORF71-ORF72-ORF73-PC-Canonic	1	129051	134249	129051	134249	129051	134249	129051	129051	134249	134249	TRUE	Torma_et_al	129047	129053	CAGE_cluster_919	8	6139.972751222	***	129051	129051
NC_001491.2	+	ORF71.5	1	131126	131601	131126	131601	131126	131601	131126	131126	131601	131601	TRUE	Torma_et_al								
NC_001491.2	+	ORF72-ORF73-ORF74-ORF75-PC-Canonic	1	130634	136464	130634	136464	130634	136464	130634	130634	136464	136464	TRUE	Torma_et_al	130633	130635	CAGE_cluster_933	4	965.644234754	**	130635	130635
NC_001491.2	+	ORF72-ORF73-PC-Canonic	1	131515	134249	131515	134249	131515	134249	131515	131515	134249	134249	TRUE	Torma_et_al	131507	131515	CAGE_cluster_942	9	9664.660538414	***	131515	131515
NC_001491.2	+	ORF72-ORF73-PC-Long	1	130201	134249	130201	134249	130201	134249	130201	130201	134249	134249	TRUE	Torma_et_al								
NC_001491.2	+	ORF72-ORF73-PC-Long-1	1	129474	134249	129474	134249	129474	134249	129474	129474	134249	134249	TRUE	Torma_et_al								
NC_001491.2	+	ORF72-ORF73-PC-Long-2	1	130020	134249	130020	134249	130020	134249	130020	130020	134249	134249	TRUE	Torma_et_al	130018	130044	CAGE_cluster_927	7	6989.263544277	***	130020	130020
NC_001491.2	+	ORF72-ORF73-PC-Long-3	1	130853	134249	130853	134249	130853	134249	130853	130853	134249	134249	TRUE	Torma_et_al								
NC_001491.2	+	ORF72-ORF73-PC-Long-4	1	131126	134249	131126	134249	131126	134249	131126	131126	134249	134249	TRUE	Torma_et_al								
NC_001491.2	+	ORF72-ORF73-PC-Long-5	1	131035	134249	131035	134249	131035	134249	131035	131035	134249	134249	TRUE	Torma_et_al								
NC_001491.2	+	ORF73	1	132857	134249	132857	134249	132857	134249	132857	132857	134249	134249	TRUE	Torma_et_al	132857	132895	CAGE_cluster_951	8	8359.466436741	***	132880	132880
NC_001491.2	+	ORF73-L1	1	132176	134249	132176	134249	132176	134249	132176	132176	134249	134249	TRUE	Torma_et_al								
NC_001491.2	+	ORF74-ORF75-ORF76-ORF67-PC-Canonic	1	134347	138877	134347	138877	134347	138877	134347	134347	138877	138877	TRUE	Torma_et_al	134335	134350	CAGE_cluster_965	9	78792.579721705	***	134347	134347
NC_001491.2	+	ORF74-ORF75-PC-Canonic	1	134347	136464	134347	136464	134347	136464	134347	134347	136464	136464	TRUE	Torma_et_al	134335	134350	CAGE_cluster_965	9	78792.579721705	***	134347	134347
NC_001491.2	+	ORF75	1	135564	136464	135564	136464	135564	136464	135564	135564	136464	136464	TRUE	Torma_et_al	135558	135634	CAGE_cluster_984	9	215265.606095585	***	135564	135564
NC_001491.2	+	ORF75-ORF76-ORF67-PC-Canonic	1	135564	138877	135564	138877	135564	138877	135564	135564	138877	138877	TRUE	Torma_et_al	135558	135634	CAGE_cluster_984	9	215265.606095585	***	135564	135564
NC_001491.2	+	ORF76-ORF67-PC-Long	1	136555	138877	136555	138877	136555	138877	136555	136555	138877	138877	TRUE	Torma_et_al	136551	136559	CAGE_cluster_993	5	1927.441339375	**	136555	136555
NC_001491.2	+	ORF76-ORF67-PC-Short	1	136601	138877	136601	138877	136601	138877	136601	136601	138877	138877	TRUE	Torma_et_al	136580	136605	CAGE_cluster_994	9	21361.463019243	***	136583	136583
NC_001491.2	+	ORF76-ORF67.1-PC-Canonic	1	136583	138877	136583	138877	136583	138877	136583	136583	138877	138877	TRUE	Torma_et_al	136580	136605	CAGE_cluster_994	9	21361.463019243	***	136583	136583
NC_001491.2	+	ORF8	1	10080	11067	10080	11067	10080	11067	10080	10080	11067	11067	TRUE	Torma_et_al	10049	10103	CAGE_cluster_50	9	23283.930695339	***	10080	10080
NC_001491.2	+	ORF8-L1	1	7110	11067	7110	11067	7110	11067	7110	7110	11067	11067	TRUE	Torma_et_al	7110	7112	CAGE_cluster_36	7	2394.408201308	***	7110	7110
NC_001491.2	+	ORF8-L2	1	7689	11067	7689	11067	7689	11067	7689	7689	11067	11067	TRUE	Torma_et_al	7689	7689	CAGE_cluster_39	1	105.163529288	*	7689	7689
NC_001491.2	+	ORF8-ORF9-ORF10-ORF11-CX-Long	1	7110	13520	7110	13520	7110	13520	7110	7110	13520	13520	TRUE	Torma_et_al	7110	7112	CAGE_cluster_36	7	2394.408201308	***	7110	7110
NC_001491.2	+	ORF8-ORF9-ORF10-ORF11-CX-Short	1	10080	13520	10080	13520	10080	13520	10080	10080	13520	13520	TRUE	Torma_et_al	10049	10103	CAGE_cluster_50	9	23283.930695339	***	10080	10080
NC_001491.2	+	ORF9-ORF10-ORF11-CX-Canonic	1	10875	13520	10875	13520	10875	13520	10875	10875	13520	13520	TRUE	Torma_et_al	10875	10880	CAGE_cluster_56	5	1720.510980111	**	10875	10875
NC_001491.2	+	TR1063	1	96454	105836	96454	96571	96454	105836	96454	96454	105836	96571	FALSE	Torma_et_al	96453	96458	CAGE_cluster_734	9	43094.303212475	***	96454	96454
NC_001491.2	+	TR1063	2	96454	105836	105514	105836	96454	105836	96454	105514	105836	105836	TRUE	Torma_et_al	96453	96458	CAGE_cluster_734	9	43094.303212475	***	96454	96454
NC_001491.2	+	TR1064	1	96454	98004	96454	96571	96454	98004	96454	96454	98004	96571	FALSE	Torma_et_al	96453	96458	CAGE_cluster_734	9	43094.303212475	***	96454	96454
NC_001491.2	+	TR1064	2	96454	98004	96944	98004	96454	98004	96454	96944	98004	98004	TRUE	Torma_et_al	96453	96458	CAGE_cluster_734	9	43094.303212475	***	96454	96454
NC_001491.2	+	TR1065	1	96454	99345	96454	96571	96454	99345	96454	96454	99345	96571	FALSE	Torma_et_al	96453	96458	CAGE_cluster_734	9	43094.303212475	***	96454	96454
NC_001491.2	+	TR1065	2	96454	99345	96944	99345	96454	99345	96454	96944	99345	99345	TRUE	Torma_et_al	96453	96458	CAGE_cluster_734	9	43094.303212475	***	96454	96454
NC_001491.2	+	TR1066	1	96454	105836	96454	96571	96454	105836	96454	96454	105836	96571	FALSE	Torma_et_al	96453	96458	CAGE_cluster_734	9	43094.303212475	***	96454	96454
NC_001491.2	+	TR1066	2	96454	105836	96944	98131	96454	105836	96454	96944	105836	98131	FALSE	Torma_et_al	96453	96458	CAGE_cluster_734	9	43094.303212475	***	96454	96454
NC_001491.2	+	TR1066	3	96454	105836	105514	105836	96454	105836	96454	105514	105836	105836	TRUE	Torma_et_al	96453	96458	CAGE_cluster_734	9	43094.303212475	***	96454	96454
NC_001491.2	+	TR1067	1	96454	99345	96454	96696	96454	99345	96454	96454	99345	96696	FALSE	Torma_et_al	96453	96458	CAGE_cluster_734	9	43094.303212475	***	96454	96454
NC_001491.2	+	TR1067	2	96454	99345	96944	99345	96454	99345	96454	96944	99345	99345	TRUE	Torma_et_al	96453	96458	CAGE_cluster_734	9	43094.303212475	***	96454	96454
NC_001491.2	+	TR1068	1	96454	105836	96454	96696	96454	105836	96454	96454	105836	96696	FALSE	Torma_et_al	96453	96458	CAGE_cluster_734	9	43094.303212475	***	96454	96454
NC_001491.2	+	TR1068	2	96454	105836	96944	98131	96454	105836	96454	96944	105836	98131	FALSE	Torma_et_al	96453	96458	CAGE_cluster_734	9	43094.303212475	***	96454	96454
NC_001491.2	+	TR1068	3	96454	105836	105514	105836	96454	105836	96454	105514	105836	105836	TRUE	Torma_et_al	96453	96458	CAGE_cluster_734	9	43094.303212475	***	96454	96454
NC_001491.2	+	TR1069	1	96454	105836	96454	97269	96454	105836	96454	96454	105836	97269	FALSE	Torma_et_al	96453	96458	CAGE_cluster_734	9	43094.303212475	***	96454	96454
NC_001491.2	+	TR1069	2	96454	105836	97976	98131	96454	105836	96454	97976	105836	98131	FALSE	Torma_et_al	96453	96458	CAGE_cluster_734	9	43094.303212475	***	96454	96454
NC_001491.2	+	TR1069	3	96454	105836	105514	105836	96454	105836	96454	105514	105836	105836	TRUE	Torma_et_al	96453	96458	CAGE_cluster_734	9	43094.303212475	***	96454	96454
NC_001491.2	+	TR1070	1	96454	105836	96454	98131	96454	105836	96454	96454	105836	98131	FALSE	Torma_et_al	96453	96458	CAGE_cluster_734	9	43094.303212475	***	96454	96454
NC_001491.2	+	TR1070	2	96454	105836	102840	105836	96454	105836	96454	102840	105836	105836	TRUE	Torma_et_al	96453	96458	CAGE_cluster_734	9	43094.303212475	***	96454	96454
NC_001491.2	+	TR1071	1	96454	105836	96454	98131	96454	105836	96454	96454	105836	98131	FALSE	Torma_et_al	96453	96458	CAGE_cluster_734	9	43094.303212475	***	96454	96454
NC_001491.2	+	TR1071	2	96454	105836	102840	103769	96454	105836	96454	102840	105836	103769	FALSE	Torma_et_al	96453	96458	CAGE_cluster_734	9	43094.303212475	***	96454	96454
NC_001491.2	+	TR1071	3	96454	105836	105514	105836	96454	105836	96454	105514	105836	105836	TRUE	Torma_et_al	96453	96458	CAGE_cluster_734	9	43094.303212475	***	96454	96454
NC_001491.2	+	TR1072	1	96454	105836	96454	98131	96454	105836	96454	96454	105836	98131	FALSE	Torma_et_al	96453	96458	CAGE_cluster_734	9	43094.303212475	***	96454	96454
NC_001491.2	+	TR1072	2	96454	105836	105514	105836	96454	105836	96454	105514	105836	105836	TRUE	Torma_et_al	96453	96458	CAGE_cluster_734	9	43094.303212475	***	96454	96454
NC_001491.2	+	TR1073	1	96454	105836	96454	98131	96454	105836	96454	96454	105836	98131	FALSE	Torma_et_al	96453	96458	CAGE_cluster_734	9	43094.303212475	***	96454	96454
NC_001491.2	+	TR1073	2	96454	105836	105527	105836	96454	105836	96454	105527	105836	105836	TRUE	Torma_et_al	96453	96458	CAGE_cluster_734	9	43094.303212475	***	96454	96454
NC_001491.2	+	TR1087	1	97088	105836	97088	98131	97088	105836	97088	97088	105836	98131	FALSE	Torma_et_al								
NC_001491.2	+	TR1087	2	97088	105836	105514	105836	97088	105836	97088	105514	105836	105836	TRUE	Torma_et_al								
NC_001491.2	+	TR1119	1	98035	105836	98035	98131	98035	105836	98035	98035	105836	98131	FALSE	Torma_et_al								
NC_001491.2	+	TR1119	2	98035	105836	105514	105836	98035	105836	98035	105514	105836	105836	TRUE	Torma_et_al								
NC_001491.2	+	TR1156	1	103143	105836	103143	104390	103143	105836	103143	103143	105836	104390	FALSE	Torma_et_al								
NC_001491.2	+	TR1156	2	103143	105836	105514	105836	103143	105836	103143	105514	105836	105836	TRUE	Torma_et_al								
NC_001491.2	+	TR1165	1	96454	105836	96454	103769	96454	105836	96454	96454	105836	103769	FALSE	Torma_et_al	96453	96458	CAGE_cluster_734	9	43094.303212475	***	96454	96454
NC_001491.2	+	TR1165	2	96454	105836	105514	105836	96454	105836	96454	105514	105836	105836	TRUE	Torma_et_al	96453	96458	CAGE_cluster_734	9	43094.303212475	***	96454	96454
NC_001491.2	+	TR1166	1	96454	105836	96454	104390	96454	105836	96454	96454	105836	104390	FALSE	Torma_et_al	96453	96458	CAGE_cluster_734	9	43094.303212475	***	96454	96454
NC_001491.2	+	TR1166	2	96454	105836	105514	105836	96454	105836	96454	105514	105836	105836	TRUE	Torma_et_al	96453	96458	CAGE_cluster_734	9	43094.303212475	***	96454	96454
NC_001491.2	+	TR1167	1	96454	98004	96454	96696	96454	98004	96454	96454	98004	96696	FALSE	Torma_et_al	96453	96458	CAGE_cluster_734	9	43094.303212475	***	96454	96454
NC_001491.2	+	TR1167	2	96454	98004	96944	98004	96454	98004	96454	96944	98004	98004	TRUE	Torma_et_al	96453	96458	CAGE_cluster_734	9	43094.303212475	***	96454	96454
NC_001491.2	+	TR1168	1	97150	105836	97150	98131	97150	105836	97150	97150	105836	98131	FALSE	Torma_et_al								
NC_001491.2	+	TR1168	2	97150	105836	105514	105836	97150	105836	97150	105514	105836	105836	TRUE	Torma_et_al								
NC_001491.2	+	TR20	1	103143	105836	103143	103375	103143	105836	103143	103143	105836	103375	FALSE	Torma_et_al								
NC_001491.2	+	TR20	2	103143	105836	105514	105836	103143	105836	103143	105514	105836	105836	TRUE	Torma_et_al								
NC_001491.2	+	TR27	1	118878	119749	118878	119224	118878	119749	118878	118878	119749	119224	FALSE	Torma_et_al	118852	118905	CAGE_cluster_835	9	24468.663319812	***	118878	118878
NC_001491.2	+	TR27	2	118878	119749	119461	119749	118878	119749	118878	119461	119749	119749	TRUE	Torma_et_al	118852	118905	CAGE_cluster_835	9	24468.663319812	***	118878	118878
NC_001491.2	+	TR29	1	119050	119857	119050	119224	119050	119857	119050	119050	119857	119224	FALSE	Torma_et_al								
NC_001491.2	+	TR29	2	119050	119857	119461	119857	119050	119857	119050	119461	119857	119857	TRUE	Torma_et_al								
NC_001491.2	+	TR30	1	120382	122451	120382	121108	120382	122451	120382	120382	122451	121108	FALSE	Torma_et_al	120382	120382	CAGE_cluster_846	1	210.327058576	*	120382	120382
NC_001491.2	+	TR30	2	120382	122451	121287	122451	120382	122451	120382	121287	122451	122451	TRUE	Torma_et_al	120382	120382	CAGE_cluster_846	1	210.327058576	*	120382	120382
NC_001491.2	+	TR34	1	6149	11067	6149	6688	6149	11067	6149	6149	11067	6688	FALSE	Torma_et_al								
NC_001491.2	+	TR34	2	6149	11067	9510	11067	6149	11067	6149	9510	11067	11067	TRUE	Torma_et_al								
NC_001491.2	+	TR40	1	96454	105836	96454	96571	96454	105836	96454	96454	105836	96571	FALSE	Torma_et_al	96453	96458	CAGE_cluster_734	9	43094.303212475	***	96454	96454
NC_001491.2	+	TR40	2	96454	105836	96944	98131	96454	105836	96454	96944	105836	98131	FALSE	Torma_et_al	96453	96458	CAGE_cluster_734	9	43094.303212475	***	96454	96454
NC_001491.2	+	TR40	3	96454	105836	102840	103769	96454	105836	96454	102840	105836	103769	FALSE	Torma_et_al	96453	96458	CAGE_cluster_734	9	43094.303212475	***	96454	96454
NC_001491.2	+	TR40	4	96454	105836	105514	105836	96454	105836	96454	105514	105836	105836	TRUE	Torma_et_al	96453	96458	CAGE_cluster_734	9	43094.303212475	***	96454	96454
NC_001491.2	+	TR41	1	96454	105836	96454	98131	96454	105836	96454	96454	105836	98131	FALSE	Torma_et_al	96453	96458	CAGE_cluster_734	9	43094.303212475	***	96454	96454
NC_001491.2	+	TR41	2	96454	105836	102840	104390	96454	105836	96454	102840	105836	104390	FALSE	Torma_et_al	96453	96458	CAGE_cluster_734	9	43094.303212475	***	96454	96454
NC_001491.2	+	TR41	3	96454	105836	105514	105836	96454	105836	96454	105514	105836	105836	TRUE	Torma_et_al	96453	96458	CAGE_cluster_734	9	43094.303212475	***	96454	96454
NC_001491.2	+	TR468	1	102672	105836	102672	103769	102672	105836	102672	102672	105836	103769	FALSE	Torma_et_al								
NC_001491.2	+	TR468	2	102672	105836	105514	105836	102672	105836	102672	105514	105836	105836	TRUE	Torma_et_al								
NC_001491.2	+	TR524	1	105006	105836	105006	105162	105006	105836	105006	105006	105836	105162	FALSE	Torma_et_al	105003	105009	CAGE_cluster_792	9	17647.951411701	***	105007	105007
NC_001491.2	+	TR524	2	105006	105836	105514	105836	105006	105836	105006	105514	105836	105836	TRUE	Torma_et_al	105003	105009	CAGE_cluster_792	9	17647.951411701	***	105007	105007
NC_001491.2	+	TR544	1	118878	119749	118878	119136	118878	119749	118878	118878	119749	119136	FALSE	Torma_et_al	118852	118905	CAGE_cluster_835	9	24468.663319812	***	118878	118878
NC_001491.2	+	TR544	2	118878	119749	119461	119749	118878	119749	118878	119461	119749	119749	TRUE	Torma_et_al	118852	118905	CAGE_cluster_835	9	24468.663319812	***	118878	118878
NC_001491.2	+	TR545	1	118878	119857	118878	119136	118878	119857	118878	118878	119857	119136	FALSE	Torma_et_al	118852	118905	CAGE_cluster_835	9	24468.663319812	***	118878	118878
NC_001491.2	+	TR545	2	118878	119857	119461	119857	118878	119857	118878	119461	119857	119857	TRUE	Torma_et_al	118852	118905	CAGE_cluster_835	9	24468.663319812	***	118878	118878
NC_001491.2	+	TR546	1	118878	119857	118878	119224	118878	119857	118878	118878	119857	119224	FALSE	Torma_et_al	118852	118905	CAGE_cluster_835	9	24468.663319812	***	118878	118878
NC_001491.2	+	TR546	2	118878	119857	119461	119857	118878	119857	118878	119461	119857	119857	TRUE	Torma_et_al	118852	118905	CAGE_cluster_835	9	24468.663319812	***	118878	118878
NC_001491.2	+	TR551	1	119050	119857	119050	119136	119050	119857	119050	119050	119857	119136	FALSE	Torma_et_al								
NC_001491.2	+	TR551	2	119050	119857	119461	119857	119050	119857	119050	119461	119857	119857	TRUE	Torma_et_al								
NC_001491.2	+	TR561	1	120072	122451	120072	121068	120072	122451	120072	120072	122451	121068	FALSE	Torma_et_al	120065	120072	CAGE_cluster_843	2	663.841797805	*	120067	120067
NC_001491.2	+	TR561	2	120072	122451	121287	122451	120072	122451	120072	121287	122451	122451	TRUE	Torma_et_al	120065	120072	CAGE_cluster_843	2	663.841797805	*	120067	120067
NC_001491.2	+	TR562	1	120072	122451	120072	121108	120072	122451	120072	120072	122451	121108	FALSE	Torma_et_al	120065	120072	CAGE_cluster_843	2	663.841797805	*	120067	120067
NC_001491.2	+	TR562	2	120072	122451	121287	122451	120072	122451	120072	121287	122451	122451	TRUE	Torma_et_al	120065	120072	CAGE_cluster_843	2	663.841797805	*	120067	120067
NC_001491.2	+	TR564	1	120382	122451	120382	121068	120382	122451	120382	120382	122451	121068	FALSE	Torma_et_al	120382	120382	CAGE_cluster_846	1	210.327058576	*	120382	120382
NC_001491.2	+	TR564	2	120382	122451	121287	122451	120382	122451	120382	121287	122451	122451	TRUE	Torma_et_al	120382	120382	CAGE_cluster_846	1	210.327058576	*	120382	120382
NC_001491.2	+	TR565	1	121002	122451	121002	121068	121002	122451	121002	121002	122451	121068	FALSE	Torma_et_al	120998	121035	CAGE_cluster_849	9	201992.674786318	***	121002	121002
NC_001491.2	+	TR565	2	121002	122451	121287	122451	121002	122451	121002	121287	122451	122451	TRUE	Torma_et_al	120998	121035	CAGE_cluster_849	9	201992.674786318	***	121002	121002
NC_001491.2	+	TR566	1	121002	122451	121002	121108	121002	122451	121002	121002	122451	121108	FALSE	Torma_et_al	120998	121035	CAGE_cluster_849	9	201992.674786318	***	121002	121002
NC_001491.2	+	TR566	2	121002	122451	121287	122451	121002	122451	121002	121287	122451	122451	TRUE	Torma_et_al	120998	121035	CAGE_cluster_849	9	201992.674786318	***	121002	121002
NC_001491.2	+	TR848	1	6149	11067	6149	6688	6149	11067	6149	6149	11067	6688	FALSE	Torma_et_al								
NC_001491.2	+	TR848	2	6149	11067	9510	9554	6149	11067	6149	9510	11067	9554	FALSE	Torma_et_al								
NC_001491.2	+	TR848	3	6149	11067	10682	11067	6149	11067	6149	10682	11067	11067	TRUE	Torma_et_al								
NC_001491.2	+	TR877	1	6466	11067	6466	6688	6466	11067	6466	6466	11067	6688	FALSE	Torma_et_al								
NC_001491.2	+	TR877	2	6466	11067	9510	11067	6466	11067	6466	9510	11067	11067	TRUE	Torma_et_al								
NC_001491.2	+	TR878	1	6466	11067	6466	6688	6466	11067	6466	6466	11067	6688	FALSE	Torma_et_al								
NC_001491.2	+	TR878	2	6466	11067	9510	9554	6466	11067	6466	9510	11067	9554	FALSE	Torma_et_al								
NC_001491.2	+	TR878	3	6466	11067	10682	11067	6466	11067	6466	10682	11067	11067	TRUE	Torma_et_al								
NC_001491.2	+	TR886	1	66315	71034	66315	66376	66315	71034	66315	66315	71034	66376	FALSE	Torma_et_al	66315	66318	CAGE_cluster_477	3	1030.020114857	***	66315	66315
NC_001491.2	+	TR886	2	66315	71034	69904	71034	66315	71034	66315	69904	71034	71034	TRUE	Torma_et_al	66315	66318	CAGE_cluster_477	3	1030.020114857	***	66315	66315
NC_001491.2	+	TR888	1	66576	71034	66576	66754	66576	71034	66576	66576	71034	66754	FALSE	Torma_et_al								
NC_001491.2	+	TR888	2	66576	71034	69904	71034	66576	71034	66576	69904	71034	71034	TRUE	Torma_et_al								
NC_001491.2	+	TR889	1	66600	71034	66600	66754	66600	71034	66600	66600	71034	66754	FALSE	Torma_et_al								
NC_001491.2	+	TR889	2	66600	71034	69904	71034	66600	71034	66600	69904	71034	71034	TRUE	Torma_et_al								
NC_001491.2	+	TR891	1	66701	71034	66701	66754	66701	71034	66701	66701	71034	66754	FALSE	Torma_et_al								
NC_001491.2	+	TR891	2	66701	71034	69904	71034	66701	71034	66701	69904	71034	71034	TRUE	Torma_et_al								
NC_001491.2	+	TR894	1	68373	71034	68373	68513	68373	71034	68373	68373	71034	68513	FALSE	Torma_et_al								
NC_001491.2	+	TR894	2	68373	71034	69904	71034	68373	71034	68373	69904	71034	71034	TRUE	Torma_et_al								
NC_001491.2	+	TR912	1	7110	11067	7110	7874	7110	11067	7110	7110	11067	7874	FALSE	Torma_et_al	7110	7112	CAGE_cluster_36	7	2394.408201308	***	7110	7110
NC_001491.2	+	TR912	2	7110	11067	9510	11067	7110	11067	7110	9510	11067	11067	TRUE	Torma_et_al	7110	7112	CAGE_cluster_36	7	2394.408201308	***	7110	7110
NC_001491.2	+	TR929	1	7689	11067	7689	7874	7689	11067	7689	7689	11067	7874	FALSE	Torma_et_al	7689	7689	CAGE_cluster_39	1	105.163529288	*	7689	7689
NC_001491.2	+	TR929	2	7689	11067	9510	11067	7689	11067	7689	9510	11067	11067	TRUE	Torma_et_al	7689	7689	CAGE_cluster_39	1	105.163529288	*	7689	7689
NC_001491.2	+	TR930	1	7689	11067	7689	7874	7689	11067	7689	7689	11067	7874	FALSE	Torma_et_al	7689	7689	CAGE_cluster_39	1	105.163529288	*	7689	7689
NC_001491.2	+	TR930	2	7689	11067	9510	9554	7689	11067	7689	9510	11067	9554	FALSE	Torma_et_al	7689	7689	CAGE_cluster_39	1	105.163529288	*	7689	7689
NC_001491.2	+	TR930	3	7689	11067	10682	11067	7689	11067	7689	10682	11067	11067	TRUE	Torma_et_al	7689	7689	CAGE_cluster_39	1	105.163529288	*	7689	7689
NC_001491.2	+	TR_5229-ORF65-ORF66-PC-Canonic	1	121002	123602	121002	121105	121002	123602	121002	121002	123602	121105	FALSE	Torma_et_al	120998	121035	CAGE_cluster_849	9	201992.674786318	***	121002	121002
NC_001491.2	+	TR_5229-ORF65-ORF66-PC-Canonic	2	121002	123602	121287	123602	121002	123602	121002	121287	123602	123602	TRUE	Torma_et_al	120998	121035	CAGE_cluster_849	9	201992.674786318	***	121002	121002
NC_001491.2	+	as15	1	20396	20968	20396	20968	20396	20968	20396	20396	20968	20968	TRUE	Torma_et_al								
NC_001491.2	+	as17-Canonic	1	23857	24419	23857	24419	23857	24419	23857	23857	24419	24419	TRUE	Torma_et_al								
NC_001491.2	+	as17-Long-3	1	23079	24419	23079	24419	23079	24419	23079	23079	24419	24419	TRUE	Torma_et_al	23079	23079	CAGE_cluster_182	2	309.564999042	*	23079	23079
NC_001491.2	+	as17-Long1	1	23686	24419	23686	24419	23686	24419	23686	23686	24419	24419	TRUE	Torma_et_al								
NC_001491.2	+	as17-Long2	1	23099	24419	23099	24419	23099	24419	23099	23099	24419	24419	TRUE	Torma_et_al								
NC_001491.2	+	as35	1	66315	67175	66315	67175	66315	67175	66315	66315	67175	67175	TRUE	Torma_et_al	66315	66318	CAGE_cluster_477	3	1030.020114857	***	66315	66315
NC_001491.2	+	asORF15-ORF16	1	20457	23721	20457	23721	20457	23721	20457	20457	23721	23721	TRUE	Torma_et_al								
NC_001491.2	+	nct65-Canonic	1	122066	122451	122066	122451	122066	122451	122066	122066	122451	122451	TRUE	Torma_et_al	121909	122130	CAGE_cluster_860	8	12115.533886499	***	121935	121935
NC_001491.2	+	nct65-Long	1	121788	122451	121788	122451	121788	122451	121788	121788	122451	122451	TRUE	Torma_et_al	121767	121848	CAGE_cluster_858	8	6916.887839442	***	121783	121783
NC_001491.2	+	nct65-Short	1	122258	122451	122258	122451	122258	122451	122258	122258	122451	122451	TRUE	Torma_et_al	122244	122310	CAGE_cluster_862	9	12391.898973137	***	122259	122259
NC_001491.2	-	CTO-L	1	73834	74257	73834	74257	73834	74257	74257	74257	73834	73834	TRUE	Torma_et_al	74257	74257	CAGE_cluster_1531	3	414.72852833	**	74257	74257
NC_001491.2	-	CTO-S	1	73834	74183	73834	74183	73834	74183	74183	74183	73834	73834	TRUE	Torma_et_al	73985	74215	CAGE_cluster_1530	9	196155.685728494	***	74183	74183
NC_001491.2	-	NOIR-2-canonic	1	143303	144282	143303	144282	143303	144282	144282	144282	143303	143303	TRUE	Torma_et_al	144255	144308	CAGE_cluster_1896	9	24468.663319812	***	144282	144282
NC_001491.2	-	NOIR-ORF64-CX-Canonic	1	113821	120390	113821	120390	113821	120390	120390	120390	113821	113821	TRUE	Torma_et_al	120389	120391	CAGE_cluster_1789	1	466.272925086	*	120391	120391
NC_001491.2	-	NOIR-ORF65.1	1	140709	144215	140709	144215	140709	144215	144215	144215	140709	140709	TRUE	Torma_et_al								
NC_001491.2	-	ORF10-ORF9-CX-Canonic	1	11064	12728	11064	12728	11064	12728	12728	12728	11064	11064	TRUE	Torma_et_al	12728	12734	CAGE_cluster_1170	1	223.638600022	*	12728	12728
NC_001491.2	-	ORF10-ORF9-CX-Long	1	11064	12785	11064	12785	11064	12785	12785	12785	11064	11064	TRUE	Torma_et_al								
NC_001491.2	-	ORF10-ORF9-CX-Long-2	1	11064	12908	11064	12908	11064	12908	12908	12908	11064	11064	TRUE	Torma_et_al								
NC_001491.2	-	ORF10-ORF9-CX-Long-3	1	11064	13390	11064	13390	11064	13390	13390	13390	11064	11064	TRUE	Torma_et_al								
NC_001491.2	-	ORF11-ORF10-ORF9-CX-Long	1	11064	14907	11064	14907	11064	14907	14907	14907	11064	11064	TRUE	Torma_et_al								
NC_001491.2	-	ORF12-ORF11-ORF10-ORF9-CX-Canonic	1	11064	15699	11064	15699	11064	15699	15699	15699	11064	11064	TRUE	Torma_et_al								
NC_001491.2	-	ORF12-ORF11-ORF10-ORF9-CX-Short	1	11064	15032	11064	15032	11064	15032	15032	15032	11064	11064	TRUE	Torma_et_al	15032	15032	CAGE_cluster_1183	1	105.163529288	*	15032	15032
NC_001491.2	-	ORF12-ORF11-ORF10-ORF9-ORF8-ORF7-ORF6	1	6010	14927	6010	14927	6010	14927	14927	14927	6010	6010	TRUE	Torma_et_al	14926	14955	CAGE_cluster_1182	5	1660.36248233	**	14942	14942
NC_001491.2	-	ORF13-ORF12-ORF11-ORF10-ORF9	1	11121	18207	11121	18207	11121	18207	18207	18207	11121	11121	TRUE	Torma_et_al								
NC_001491.2	-	ORF13-ORF12-ORF11-ORF10-ORF9-ORF8-ORF7-ORF6-ORF5-PC-Canonic	1	4391	19687	4391	19687	4391	19687	19687	19687	4391	4391	TRUE	Torma_et_al	19687	19689	CAGE_cluster_1196	4	1135.183644144	**	19689	19689
NC_001491.2	-	ORF14-ORF13-ORF12-ORF11-ORF10-ORF9-CX-Canonic	1	11062	20338	11062	20338	11062	20338	20338	20338	11062	11062	TRUE	Torma_et_al								
NC_001491.2	-	ORF15	1	20383	21209	20383	21209	20383	21209	21209	21209	20383	20383	TRUE	Torma_et_al	21199	21211	CAGE_cluster_1205	9	21752.110203323	***	21209	21209
NC_001491.2	-	ORF15-L1	1	20383	22415	20383	22415	20383	22415	22415	22415	20383	20383	TRUE	Torma_et_al								
NC_001491.2	-	ORF16-ORF15-PC-Canonic	1	20383	22919	20383	22919	20383	22919	22919	22919	20383	20383	TRUE	Torma_et_al	22890	22923	CAGE_cluster_1219	4	1580.508871167	**	22920	22920
NC_001491.2	-	ORF16-ORF15-PC-Long	1	20383	23631	20383	23631	20383	23631	23631	23631	20383	20383	TRUE	Torma_et_al								
NC_001491.2	-	ORF16-ORF15-PC-Short	1	20383	22893	20383	22893	20383	22893	22893	22893	20383	20383	TRUE	Torma_et_al	22890	22923	CAGE_cluster_1219	4	1580.508871167	**	22920	22920
NC_001491.2	-	ORF17	1	23010	24276	23010	24276	23010	24276	24276	24276	23010	23010	TRUE	Torma_et_al	24275	24281	CAGE_cluster_1227	9	26474.116063206	***	24276	24276
NC_001491.2	-	ORF17-AT	1	22942	24276	22942	24276	22942	24276	24276	24276	22942	22942	TRUE	Torma_et_al	24275	24281	CAGE_cluster_1227	9	26474.116063206	***	24276	24276
NC_001491.2	-	ORF17-ORF16-ORF15-PC-Canonic	1	20383	24276	20383	24276	20383	24276	24276	24276	20383	20383	TRUE	Torma_et_al	24275	24281	CAGE_cluster_1227	9	26474.116063206	***	24276	24276
NC_001491.2	-	ORF17-ORF18-ORF19-ORF20	1	23010	29475	23010	29475	23010	29475	29475	29475	23010	23010	TRUE	Torma_et_al								
NC_001491.2	-	ORF18	1	24413	25769	24413	25769	24413	25769	25769	25769	24413	24413	TRUE	Torma_et_al								
NC_001491.2	-	ORF18-L1	1	24413	26807	24413	26807	24413	26807	26807	26807	24413	24413	TRUE	Torma_et_al								
NC_001491.2	-	ORF18-L2	1	24413	27011	24413	27011	24413	27011	27011	27011	24413	24413	TRUE	Torma_et_al								
NC_001491.2	-	ORF18-L3	1	24413	27731	24413	27731	24413	27731	27731	27731	24413	24413	TRUE	Torma_et_al								
NC_001491.2	-	ORF18-ORF17-ORF16-ORF15-PC-Canonic	1	20383	25769	20383	25769	20383	25769	25769	25769	20383	20383	TRUE	Torma_et_al								
NC_001491.2	-	ORF18-ORF17-PC-Canonic	1	23010	25769	23010	25769	23010	25769	25769	25769	23010	23010	TRUE	Torma_et_al								
NC_001491.2	-	ORF18.5	1	24413	24630	24413	24630	24413	24630	24630	24630	24413	24413	TRUE	Torma_et_al								
NC_001491.2	-	ORF2	1	1918	2672	1918	2672	1918	2672	2672	2672	1918	1918	TRUE	Torma_et_al	2672	2682	CAGE_cluster_1078	9	57730.841172299	***	2672	2672
NC_001491.2	-	ORF20	1	27868	28983	27868	28983	27868	28983	28983	28983	27868	27868	TRUE	Torma_et_al	28942	29006	CAGE_cluster_1254	9	96141.270644719	***	28983	28983
NC_001491.2	-	ORF20-L1	1	27868	30118	27868	30118	27868	30118	30118	30118	27868	27868	TRUE	Torma_et_al								
NC_001491.2	-	ORF20-ORF19-ORF18-ORF17-ORF16-ORF15-CX-Canonic	1	20383	28983	20383	28983	20383	28983	28983	28983	20383	20383	TRUE	Torma_et_al	28942	29006	CAGE_cluster_1254	9	96141.270644719	***	28983	28983
NC_001491.2	-	ORF21-ORF20-PC-Canonic	1	27868	31344	27868	31344	27868	31344	31344	31344	27868	27868	TRUE	Torma_et_al	31310	31364	CAGE_cluster_1279	9	87293.42157783	***	31344	31344
NC_001491.2	-	ORF21-ORF20-PC-Long	1	27868	32808	27868	32808	27868	32808	32808	32808	27868	27868	TRUE	Torma_et_al								
NC_001491.2	-	ORF21-ORF20-PC-Long-2	1	27868	32829	27868	32829	27868	32829	32829	32829	27868	27868	TRUE	Torma_et_al								
NC_001491.2	-	ORF22	1	31489	33053	31489	33053	31489	33053	33053	33053	31489	31489	TRUE	Torma_et_al	33046	33115	CAGE_cluster_1299	9	79435.216240521	***	33051	33051
NC_001491.2	-	ORF22-L1	1	31489	33642	31489	33642	31489	33642	33642	33642	31489	31489	TRUE	Torma_et_al								
NC_001491.2	-	ORF22-L2	1	31489	35022	31489	35022	31489	35022	35022	35022	31489	31489	TRUE	Torma_et_al	35022	35022	CAGE_cluster_1309	1	111.819300011	*	35022	35022
NC_001491.2	-	ORF22-L3	1	31489	35409	31489	35409	31489	35409	35409	35409	31489	31489	TRUE	Torma_et_al								
NC_001491.2	-	ORF22-L4	1	31489	35525	31489	35525	31489	35525	35525	35525	31489	31489	TRUE	Torma_et_al								
NC_001491.2	-	ORF22-ORF21-ORF20-PC-Canonic	1	27868	33053	27868	33053	27868	33053	33053	33053	27868	27868	TRUE	Torma_et_al	33046	33115	CAGE_cluster_1299	9	79435.216240521	***	33051	33051
NC_001491.2	-	ORF23-ORF22-CX-Canonic	1	31489	36847	31489	36847	31489	36847	36847	36847	31489	31489	TRUE	Torma_et_al								
NC_001491.2	-	ORF25	1	46895	47374	46895	47374	46895	47374	47374	47374	46895	46895	TRUE	Torma_et_al	47341	47379	CAGE_cluster_1355	9	140580.608043472	***	47374	47374
NC_001491.2	-	ORF26-ORF25-PC-Canonic	1	46895	48286	46895	48286	46895	48286	48286	48286	46895	46895	TRUE	Torma_et_al	48243	48319	CAGE_cluster_1368	9	183306.123209144	***	48284	48284
NC_001491.2	-	ORF26-ORF25-PC-Long	1	46895	48504	46895	48504	46895	48504	48504	48504	46895	46895	TRUE	Torma_et_al	48504	48506	CAGE_cluster_1370	7	4624.196614647	***	48504	48504
NC_001491.2	-	ORF26-ORF25-PC-Long-2	1	46895	48298	46895	48298	46895	48298	48298	48298	46895	46895	TRUE	Torma_et_al	48243	48319	CAGE_cluster_1368	9	183306.123209144	***	48284	48284
NC_001491.2	-	ORF27-ORF26-ORF25-PC-Canonic	1	46895	49982	46895	49982	46895	49982	49982	49982	46895	46895	TRUE	Torma_et_al								
NC_001491.2	-	ORF27-ORF26-ORF25-PC-Long	1	46895	50520	46895	50520	46895	50520	50520	50520	46895	46895	TRUE	Torma_et_al	50520	50520	CAGE_cluster_1381	1	155.424308362	*	50520	50520
NC_001491.2	-	ORF27-ORF26-ORF25-PC-Long-2	1	46895	50613	46895	50613	46895	50613	50613	50613	46895	46895	TRUE	Torma_et_al								
NC_001491.2	-	ORF28-ORF27-ORF26-ORF25-CX-Canonic	1	46895	50913	46895	50913	46895	50913	50913	50913	46895	46895	TRUE	Torma_et_al								
NC_001491.2	-	ORF29-ORF28-ORF27-ORF26-ORF25-CX-Canonic	1	46895	52259	46895	52259	46895	52259	52259	52259	46895	46895	TRUE	Torma_et_al	52249	52262	CAGE_cluster_1390	5	1595.371420078	**	52260	52260
NC_001491.2	-	ORF3-ORF2-CX-Canonic	1	1918	4226	1918	4226	1918	4226	4226	4226	1918	1918	TRUE	Torma_et_al	4203	4228	CAGE_cluster_1091	9	9681.604499373	***	4226	4226
NC_001491.2	-	ORF3-ORF2-CX-Short	1	1918	4171	1918	4171	1918	4171	4171	4171	1918	1918	TRUE	Torma_et_al	4171	4172	CAGE_cluster_1090	3	755.195961699	**	4171	4171
NC_001491.2	-	ORF30	1	51486	55192	51486	55192	51486	55192	55192	55192	51486	51486	TRUE	Torma_et_al	55168	55205	CAGE_cluster_1417	9	18254.315869814	***	55192	55192
NC_001491.2	-	ORF30-L1	1	51486	55708	51486	55708	51486	55708	55708	55708	51486	51486	TRUE	Torma_et_al	55708	55708	CAGE_cluster_1425	2	466.852265231	*	55708	55708
NC_001491.2	-	ORF30-ORF31-ORF32-ORF33	1	51567	62822	51567	62822	51567	62822	62822	62822	51567	51567	TRUE	Torma_et_al								
NC_001491.2	-	ORF30.5	1	51486	51950	51486	51950	51486	51950	51950	51950	51486	51486	TRUE	Torma_et_al	51950	51954	CAGE_cluster_1386	4	1257.134506731	**	51950	51950
NC_001491.2	-	ORF30.6	1	51486	52259	51486	52259	51486	52259	52259	52259	51486	51486	TRUE	Torma_et_al	52249	52262	CAGE_cluster_1390	5	1595.371420078	**	52260	52260
NC_001491.2	-	ORF31-ORF30-CX-Canonic	1	51486	59824	51486	59824	51486	59824	59824	59824	51486	51486	TRUE	Torma_et_al								
NC_001491.2	-	ORF35	1	65089	68273	65089	68273	65089	68273	68273	68273	65089	65089	TRUE	Torma_et_al								
NC_001491.2	-	ORF35-L1	1	65089	68860	65089	68860	65089	68860	68860	68860	65089	65089	TRUE	Torma_et_al	68847	68860	CAGE_cluster_1494	5	1320.677199974	**	68860	68860
NC_001491.2	-	ORF35-S	1	65089	67484	65089	67484	65089	67484	67484	67484	65089	65089	TRUE	Torma_et_al								
NC_001491.2	-	ORF35.5	1	65089	66263	65089	66263	65089	66263	66263	66263	65089	65089	TRUE	Torma_et_al	66230	66266	CAGE_cluster_1475	9	129341.528625536	***	66263	66263
NC_001491.2	-	ORF35.5-ORF34-CX-Canonic	1	64367	66263	64367	66263	64367	66263	66263	66263	64367	64367	TRUE	Torma_et_al	66230	66266	CAGE_cluster_1475	9	129341.528625536	***	66263	66263
NC_001491.2	-	ORF36	1	67167	69054	67167	69054	67167	69054	69054	69054	67167	67167	TRUE	Torma_et_al	69048	69058	CAGE_cluster_1496	9	28888.189070445	***	69052	69052
NC_001491.2	-	ORF36-L1	1	67167	69363	67167	69363	67167	69363	69363	69363	67167	67167	TRUE	Torma_et_al	69360	69364	CAGE_cluster_1501	6	4426.976824916	***	69363	69363
NC_001491.2	-	ORF36-L2	1	67167	69574	67167	69574	67167	69574	69574	69574	67167	67167	TRUE	Torma_et_al	69574	69574	CAGE_cluster_1505	2	677.153339251	*	69574	69574
NC_001491.2	-	ORF36-ORF35-35.5-PC-Long	1	65089	69363	65089	69363	65089	69363	69363	69363	65089	65089	TRUE	Torma_et_al	69360	69364	CAGE_cluster_1501	6	4426.976824916	***	69363	69363
NC_001491.2	-	ORF36-ORF35-ORF35.5-PC-Canonic	1	65089	69054	65089	69054	65089	69054	69054	69054	65089	65089	TRUE	Torma_et_al	69048	69058	CAGE_cluster_1496	9	28888.189070445	***	69052	69052
NC_001491.2	-	ORF36-ORF35-ORF35.5-PC-Long	1	65089	69244	65089	69244	65089	69244	69244	69244	65089	65089	TRUE	Torma_et_al	69238	69247	CAGE_cluster_1498	3	1096.891400917	***	69244	69244
NC_001491.2	-	ORF36-ORF35-ORF35.5-PC-Short	1	65089	68991	65089	68991	65089	68991	68991	68991	65089	65089	TRUE	Torma_et_al								
NC_001491.2	-	ORF37	1	69068	70113	69068	70113	69068	70113	70113	70113	69068	69068	TRUE	Torma_et_al	70088	70116	CAGE_cluster_1512	9	19588.798271905	***	70113	70113
NC_001491.2	-	ORF37-ORF36-ORF35-ORF35.5-PC-Canonic	1	65089	70113	65089	70113	65089	70113	70113	70113	65089	65089	TRUE	Torma_et_al	70088	70116	CAGE_cluster_1512	9	19588.798271905	***	70113	70113
NC_001491.2	-	ORF37-ORF36-PC-canonic	1	67167	70113	67167	70113	67167	70113	70113	70113	67167	67167	TRUE	Torma_et_al	70088	70116	CAGE_cluster_1512	9	19588.798271905	***	70113	70113
NC_001491.2	-	ORF38-ORF37-CX-Canonic	1	69068	73174	69068	73174	69068	73174	73174	73174	69068	69068	TRUE	Torma_et_al	73174	73174	CAGE_cluster_1526	3	811.6094222	***	73174	73174
NC_001491.2	-	ORF38-ORF37-CX-Short	1	69068	71118	69068	71118	69068	71118	71118	71118	69068	69068	TRUE	Torma_et_al								
NC_001491.2	-	ORF38-ORF37-ORF36-CX-Canonic	1	67167	71118	67167	71118	67167	71118	71118	71118	67167	67167	TRUE	Torma_et_al								
NC_001491.2	-	ORF38-ORF37-ORF36-CX-Long	1	67167	73174	67167	73174	67167	73174	73174	73174	67167	67167	TRUE	Torma_et_al	73174	73174	CAGE_cluster_1526	3	811.6094222	***	73174	73174
NC_001491.2	-	ORF39-ORF38-ORF37-CX-Canonic	1	69068	74183	69068	74183	69068	74183	74183	74183	69068	69068	TRUE	Torma_et_al	73985	74215	CAGE_cluster_1530	9	196155.685728494	***	74183	74183
NC_001491.2	-	ORF39-ORF38-ORF37-ORF36-CX-Canonic	1	67167	74183	67167	74183	67167	74183	74183	74183	67167	67167	TRUE	Torma_et_al	73985	74215	CAGE_cluster_1530	9	196155.685728494	***	74183	74183
NC_001491.2	-	ORF39-ORF38-ORF37-ORF36-ORF35-ORF35.5-PC-Canonic	1	65089	74183	65089	74183	65089	74183	74183	74183	65089	65089	TRUE	Torma_et_al	73985	74215	CAGE_cluster_1530	9	196155.685728494	***	74183	74183
NC_001491.2	-	ORF4	1	3635	4312	3635	4312	3635	4312	4312	4312	3635	3635	TRUE	Torma_et_al	4307	4312	CAGE_cluster_1092	9	42354.110062524	***	4312	4312
NC_001491.2	-	ORF4-ORF3-ORF2-CX-Long-2	1	1918	4338	1918	4338	1918	4338	4338	4338	1918	1918	TRUE	Torma_et_al	4333	4344	CAGE_cluster_1093	8	5607.352135025	***	4338	4338
NC_001491.2	-	ORF4-ORF3-ORF2-CX-Long-3	1	1918	4379	1918	4379	1918	4379	4379	4379	1918	1918	TRUE	Torma_et_al	4374	4382	CAGE_cluster_1094	5	2014.171297978	**	4379	4379
NC_001491.2	-	ORF4-ORF3-ORF2-CX-Long-4	1	1918	5952	1918	5952	1918	5952	5952	5952	1918	1918	TRUE	Torma_et_al	5939	5967	CAGE_cluster_1112	9	69186.87112231	***	5952	5952
NC_001491.2	-	ORF4-ORF3-ORF2-Canonic	1	1918	4312	1918	4312	1918	4312	4312	4312	1918	1918	TRUE	Torma_et_al	4307	4312	CAGE_cluster_1092	9	42354.110062524	***	4312	4312
NC_001491.2	-	ORF40	1	74614	76361	74614	76361	74614	76361	76361	76361	74614	74614	TRUE	Torma_et_al								
NC_001491.2	-	ORF40-AT	1	73834	76272	73834	76272	73834	76272	76272	76272	73834	73834	TRUE	Torma_et_al								
NC_001491.2	-	ORF40-AT2	1	73834	76361	73834	76361	73834	76361	76361	76361	73834	73834	TRUE	Torma_et_al								
NC_001491.2	-	ORF40-AT3	1	73834	76458	73834	76458	73834	76458	76458	76458	73834	73834	TRUE	Torma_et_al								
NC_001491.2	-	ORF40-AT4	1	73834	76917	73834	76917	73834	76917	76917	76917	73834	73834	TRUE	Torma_et_al								
NC_001491.2	-	ORF40-AT5	1	73834	77028	73834	77028	73834	77028	77028	77028	73834	73834	TRUE	Torma_et_al								
NC_001491.2	-	ORF40-AT6	1	73834	77251	73834	77251	73834	77251	77251	77251	73834	73834	TRUE	Torma_et_al	77250	77269	CAGE_cluster_1546	5	2280.852348945	**	77251	77251
NC_001491.2	-	ORF40-AT7	1	73834	77340	73834	77340	73834	77340	77340	77340	73834	73834	TRUE	Torma_et_al								
NC_001491.2	-	ORF40-L1	1	74614	77028	74614	77028	74614	77028	77028	77028	74614	74614	TRUE	Torma_et_al								
NC_001491.2	-	ORF40-L2	1	74614	77251	74614	77251	74614	77251	77251	77251	74614	74614	TRUE	Torma_et_al	77250	77269	CAGE_cluster_1546	5	2280.852348945	**	77251	77251
NC_001491.2	-	ORF40-ORF41-ORF42-CX-ORF43-ORF44	1	73890	85925	73890	85925	73890	85925	85925	85925	73890	73890	TRUE	Torma_et_al	85925	85925	CAGE_cluster_1580	1	111.819300011	*	85925	85925
NC_001491.2	-	ORF44	1	83090	89226	83090	89226	83090	89226	89226	89226	83090	83090	TRUE	Torma_et_al								
NC_001491.2	-	ORF44-ORF46-ORF47-ORF48-ORF49-ORF50-PC-Canonic-ORF51	1	83094	94551	83094	94551	83094	94551	94551	94551	83094	83094	TRUE	Torma_et_al	94524	94552	CAGE_cluster_1630	9	117024.764956876	***	94550	94550
NC_001491.2	-	ORF44-S	1	83090	88988	83090	88988	83090	88988	88988	88988	83090	83090	TRUE	Torma_et_al								
NC_001491.2	-	ORF44.5	1	83090	83510	83090	83510	83090	83510	83510	83510	83090	83090	TRUE	Torma_et_al								
NC_001491.2	-	ORF44.6	1	83090	83961	83090	83961	83090	83961	83961	83961	83090	83090	TRUE	Torma_et_al								
NC_001491.2	-	ORF44.7	1	83090	84687	83090	84687	83090	84687	84687	84687	83090	83090	TRUE	Torma_et_al	84667	84696	CAGE_cluster_1571	7	3175.032342251	***	84687	84687
NC_001491.2	-	ORF5	1	4391	5952	4391	5952	4391	5952	5952	5952	4391	4391	TRUE	Torma_et_al	5939	5967	CAGE_cluster_1112	9	69186.87112231	***	5952	5952
NC_001491.2	-	ORF5-L1	1	4391	6509	4391	6509	4391	6509	6509	6509	4391	4391	TRUE	Torma_et_al								
NC_001491.2	-	ORF5-L2	1	4391	6901	4391	6901	4391	6901	6901	6901	4391	4391	TRUE	Torma_et_al								
NC_001491.2	-	ORF5-ORF4-PC-Canonic	1	3635	5952	3635	5952	3635	5952	5952	5952	3635	3635	TRUE	Torma_et_al	5939	5967	CAGE_cluster_1112	9	69186.87112231	***	5952	5952
NC_001491.2	-	ORF52	1	93031	94747	93031	94747	93031	94747	94747	94747	93031	93031	TRUE	Torma_et_al	94743	94749	CAGE_cluster_1633	9	9746.277418234	***	94747	94747
NC_001491.2	-	ORF52-L1	1	93031	95145	93031	95145	93031	95145	95145	95145	93031	93031	TRUE	Torma_et_al								
NC_001491.2	-	ORF52-L2	1	93031	95921	93031	95921	93031	95921	95921	95921	93031	93031	TRUE	Torma_et_al	95921	95921	CAGE_cluster_1637	1	105.163529288	*	95921	95921
NC_001491.2	-	ORF52-L3	1	93031	96281	93031	96281	93031	96281	96281	96281	93031	93031	TRUE	Torma_et_al								
NC_001491.2	-	ORF52-ORF51-ORF50-ORF49-ORF48-ORF44_47-ORF46-ORF45-CX-Canonic	1	83090	94551	83090	94551	83090	94551	94551	94551	83090	83090	TRUE	Torma_et_al	94524	94552	CAGE_cluster_1630	9	117024.764956876	***	94550	94550
NC_001491.2	-	ORF53-ORF52-CX-Canonic	1	93031	98109	93031	98109	93031	98109	98109	98109	93031	93031	TRUE	Torma_et_al								
NC_001491.2	-	ORF55	1	99349	100462	99349	100462	99349	100462	100462	100462	99349	99349	TRUE	Torma_et_al	100436	100462	CAGE_cluster_1654	9	13512.047141939	***	100462	100462
NC_001491.2	-	ORF55-L1	1	99349	101555	99349	101555	99349	101555	101555	101555	99349	99349	TRUE	Torma_et_al								
NC_001491.2	-	ORF55-ORF56-PC-Canonic	1	99349	102618	99349	102618	99349	102618	102618	102618	99349	99349	TRUE	Torma_et_al								
NC_001491.2	-	ORF55-ORF56-PC-Long	1	99349	103717	99349	103717	99349	103717	103717	103717	99349	99349	TRUE	Torma_et_al								
NC_001491.2	-	ORF56-ORF55-PC-Short	1	99349	102450	99349	102450	99349	102450	102450	102450	99349	99349	TRUE	Torma_et_al								
NC_001491.2	-	ORF59	1	105829	106504	105829	106504	105829	106504	106504	106504	105829	105829	TRUE	Torma_et_al	106503	106534	CAGE_cluster_1689	8	6585.117890563	***	106504	106504
NC_001491.2	-	ORF59-L1	1	105829	106801	105829	106801	105829	106801	106801	106801	105829	105829	TRUE	Torma_et_al	106781	106805	CAGE_cluster_1694	4	822.801285937	**	106805	106805
NC_001491.2	-	ORF59-L2	1	105829	107059	105829	107059	105829	107059	107059	107059	105829	105829	TRUE	Torma_et_al								
NC_001491.2	-	ORF6-ORF4-ORF3-ORF2-CX-Canonic	1	1918	7400	1918	7400	1918	7400	7400	7400	1918	1918	TRUE	Torma_et_al	7400	7407	CAGE_cluster_1125	9	20599.270658559	***	7400	7400
NC_001491.2	-	ORF6-ORF5-ORF4-PC-Canonic	1	3635	7400	3635	7400	3635	7400	7400	7400	3635	3635	TRUE	Torma_et_al	7400	7407	CAGE_cluster_1125	9	20599.270658559	***	7400	7400
NC_001491.2	-	ORF6-ORF5-PC-Long	1	4391	7535	4391	7535	4391	7535	7535	7535	4391	4391	TRUE	Torma_et_al	7535	7538	CAGE_cluster_1127	4	888.236564285	**	7535	7535
NC_001491.2	-	ORF6-ORF5-PC-canonic	1	4391	7400	4391	7400	4391	7400	7400	7400	4391	4391	TRUE	Torma_et_al	7400	7407	CAGE_cluster_1125	9	20599.270658559	***	7400	7400
NC_001491.2	-	ORF60-ORF59-PC-Canonic	1	105829	107137	105829	107137	105829	107137	107137	107137	105829	105829	TRUE	Torma_et_al	107135	107140	CAGE_cluster_1699	9	14846.151271311	***	107137	107137
NC_001491.2	-	ORF60-ORF59-PC-Long	1	105829	107726	105829	107726	105829	107726	107726	107726	105829	105829	TRUE	Torma_et_al	107725	107727	CAGE_cluster_1707	2	565.33403924	*	107725	107725
NC_001491.2	-	ORF60-ORF59-PC-Long-1	1	105829	107626	105829	107626	105829	107626	107626	107626	105829	105829	TRUE	Torma_et_al	107626	107630	CAGE_cluster_1705	4	810.219926392	**	107626	107626
NC_001491.2	-	ORF60-ORF59-PC-Long-2	1	105829	108039	105829	108039	105829	108039	108039	108039	105829	105829	TRUE	Torma_et_al	108039	108039	CAGE_cluster_1711	1	395.491398062	*	108039	108039
NC_001491.2	-	ORF60-ORF59-PC-Long-3	1	105829	107656	105829	107656	105829	107656	107656	107656	105829	105829	TRUE	Torma_et_al								
NC_001491.2	-	ORF61-ORF60-ORF59-PC-Canonic	1	105829	108317	105829	108317	105829	108317	108317	108317	105829	105829	TRUE	Torma_et_al	108282	108341	CAGE_cluster_1716	9	106959.151707728	***	108317	108317
NC_001491.2	-	ORF62-ORF61-ORF60-ORF59-PC-Canonic	1	105829	108732	105829	108732	105829	108732	108732	108732	105829	105829	TRUE	Torma_et_al	108729	108762	CAGE_cluster_1723	9	47799.552804398	***	108732	108732
NC_001491.2	-	ORF62-ORF61-ORF60-ORF59-PC-Long	1	105829	110093	105829	110093	105829	110093	110093	110093	105829	105829	TRUE	Torma_et_al	110091	110110	CAGE_cluster_1727	5	1794.712687153	**	110091	110091
NC_001491.2	-	ORF63	1	110319	112033	110319	112033	110319	112033	112033	112033	110319	110319	TRUE	Torma_et_al	112011	112052	CAGE_cluster_1744	9	56833.789480478	***	112033	112033
NC_001491.2	-	ORF63-L1	1	110319	112623	110319	112623	110319	112623	112623	112623	110319	110319	TRUE	Torma_et_al	112623	112626	CAGE_cluster_1751	7	4447.052856904	***	112626	112626
NC_001491.2	-	ORF64	1	113821	118756	113821	118756	113821	118756	118756	118756	113821	113821	TRUE	Torma_et_al	118756	118782	CAGE_cluster_1782	8	6134.170306508	***	118756	118756
NC_001491.2	-	ORF64-L1	1	113821	119214	113821	119214	113821	119214	119214	119214	113821	113821	TRUE	Torma_et_al								
NC_001491.2	-	ORF65.1	1	140709	142158	140709	142158	140709	142158	142158	142158	140709	140709	TRUE	Torma_et_al	142125	142162	CAGE_cluster_1882	9	200987.609388687	***	142158	142158
NC_001491.2	-	ORF65.1-L1	1	140709	143088	140709	143088	140709	143088	143088	143088	140709	140709	TRUE	Torma_et_al	143088	143095	CAGE_cluster_1888	2	663.841797805	*	143093	143093
NC_001491.2	-	ORF65.1-S	1	140709	141860	140709	141860	140709	141860	141860	141860	140709	140709	TRUE	Torma_et_al	141858	141869	CAGE_cluster_1880	4	1098.56362286	**	141869	141869
NC_001491.2	-	ORF66.1	1	139558	140335	139558	140335	139558	140335	140335	140335	139558	139558	TRUE	Torma_et_al	140334	140339	CAGE_cluster_1864	9	12428.941132688	***	140335	140335
NC_001491.2	-	ORF67	1	124283	125335	124283	125335	124283	125335	125335	125335	124283	124283	TRUE	Torma_et_al	125190	125359	CAGE_cluster_1814	9	599025.292022764	***	125335	125335
NC_001491.2	-	ORF67-ORF68-ORF69-ORF70-ORF71-ORF72-ORF73-ORF74	1	124289	137215	124289	137215	124289	137215	137215	137215	124289	124289	TRUE	Torma_et_al								
NC_001491.2	-	ORF68-ORF67-PC-Canonic	1	124283	126358	124283	126358	124283	126358	126358	126358	124283	124283	TRUE	Torma_et_al	126349	126360	CAGE_cluster_1823	9	11681.601939274	***	126358	126358
NC_001491.2	-	ORF68-ORF67-PC-Long	1	124283	126611	124283	126611	124283	126611	126611	126611	124283	124283	TRUE	Torma_et_al	126611	126611	CAGE_cluster_1824	3	414.72852833	**	126611	126611
NC_001491.2	-	ORF69-ORF68-ORF67-CX-Canonic	1	124283	127577	124283	127577	124283	127577	127577	127577	124283	124283	TRUE	Torma_et_al								
NC_001491.2	-	ORF69-ORF68-ORF67-CX-Long	1	124283	128030	124283	128030	124283	128030	128030	128030	124283	124283	TRUE	Torma_et_al								
NC_001491.2	-	ORF69-ORF68-ORF67-CX-Long-2	1	124283	128110	124283	128110	124283	128110	128110	128110	124283	124283	TRUE	Torma_et_al	128101	128114	CAGE_cluster_1831	3	620.413615766	**	128110	128110
NC_001491.2	-	ORF7-ORF6-ORF5-ORF4-PC-Canonic	1	3635	10331	3635	10331	3635	10331	10331	10331	3635	3635	TRUE	Torma_et_al	10309	10347	CAGE_cluster_1152	8	9141.218838931	***	10329	10329
NC_001491.2	-	ORF7-ORF6-ORF5-PC-Canonic	1	4391	10331	4391	10331	4391	10331	10331	10331	4391	4391	TRUE	Torma_et_al	10309	10347	CAGE_cluster_1152	8	9141.218838931	***	10329	10329
NC_001491.2	-	ORF70-ORF69-ORF68-ORF67-CX	1	124283	129214	124283	129214	124283	129214	129214	129214	124283	124283	TRUE	Torma_et_al								
NC_001491.2	-	ORF9	1	11064	12260	11064	12260	11064	12260	12260	12260	11064	11064	TRUE	Torma_et_al								
NC_001491.2	-	ORF9-ORF8-ORF7-ORF6-ORF5-CX-Canonic	1	4391	12260	4391	12260	4391	12260	12260	12260	4391	4391	TRUE	Torma_et_al								
NC_001491.2	-	TR1146	1	140709	143601	140709	141873	140709	143601	143601	141873	140709	140709	TRUE	Torma_et_al								
NC_001491.2	-	TR1146	2	140709	143601	142052	143601	140709	143601	143601	143601	140709	142052	FALSE	Torma_et_al								
NC_001491.2	-	TR134	1	11064	13390	11064	11596	11064	13390	13390	11596	11064	11064	TRUE	Torma_et_al								
NC_001491.2	-	TR134	2	11064	13390	13134	13390	11064	13390	13390	13390	11064	13134	FALSE	Torma_et_al								
NC_001491.2	-	TR148	1	140709	142158	140709	141873	140709	142158	142158	141873	140709	140709	TRUE	Torma_et_al	142125	142162	CAGE_cluster_1882	9	200987.609388687	***	142158	142158
NC_001491.2	-	TR148	2	140709	142158	142052	142158	140709	142158	142158	142158	140709	142052	FALSE	Torma_et_al	142125	142162	CAGE_cluster_1882	9	200987.609388687	***	142158	142158
NC_001491.2	-	TR150	1	140709	142158	140709	141873	140709	142158	142158	141873	140709	140709	TRUE	Torma_et_al	142125	142162	CAGE_cluster_1882	9	200987.609388687	***	142158	142158
NC_001491.2	-	TR150	2	140709	142158	142092	142158	140709	142158	142158	142158	140709	142092	FALSE	Torma_et_al	142125	142162	CAGE_cluster_1882	9	200987.609388687	***	142158	142158
NC_001491.2	-	TR152	1	140709	142778	140709	141873	140709	142778	142778	141873	140709	140709	TRUE	Torma_et_al	142778	142778	CAGE_cluster_1885	1	210.327058576	*	142778	142778
NC_001491.2	-	TR152	2	140709	142778	142092	142778	140709	142778	142778	142778	140709	142092	FALSE	Torma_et_al	142778	142778	CAGE_cluster_1885	1	210.327058576	*	142778	142778
NC_001491.2	-	TR154	1	140709	143088	140709	141873	140709	143088	143088	141873	140709	140709	TRUE	Torma_et_al	143088	143095	CAGE_cluster_1888	2	663.841797805	*	143093	143093
NC_001491.2	-	TR154	2	140709	143088	142092	143088	140709	143088	143088	143088	140709	142092	FALSE	Torma_et_al	143088	143095	CAGE_cluster_1888	2	663.841797805	*	143093	143093
NC_001491.2	-	TR162	1	143303	144110	143303	143699	143303	144110	144110	143699	143303	143303	TRUE	Torma_et_al								
NC_001491.2	-	TR162	2	143303	144110	144024	144110	143303	144110	144110	144110	143303	144024	FALSE	Torma_et_al								
NC_001491.2	-	TR166	1	143303	144282	143303	143699	143303	144282	144282	143699	143303	143303	TRUE	Torma_et_al	144255	144308	CAGE_cluster_1896	9	24468.663319812	***	144282	144282
NC_001491.2	-	TR166	2	143303	144282	143936	144282	143303	144282	144282	144282	143303	143936	FALSE	Torma_et_al	144255	144308	CAGE_cluster_1896	9	24468.663319812	***	144282	144282
NC_001491.2	-	TR167	1	143303	144282	143303	143699	143303	144282	144282	143699	143303	143303	TRUE	Torma_et_al	144255	144308	CAGE_cluster_1896	9	24468.663319812	***	144282	144282
NC_001491.2	-	TR167	2	143303	144282	144024	144282	143303	144282	144282	144282	143303	144024	FALSE	Torma_et_al	144255	144308	CAGE_cluster_1896	9	24468.663319812	***	144282	144282
NC_001491.2	-	TR168	1	143411	144282	143411	143699	143411	144282	144282	143699	143411	143411	TRUE	Torma_et_al	144255	144308	CAGE_cluster_1896	9	24468.663319812	***	144282	144282
NC_001491.2	-	TR168	2	143411	144282	144024	144282	143411	144282	144282	144282	143411	144024	FALSE	Torma_et_al	144255	144308	CAGE_cluster_1896	9	24468.663319812	***	144282	144282
NC_001491.2	-	TR172	1	11064	14907	11064	11596	11064	14907	14907	11596	11064	11064	TRUE	Torma_et_al								
NC_001491.2	-	TR172	2	11064	14907	13134	13409	11064	14907	14907	13409	11064	13134	FALSE	Torma_et_al								
NC_001491.2	-	TR172	3	11064	14907	14815	14907	11064	14907	14907	14907	11064	14815	FALSE	Torma_et_al								
NC_001491.2	-	TR173	1	11064	14907	11064	13409	11064	14907	14907	13409	11064	11064	TRUE	Torma_et_al								
NC_001491.2	-	TR173	2	11064	14907	14815	14907	11064	14907	14907	14907	11064	14815	FALSE	Torma_et_al								
NC_001491.2	-	TR175	1	11064	15032	11064	11596	11064	15032	15032	11596	11064	11064	TRUE	Torma_et_al	15032	15032	CAGE_cluster_1183	1	105.163529288	*	15032	15032
NC_001491.2	-	TR175	2	11064	15032	13134	13409	11064	15032	15032	13409	11064	13134	FALSE	Torma_et_al	15032	15032	CAGE_cluster_1183	1	105.163529288	*	15032	15032
NC_001491.2	-	TR175	3	11064	15032	14815	15032	11064	15032	15032	15032	11064	14815	FALSE	Torma_et_al	15032	15032	CAGE_cluster_1183	1	105.163529288	*	15032	15032
NC_001491.2	-	TR3	1	140709	142778	140709	141873	140709	142778	142778	141873	140709	140709	TRUE	Torma_et_al	142778	142778	CAGE_cluster_1885	1	210.327058576	*	142778	142778
NC_001491.2	-	TR3	2	140709	142778	142052	142778	140709	142778	142778	142778	140709	142052	FALSE	Torma_et_al	142778	142778	CAGE_cluster_1885	1	210.327058576	*	142778	142778
NC_001491.2	-	TR4	1	140709	143622	140709	141873	140709	143622	143622	141873	140709	140709	TRUE	Torma_et_al								
NC_001491.2	-	TR4	2	140709	143622	142092	143622	140709	143622	143622	143622	140709	142092	FALSE	Torma_et_al								
NC_001491.2	-	TR407	1	83090	84687	83090	84320	83090	84687	84687	84320	83090	83090	TRUE	Torma_et_al	84667	84696	CAGE_cluster_1571	7	3175.032342251	***	84687	84687
NC_001491.2	-	TR407	2	83090	84687	84435	84687	83090	84687	84687	84687	83090	84435	FALSE	Torma_et_al	84667	84696	CAGE_cluster_1571	7	3175.032342251	***	84687	84687
NC_001491.2	-	TR409	1	83090	85121	83090	84320	83090	85121	85121	84320	83090	83090	TRUE	Torma_et_al	85119	85121	CAGE_cluster_1575	3	1937.737764945	***	85121	85121
NC_001491.2	-	TR409	2	83090	85121	84929	85121	83090	85121	85121	85121	83090	84929	FALSE	Torma_et_al	85119	85121	CAGE_cluster_1575	3	1937.737764945	***	85121	85121
NC_001491.2	-	TR412	1	83090	87726	83090	84320	83090	87726	87726	84320	83090	83090	TRUE	Torma_et_al	87726	87726	CAGE_cluster_1586	1	105.163529288	*	87726	87726
NC_001491.2	-	TR412	2	83090	87726	84929	87726	83090	87726	87726	87726	83090	84929	FALSE	Torma_et_al	87726	87726	CAGE_cluster_1586	1	105.163529288	*	87726	87726
NC_001491.2	-	TR414	1	83090	87781	83090	84320	83090	87781	87781	84320	83090	83090	TRUE	Torma_et_al	87768	87793	CAGE_cluster_1587	5	2068.794195224	**	87781	87781
NC_001491.2	-	TR414	2	83090	87781	84929	87781	83090	87781	87781	87781	83090	84929	FALSE	Torma_et_al	87768	87793	CAGE_cluster_1587	5	2068.794195224	**	87781	87781
NC_001491.2	-	TR416	1	83090	88377	83090	84320	83090	88377	88377	84320	83090	83090	TRUE	Torma_et_al	88373	88380	CAGE_cluster_1593	5	1177.808266601	**	88373	88373
NC_001491.2	-	TR416	2	83090	88377	87886	88377	83090	88377	88377	88377	83090	87886	FALSE	Torma_et_al	88373	88380	CAGE_cluster_1593	5	1177.808266601	**	88373	88373
NC_001491.2	-	TR418	1	83090	88988	83090	84320	83090	88988	88988	84320	83090	83090	TRUE	Torma_et_al								
NC_001491.2	-	TR418	2	83090	88988	87886	88988	83090	88988	88988	88988	83090	87886	FALSE	Torma_et_al								
NC_001491.2	-	TR419	1	83090	89226	83090	84320	83090	89226	89226	84320	83090	83090	TRUE	Torma_et_al								
NC_001491.2	-	TR419	2	83090	89226	87886	89226	83090	89226	89226	89226	83090	87886	FALSE	Torma_et_al								
NC_001491.2	-	TR421	1	83090	90427	83090	84320	83090	90427	90427	84320	83090	83090	TRUE	Torma_et_al	90427	90430	CAGE_cluster_1601	2	960.522205515	*	90427	90427
NC_001491.2	-	TR421	2	83090	90427	89992	90427	83090	90427	90427	90427	83090	89992	FALSE	Torma_et_al	90427	90430	CAGE_cluster_1601	2	960.522205515	*	90427	90427
NC_001491.2	-	TR423	1	83090	92062	83090	84320	83090	92062	92062	84320	83090	83090	TRUE	Torma_et_al								
NC_001491.2	-	TR423	2	83090	92062	91889	92062	83090	92062	92062	92062	83090	91889	FALSE	Torma_et_al								
NC_001491.2	-	TR424	1	83090	92179	83090	84320	83090	92179	92179	84320	83090	83090	TRUE	Torma_et_al								
NC_001491.2	-	TR424	2	83090	92179	91889	92179	83090	92179	92179	92179	83090	91889	FALSE	Torma_et_al								
NC_001491.2	-	TR5	1	143303	144110	143303	143699	143303	144110	144110	143699	143303	143303	TRUE	Torma_et_al								
NC_001491.2	-	TR5	2	143303	144110	143936	144110	143303	144110	144110	144110	143303	143936	FALSE	Torma_et_al								
NC_001491.2	-	TR7	1	143411	144282	143411	143699	143411	144282	144282	143699	143411	143411	TRUE	Torma_et_al	144255	144308	CAGE_cluster_1896	9	24468.663319812	***	144282	144282
NC_001491.2	-	TR7	2	143411	144282	143936	144282	143411	144282	144282	144282	143411	143936	FALSE	Torma_et_al	144255	144308	CAGE_cluster_1896	9	24468.663319812	***	144282	144282
NC_001491.2	-	TR8	1	11064	15032	11064	13409	11064	15032	15032	13409	11064	11064	TRUE	Torma_et_al	15032	15032	CAGE_cluster_1183	1	105.163529288	*	15032	15032
NC_001491.2	-	TR8	2	11064	15032	14815	15032	11064	15032	15032	15032	11064	14815	FALSE	Torma_et_al	15032	15032	CAGE_cluster_1183	1	105.163529288	*	15032	15032
NC_001491.2	-	TR_5240-ORF65.1-ORF64.1-PC-Canonic	1	139558	142158	139558	141873	139558	142158	142158	141873	139558	139558	TRUE	Torma_et_al	142125	142162	CAGE_cluster_1882	9	200987.609388687	***	142158	142158
NC_001491.2	-	TR_5240-ORF65.1-ORF64.1-PC-Canonic	2	139558	142158	142092	142158	139558	142158	142158	142158	139558	142092	FALSE	Torma_et_al	142125	142162	CAGE_cluster_1882	9	200987.609388687	***	142158	142158
NC_001491.2	-	TR_5972-ORF40-CTO-ORF39-ORF38-ORF37-CX-Canonic	1	69068	76361	69068	76361	69068	76361	76361	76361	69068	69068	TRUE	Torma_et_al								
NC_001491.2	-	as18-Long	1	34959	35409	34959	35409	34959	35409	35409	35409	34959	34959	TRUE	Torma_et_al								
NC_001491.2	-	as18-canonic	1	34959	35525	34959	35525	34959	35525	35525	35525	34959	34959	TRUE	Torma_et_al								
NC_001491.2	-	as23	1	52040	55141	52040	55141	52040	55141	55141	55141	52040	52040	TRUE	Torma_et_al								
NC_001491.2	-	as24-AT	1	42724	43519	42724	43519	42724	43519	43519	43519	42724	42724	TRUE	Torma_et_al	43502	43524	CAGE_cluster_1327	3	668.660595257	**	43519	43519
NC_001491.2	-	as24-Canonic	1	41728	43519	41728	43519	41728	43519	43519	43519	41728	41728	TRUE	Torma_et_al	43502	43524	CAGE_cluster_1327	3	668.660595257	**	43519	43519
NC_001491.2	-	as27	1	61214	61815	61214	61815	61214	61815	61815	61815	61214	61214	TRUE	Torma_et_al								
NC_001491.2	-	as32-Canonic	1	58078	59824	58078	59824	58078	59824	59824	59824	58078	58078	TRUE	Torma_et_al								
NC_001491.2	-	as32-Long1	1	58078	61090	58078	61090	58078	61090	61090	61090	58078	58078	TRUE	Torma_et_al	61087	61093	CAGE_cluster_1443	4	1547.065164335	**	61087	61087
NC_001491.2	-	as32-Long2	1	58078	61257	58078	61257	58078	61257	61257	61257	58078	58078	TRUE	Torma_et_al	61257	61257	CAGE_cluster_1445	5	1240.65040522	**	61257	61257
NC_001491.2	-	as32-Long3	1	58078	61815	58078	61815	58078	61815	61815	61815	58078	58078	TRUE	Torma_et_al								
NC_001491.2	-	as32-Long4	1	58078	63941	58078	63941	58078	63941	63941	63941	58078	58078	TRUE	Torma_et_al								
NC_001491.2	-	as34	1	64367	65066	64367	65066	64367	65066	65066	65066	64367	64367	TRUE	Torma_et_al	65066	65083	CAGE_cluster_1458	3	763.079738271	**	65066	65066
NC_001491.2	-	as43	1	81889	82583	81889	82583	81889	82583	82583	82583	81889	81889	TRUE	Torma_et_al								
NC_001491.2	-	as49-48	1	89245	90427	89245	90427	89245	90427	90427	90427	89245	89245	TRUE	Torma_et_al	90427	90430	CAGE_cluster_1601	2	960.522205515	*	90427	90427
NC_001491.2	-	as54	1	99190	99332	99190	99332	99190	99332	99332	99332	99190	99190	TRUE	Torma_et_al								
NC_001491.2	-	as70-Canonic	1	127858	128110	127858	128110	127858	128110	128110	128110	127858	127858	TRUE	Torma_et_al	128101	128114	CAGE_cluster_1831	3	620.413615766	**	128110	128110
NC_001491.2	-	as70-Short	1	127858	128030	127858	128030	127858	128030	128030	128030	127858	127858	TRUE	Torma_et_al								
NC_001491.2	-	as72-AT	1	132040	132362	132040	132362	132040	132362	132362	132362	132040	132040	TRUE	Torma_et_al								
NC_001491.2	-	as72-Canonic	1	131771	132362	131771	132362	131771	132362	132362	132362	131771	131771	TRUE	Torma_et_al								
NC_001491.2	-	as74	1	134210	135508	134210	135508	134210	135508	135508	135508	134210	134210	TRUE	Torma_et_al								
NC_001491.2	-	as9	1	14922	15699	14922	15699	14922	15699	15699	15699	14922	14922	TRUE	Torma_et_al								
NC_001491.2	-	ncss65.1	1	140709	140902	140709	140902	140709	140902	140902	140902	140709	140709	TRUE	Torma_et_al	140850	140916	CAGE_cluster_1869	9	12391.898973137	***	140901	140901
NC_001491.2	-	nct55	1	99349	99510	99349	99510	99349	99510	99510	99510	99349	99349	TRUE	Torma_et_al	99510	99512	CAGE_cluster_1648	2	593.237097093	*	99510	99510
NC_001491.2	-	nct65.1-Canonic	1	140709	141094	140709	141094	140709	141094	141094	141094	140709	140709	TRUE	Torma_et_al	141030	141251	CAGE_cluster_1871	8	12115.533886499	***	141225	141225
NC_001491.2	-	nct65.1-Long	1	140709	141372	140709	141372	140709	141372	141372	141372	140709	140709	TRUE	Torma_et_al	141312	141393	CAGE_cluster_1873	8	6916.887839442	***	141377	141377
